Headquarters.Location - Split 1,Id,Latitude (generated),Longitude (generated)
Los Angeles,1,34.0544,-118.2439
Newport Beach,2,33.617,-117.9294
Los Angeles,3,34.0544,-118.2439
Manhattan Beach,4,33.8951,-118.4
Santa Monica,5,34.0196,-118.487
Santa Monica,6,34.0196,-118.487
Los Angeles,7,34.0544,-118.2439
Los Angeles,8,34.0544,-118.2439
Los Angeles,9,34.0544,-118.2439
Los Angeles,10,34.0544,-118.2439
Santa Monica,11,34.0196,-118.487
Huntington Beach,12,33.6781,-118
Culver City,13,34.0211,-118.3965
Santa Monica,14,34.0196,-118.487
West Hollywood,15,34.0888,-118.3793
Santa Monica,16,34.0196,-118.487
Venice,17,33.995,-118.4669
West Hollywood,18,34.0888,-118.3793
Irvine,19,33.6857,-117.826
Santa Monica,20,34.0196,-118.487
Culver City,21,34.0211,-118.3965
Hawthorne,22,33.9113,-118.3478
Irvine,23,33.6857,-117.826
Irvine,24,33.6857,-117.826
Culver City,25,34.0211,-118.3965
Santa Monica,26,34.0196,-118.487
Santa Monica,27,34.0196,-118.487
Santa Monica,28,34.0196,-118.487
Long Beach,29,33.7775,-118.1885
Inglewood,30,33.9617,-118.3531
West Hollywood,31,34.0888,-118.3793
Irvine,32,33.6857,-117.826
Culver City,33,34.0211,-118.3965
Orange,34,33.7873,-117.8503
Los Angeles,35,34.0544,-118.2439
Los Angeles,36,34.0544,-118.2439
Woodland Hills,37,34.1683,-118.6059
Santa Monica,38,34.0196,-118.487
Los Angeles,39,34.0544,-118.2439
Los Angeles,40,34.0544,-118.2439
Santa Monica,41,34.0196,-118.487
Los Angeles,42,34.0544,-118.2439
West Hollywood,43,34.0888,-118.3793
Santa Monica,44,34.0196,-118.487
Irvine,45,33.6857,-117.826
Los Angeles,46,34.0544,-118.2439
Ventura,47,34.2783,-119.2932
Santa Monica,48,34.0196,-118.487
Venice,49,33.995,-118.4669
Los Angeles,50,34.0544,-118.2439
Los Angeles,51,34.0544,-118.2439
Culver City,52,34.0211,-118.3965
Glendale,53,34.1423,-118.2484
Pasadena,54,34.1476,-118.1445
Los Angeles,55,34.0544,-118.2439
Woodland Hills,56,34.1683,-118.6059
Los Angeles,57,34.0544,-118.2439
Marina Del Rey,58,33.98,-118.46
West Hollywood,59,34.0888,-118.3793
Los Angeles,60,34.0544,-118.2439
Santa Monica,61,34.0196,-118.487
Culver City,62,34.0211,-118.3965
Santa Monica,63,34.0196,-118.487
Venice,64,33.995,-118.4669
Los Angeles,65,34.0544,-118.2439
Culver City,66,34.0211,-118.3965
Costa Mesa,67,33.6633,-117.9033
Irvine,68,33.6857,-117.826
Culver City,69,34.0211,-118.3965
El Segundo,70,33.9122,-118.383
El Segundo,71,33.9122,-118.383
Los Angeles,72,34.0544,-118.2439
Pasadena,73,34.1476,-118.1445
West Hollywood,74,34.0888,-118.3793
Los Angeles,75,34.0544,-118.2439
Santa Monica,76,34.0196,-118.487
Santa Monica,77,34.0196,-118.487
Culver City,78,34.0211,-118.3965
Woodland Hills,79,34.1683,-118.6059
Los Angeles,80,34.0544,-118.2439
Santa Monica,81,34.0196,-118.487
Los Angeles,82,34.0544,-118.2439
Glendale,83,34.1423,-118.2484
Huntington Beach,84,33.6781,-118
Irvine,85,33.6857,-117.826
Long Beach,86,33.7775,-118.1885
Cerritos,87,33.8644,-118.0539
Los Angeles,88,34.0544,-118.2439
Los Angeles,89,34.0544,-118.2439
Playa Vista,90,33.9728,-118.4276
Sherman Oaks,91,34.1509,-118.449
Pasadena,92,34.1476,-118.1445
Los Angeles,93,34.0544,-118.2439
Santa Monica,94,34.0196,-118.487
Los Angeles,95,34.0544,-118.2439
Santa Monica,96,34.0196,-118.487
Los Angeles,97,34.0544,-118.2439
Glendale,98,34.1423,-118.2484
Los Angeles,99,34.0544,-118.2439
Playa Vista,100,33.9728,-118.4276
Venice,101,33.995,-118.4669
Culver City,102,34.0211,-118.3965
Santa Monica,103,34.0196,-118.487
Los Angeles,104,34.0544,-118.2439
Los Angeles,105,34.0544,-118.2439
El Segundo,106,33.9122,-118.383
Los Angeles,107,34.0544,-118.2439
Los Angeles,108,34.0544,-118.2439
Los Angeles,109,34.0544,-118.2439
Los Angeles,110,34.0544,-118.2439
Santa Monica,111,34.0196,-118.487
Los Angeles,112,34.0544,-118.2439
Pasadena,113,34.1476,-118.1445
West Hollywood,114,34.0888,-118.3793
Los Angeles,115,34.0544,-118.2439
Glendale,116,34.1423,-118.2484
Laguna Niguel,117,33.5225,-117.7076
Santa Monica,118,34.0196,-118.487
West Hollywood,119,34.0888,-118.3793
Venice,120,33.995,-118.4669
Santa Monica,121,34.0196,-118.487
Culver City,122,34.0211,-118.3965
Los Angeles,123,34.0544,-118.2439
Santa Monica,124,34.0196,-118.487
Los Angeles,125,34.0544,-118.2439
Burbank,126,34.1816,-118.3259
Santa Monica,127,34.0196,-118.487
Monrovia,128,34.1483,-118.0015
Venice,129,33.995,-118.4669
Los Angeles,130,34.0544,-118.2439
Los Angeles,131,34.0544,-118.2439
Los Angeles,132,34.0544,-118.2439
Marina Del Rey,133,33.98,-118.46
Century City,134,34.0544,-118.2439
Newport Beach,135,33.617,-117.9294
Burbank,136,34.1816,-118.3259
Santa Monica,137,34.0196,-118.487
Anaheim,138,33.8348,-117.9117
Los Angeles,139,34.0544,-118.2439
Glendale,140,34.1423,-118.2484
Calabasas,141,34.1447,-118.6441
Los Angeles,142,34.0544,-118.2439
Santa Monica,143,34.0196,-118.487
Los Angeles,144,34.0544,-118.2439
Santa Monica,145,34.0196,-118.487
Santa Monica,146,34.0196,-118.487
Irvine,147,33.6857,-117.826
El Segundo,148,33.9122,-118.383
Los Angeles,149,34.0544,-118.2439
Santa Monica,150,34.0196,-118.487
Los Angeles,151,34.0544,-118.2439
Irvine,152,33.6857,-117.826
Irvine,153,33.6857,-117.826
Santa Monica,154,34.0196,-118.487
Burbank,155,34.1816,-118.3259
Marina Del Rey,156,33.98,-118.46
Los Angeles,157,34.0544,-118.2439
Santa Monica,158,34.0196,-118.487
Venice,159,33.995,-118.4669
Glendale,160,34.1423,-118.2484
Los Angeles,161,34.0544,-118.2439
Aliso Viejo,162,33.5761,-117.7258
Los Angeles,163,34.0544,-118.2439
Santa Monica,164,34.0196,-118.487
Beverly Hills,165,34.0736,-118.4004
Los Angeles,166,34.0544,-118.2439
Irvine,167,33.6857,-117.826
El Segundo,168,33.9122,-118.383
Los Angeles,169,34.0544,-118.2439
San Clemente,170,33.427,-117.6124
Los Angeles,171,34.0544,-118.2439
Los Angeles,172,34.0544,-118.2439
Santa Monica,173,34.0196,-118.487
Irvine,174,33.6857,-117.826
Los Angeles,175,34.0544,-118.2439
Los Angeles,176,34.0544,-118.2439
El Segundo,177,33.9122,-118.383
Los Angeles,178,34.0544,-118.2439
Santa Monica,179,34.0196,-118.487
Los Angeles,180,34.0544,-118.2439
Sherman Oaks,181,34.1509,-118.449
Santa Monica,182,34.0196,-118.487
Riverside,183,33.9534,-117.3962
Los Angeles,184,34.0544,-118.2439
Irvine,185,33.6857,-117.826
Culver City,186,34.0211,-118.3965
Playa Vista,187,33.9728,-118.4276
Santa Monica,188,34.0196,-118.487
Los Angeles,189,34.0544,-118.2439
Laguna Hills,190,33.5949,-117.6882
West Hollywood,191,34.0888,-118.3793
West Hollywood,192,34.0888,-118.3793
Pasadena,193,34.1476,-118.1445
Santa Monica,194,34.0196,-118.487
El Segundo,195,33.9122,-118.383
Glendale,196,34.1423,-118.2484
Santa Monica,197,34.0196,-118.487
Sherman Oaks,198,34.1509,-118.449
Los Angeles,199,34.0544,-118.2439
Culver City,200,34.0211,-118.3965
Los Angeles,201,34.0544,-118.2439
West Hollywood,202,34.0888,-118.3793
Culver City,203,34.0211,-118.3965
Venice,204,33.995,-118.4669
Los Angeles,205,34.0544,-118.2439
Los Angeles,206,34.0544,-118.2439
Los Angeles,207,34.0544,-118.2439
El Segundo,208,33.9122,-118.383
Culver City,209,34.0211,-118.3965
Santa Monica,210,34.0196,-118.487
El Segundo,211,33.9122,-118.383
Marina Del Rey,212,33.98,-118.46
Laguna Hills,213,33.5949,-117.6882
Aliso Viejo,214,33.5761,-117.7258
Newport Beach,215,33.617,-117.9294
Aliso Viejo,216,33.5761,-117.7258
Commerce,217,34.0024,-118.1563
North Hollywood,218,34.1729,-118.374
Costa Mesa,219,33.6633,-117.9033
Los Angeles,220,34.0544,-118.2439
Los Angeles,221,34.0544,-118.2439
Laguna Hills,222,33.5949,-117.6882
Santa Monica,223,34.0196,-118.487
Venice,224,33.995,-118.4669
Los Angeles,225,34.0544,-118.2439
Santa Monica,226,34.0196,-118.487
Los Angeles,227,34.0544,-118.2439
Los Angeles,228,34.0544,-118.2439
Aliso Viejo,229,33.5761,-117.7258
Los Angeles,230,34.0544,-118.2439
Los Angeles,231,34.0544,-118.2439
Los Angeles,232,34.0544,-118.2439
Malibu,233,34.0058,-118.807
Culver City,234,34.0211,-118.3965
Los Angeles,235,34.0544,-118.2439
Costa Mesa,236,33.6633,-117.9033
Los Angeles,237,34.0544,-118.2439
Los Angeles,238,34.0544,-118.2439
Los Angeles,239,34.0544,-118.2439
Culver City,240,34.0211,-118.3965
Los Angeles,241,34.0544,-118.2439
Los Angeles,242,34.0544,-118.2439
Culver City,243,34.0211,-118.3965
Los Angeles,244,34.0544,-118.2439
Santa Monica,245,34.0196,-118.487
Santa Monica,246,34.0196,-118.487
Culver City,247,34.0211,-118.3965
Los Angeles,248,34.0544,-118.2439
Santa Monica,249,34.0196,-118.487
Los Angeles,250,34.0544,-118.2439
Los Angeles,251,34.0544,-118.2439
Los Angeles,252,34.0544,-118.2439
Los Angeles,253,34.0544,-118.2439
Irvine,254,33.6857,-117.826
Los Angeles,255,34.0544,-118.2439
Sylmar,256,34.3076,-118.4492
Marina Del Rey,257,33.98,-118.46
El Segundo,258,33.9122,-118.383
Glendale,259,34.1423,-118.2484
Marina Del Rey,260,33.98,-118.46
El Segundo,261,33.9122,-118.383
Westlake Village,262,34.1519,-118.8276
Santa Monica,263,34.0196,-118.487
Culver City,264,34.0211,-118.3965
Long Beach,265,33.7775,-118.1885
El Segundo,266,33.9122,-118.383
Los Angeles,267,34.0544,-118.2439
Santa Monica,268,34.0196,-118.487
Santa Monica,269,34.0196,-118.487
Santa Monica,270,34.0196,-118.487
Los Angeles,271,34.0544,-118.2439
Los Angeles,272,34.0544,-118.2439
Santa Monica,273,34.0196,-118.487
Playa Vista,274,33.9728,-118.4276
Los Angeles,275,34.0544,-118.2439
Santa Monica,276,34.0196,-118.487
Santa Monica,277,34.0196,-118.487
Los Angeles,278,34.0544,-118.2439
Santa Monica,279,34.0196,-118.487
Santa Monica,280,34.0196,-118.487
Diamond Bar,281,34.0286,-117.8103
Newport Beach,282,33.617,-117.9294
Los Angeles,283,34.0544,-118.2439
Marina Del Rey,284,33.98,-118.46
Westlake Village,285,34.1519,-118.8276
Irvine,286,33.6857,-117.826
Los Angeles,287,34.0544,-118.2439
Los Angeles,288,34.0544,-118.2439
Santa Monica,289,34.0196,-118.487
Venice,290,33.995,-118.4669
Los Angeles,291,34.0544,-118.2439
Santa Monica,292,34.0196,-118.487
Santa Monica,293,34.0196,-118.487
Los Angeles,294,34.0544,-118.2439
Los Angeles,295,34.0544,-118.2439
Aliso Viejo,296,33.5761,-117.7258
Foothill Ranch,297,33.6838,-117.6622
Santa Monica,298,34.0196,-118.487
Beverly Hills,299,34.0736,-118.4004
Los Angeles,300,34.0544,-118.2439
Los Angeles,301,34.0544,-118.2439
Manhattan Beach,302,33.8951,-118.4
Irvine,303,33.6857,-117.826
Los Angeles,304,34.0544,-118.2439
Irvine,305,33.6857,-117.826
Los Angeles,306,34.0544,-118.2439
Los Angeles,307,34.0544,-118.2439
Los Angeles,308,34.0544,-118.2439
Santa Monica,309,34.0196,-118.487
Torrance,310,33.8358,-118.3406
Los Angeles,311,34.0544,-118.2439
Orange,312,33.7873,-117.8503
Los Angeles,313,34.0544,-118.2439
Long Beach,314,33.7775,-118.1885
Los Angeles,315,34.0544,-118.2439
Santa Monica,316,34.0196,-118.487
Venice,317,33.995,-118.4669
Culver City,318,34.0211,-118.3965
Los Angeles,319,34.0544,-118.2439
Venice,320,33.995,-118.4669
Los Angeles,321,34.0544,-118.2439
Santa Monica,322,34.0196,-118.487
Los Angeles,323,34.0544,-118.2439
Santa Monica,324,34.0196,-118.487
Irvine,325,33.6857,-117.826
Los Angeles,326,34.0544,-118.2439
Los Angeles,327,34.0544,-118.2439
Los Angeles,328,34.0544,-118.2439
Culver City,329,34.0211,-118.3965
El Segundo,330,33.9122,-118.383
Santa Monica,331,34.0196,-118.487
Santa Monica,332,34.0196,-118.487
Westlake Village,333,34.1519,-118.8276
Irvine,334,33.6857,-117.826
Los Angeles,335,34.0544,-118.2439
Los Angeles,336,34.0544,-118.2439
Los Angeles,337,34.0544,-118.2439
Beverly Hills,338,34.0736,-118.4004
Santa Monica,339,34.0196,-118.487
Santa Monica,340,34.0196,-118.487
Los Angeles,341,34.0544,-118.2439
Los Angeles,342,34.0544,-118.2439
Marina Del Rey,343,33.98,-118.46
Sherman Oaks,344,34.1509,-118.449
Los Angeles,345,34.0544,-118.2439
Alhambra,346,34.0927,-118.1268
Aliso Viejo,347,33.5761,-117.7258
Irvine,348,33.6857,-117.826
Los Angeles,349,34.0544,-118.2439
Los Angeles,350,34.0544,-118.2439
Los Angeles,351,34.0544,-118.2439
Lake Forest,352,33.647,-117.6892
Garden Grove,353,33.7746,-117.9464
Los Angeles,354,34.0544,-118.2439
Santa Monica,355,34.0196,-118.487
Los Angeles,356,34.0544,-118.2439
Irvine,357,33.6857,-117.826
Santa Monica,358,34.0196,-118.487
Los Angeles,359,34.0544,-118.2439
Sherman Oaks,360,34.1509,-118.449
Venice,361,33.995,-118.4669
Santa Monica,362,34.0196,-118.487
Los Angeles,363,34.0544,-118.2439
Walnut,364,34.0203,-117.8653
Los Angeles,365,34.0544,-118.2439
Encino,366,34.1591,-118.5016
Los Angeles,367,34.0544,-118.2439
Culver City,368,34.0211,-118.3965
Los Angeles,369,34.0544,-118.2439
Santa Monica,370,34.0196,-118.487
Beverly Hills,371,34.0736,-118.4004
El Segundo,372,33.9122,-118.383
Valencia,373,34.4315,-118.5569
Santa Monica,374,34.0196,-118.487
Los Angeles,375,34.0544,-118.2439
Los Angeles,376,34.0544,-118.2439
Los Angeles,377,34.0544,-118.2439
Los Angeles,378,34.0544,-118.2439
Los Angeles,379,34.0544,-118.2439
Los Angeles,380,34.0544,-118.2439
Los Angeles,381,34.0544,-118.2439
Burbank,382,34.1816,-118.3259
Gardena,383,33.8883,-118.3071
El Segundo,384,33.9122,-118.383
Irvine,385,33.6857,-117.826
Irvine,386,33.6857,-117.826
Irvine,387,33.6857,-117.826
Marina Del Rey,388,33.98,-118.46
Westlake Village,389,34.1519,-118.8276
Santa Monica,390,34.0196,-118.487
Los Angeles,391,34.0544,-118.2439
Santa Monica,392,34.0196,-118.487
Los Angeles,393,34.0544,-118.2439
Los Angeles,394,34.0544,-118.2439
Irvine,395,33.6857,-117.826
Los Angeles,396,34.0544,-118.2439
Los Angeles,397,34.0544,-118.2439
Simi Valley,398,34.2694,-118.7815
Los Angeles,399,34.0544,-118.2439
Los Angeles,400,34.0544,-118.2439
Santa Monica,401,34.0196,-118.487
Burbank,402,34.1816,-118.3259
Los Angeles,403,34.0544,-118.2439
Encino,404,34.1591,-118.5016
Santa Monica,405,34.0196,-118.487
Irvine,406,33.6857,-117.826
Santa Monica,407,34.0196,-118.487
Pasadena,408,34.1476,-118.1445
Los Angeles,409,34.0544,-118.2439
Los Angeles,410,34.0544,-118.2439
Los Angeles,411,34.0544,-118.2439
El Segundo,412,33.9122,-118.383
Los Angeles,413,34.0544,-118.2439
Los Angeles,414,34.0544,-118.2439
Sherman Oaks,415,34.1509,-118.449
Santa Monica,416,34.0196,-118.487
Pasadena,417,34.1476,-118.1445
Venice,418,33.995,-118.4669
Los Angeles,419,34.0544,-118.2439
Santa Monica,420,34.0196,-118.487
Los Angeles,421,34.0544,-118.2439
Los Angeles,422,34.0544,-118.2439
Costa Mesa,423,33.6633,-117.9033
Newport Beach,424,33.617,-117.9294
West Hollywood,425,34.0888,-118.3793
Los Angeles,426,34.0544,-118.2439
Lake Forest,427,33.647,-117.6892
Los Angeles,428,34.0544,-118.2439
Irvine,429,33.6857,-117.826
Los Angeles,430,34.0544,-118.2439
El Segundo,431,33.9122,-118.383
Los Angeles,432,34.0544,-118.2439
West Hollywood,433,34.0888,-118.3793
Los Angeles,434,34.0544,-118.2439
Los Angeles,435,34.0544,-118.2439
Pasadena,436,34.1476,-118.1445
Santa Monica,437,34.0196,-118.487
Santa Monica,438,34.0196,-118.487
Irvine,439,33.6857,-117.826
Los Angeles,440,34.0544,-118.2439
Newport Beach,441,33.617,-117.9294
Los Angeles,442,34.0544,-118.2439
Los Angeles,443,34.0544,-118.2439
Los Angeles,444,34.0544,-118.2439
Los Angeles,445,34.0544,-118.2439
Los Angeles,446,34.0544,-118.2439
Los Angeles,447,34.0544,-118.2439
Culver City,448,34.0211,-118.3965
El Segundo,449,33.9122,-118.383
Culver City,450,34.0211,-118.3965
Los Angeles,451,34.0544,-118.2439
Santa Monica,452,34.0196,-118.487
Venice,453,33.995,-118.4669
Irvine,454,33.6857,-117.826
Culver City,455,34.0211,-118.3965
Los Angeles,456,34.0544,-118.2439
Los Angeles,457,34.0544,-118.2439
Los Angeles,458,34.0544,-118.2439
Los Angeles,459,34.0544,-118.2439
West Hollywood,460,34.0888,-118.3793
Los Angeles,461,34.0544,-118.2439
Los Angeles,462,34.0544,-118.2439
Los Angeles,463,34.0544,-118.2439
Agoura Hills,464,34.1364,-118.7745
Los Angeles,465,34.0544,-118.2439
Manhattan Beach,466,33.8951,-118.4
Los Angeles,467,34.0544,-118.2439
Venice,468,33.995,-118.4669
Los Angeles,469,34.0544,-118.2439
Burbank,470,34.1816,-118.3259
Los Angeles,471,34.0544,-118.2439
Studio City,472,34.1484,-118.3962
Los Angeles,473,34.0544,-118.2439
Burbank,474,34.1816,-118.3259
El Segundo,475,33.9122,-118.383
San Clemente,476,33.427,-117.6124
Irvine,477,33.6857,-117.826
Playa Vista,478,33.9728,-118.4276
Los Angeles,479,34.0544,-118.2439
Irvine,480,33.6857,-117.826
Irvine,481,33.6857,-117.826
Beverly Hills,482,34.0736,-118.4004
Encino,483,34.1591,-118.5016
Los Angeles,484,34.0544,-118.2439
West Hollywood,485,34.0888,-118.3793
Los Angeles,486,34.0544,-118.2439
West Hollywood,487,34.0888,-118.3793
Los Angeles,488,34.0544,-118.2439
Pasadena,489,34.1476,-118.1445
Los Angeles,490,34.0544,-118.2439
Los Angeles,491,34.0544,-118.2439
Los Angeles,492,34.0544,-118.2439
Los Angeles,493,34.0544,-118.2439
Burbank,494,34.1816,-118.3259
Los Angeles,495,34.0544,-118.2439
Los Angeles,496,34.0544,-118.2439
Marina Del Rey,497,33.98,-118.46
Beverly Hills,498,34.0736,-118.4004
Aliso Viejo,499,33.5761,-117.7258
Valencia,500,34.4315,-118.5569
Los Angeles,501,34.0544,-118.2439
Los Angeles,502,34.0544,-118.2439
Santa Monica,503,34.0196,-118.487
Culver City,504,34.0211,-118.3965
Manhattan Beach,505,33.8951,-118.4
Los Angeles,506,34.0544,-118.2439
Santa Monica,507,34.0196,-118.487
Santa Monica,508,34.0196,-118.487
West Hollywood,509,34.0888,-118.3793
Los Angeles,510,34.0544,-118.2439
Woodland Hills,511,34.1683,-118.6059
Santa Monica,512,34.0196,-118.487
Santa Monica,513,34.0196,-118.487
Santa Monica,514,34.0196,-118.487
Los Angeles,515,34.0544,-118.2439
Los Angeles,516,34.0544,-118.2439
Irvine,517,33.6857,-117.826
Los Angeles,518,34.0544,-118.2439
Burbank,519,34.1816,-118.3259
Santa Monica,520,34.0196,-118.487
Santa Monica,521,34.0196,-118.487
Fullerton,522,33.8708,-117.9294
Santa Monica,523,34.0196,-118.487
Santa Monica,524,34.0196,-118.487
Culver City,525,34.0211,-118.3965
Los Angeles,526,34.0544,-118.2439
Los Angeles,527,34.0544,-118.2439
Los Angeles,528,34.0544,-118.2439
Irvine,529,33.6857,-117.826
Santa Monica,530,34.0196,-118.487
Santa Monica,531,34.0196,-118.487
Rialto,532,34.1064,-117.3703
Irvine,533,33.6857,-117.826
Costa Mesa,534,33.6633,-117.9033
Irvine,535,33.6857,-117.826
Los Angeles,536,34.0544,-118.2439
Los Angeles,537,34.0544,-118.2439
Walnut,538,34.0203,-117.8653
Santa Monica,539,34.0196,-118.487
Santa Monica,540,34.0196,-118.487
Los Angeles,541,34.0544,-118.2439
Brea,542,33.917,-117.8889
Los Angeles,543,34.0544,-118.2439
Los Angeles,544,34.0544,-118.2439
Irvine,545,33.6857,-117.826
Santa Monica,546,34.0196,-118.487
Newport Beach,547,33.617,-117.9294
Santa Monica,548,34.0196,-118.487
Los Angeles,549,34.0544,-118.2439
West Los Angeles,550,34.0544,-118.2439
Los Angeles,551,34.0544,-118.2439
Culver City,552,34.0211,-118.3965
Los Angeles,553,34.0544,-118.2439
Santa Ana,554,33.7495,-117.8732
Irvine,555,33.6857,-117.826
Encino,556,34.1591,-118.5016
Malibu,557,34.0058,-118.807
Los Angeles,558,34.0544,-118.2439
Venice,559,33.995,-118.4669
Los Angeles,560,34.0544,-118.2439
Marina Del Rey,561,33.98,-118.46
Los Angeles,562,34.0544,-118.2439
City Of Industry,563,34.0991,-118.1086
Beverly Hills,564,34.0736,-118.4004
West Hollywood,565,34.0888,-118.3793
Venice,566,33.995,-118.4669
Aliso Viejo,567,33.5761,-117.7258
Santa Monica,568,34.0196,-118.487
Santa Monica,569,34.0196,-118.487
Laguna Hills,570,33.5949,-117.6882
Los Angeles,571,34.0544,-118.2439
Santa Monica,572,34.0196,-118.487
Pasadena,573,34.1476,-118.1445
Pasadena,574,34.1476,-118.1445
Culver City,575,34.0211,-118.3965
Calabasas,576,34.1447,-118.6441
Santa Monica,577,34.0196,-118.487
Los Angeles,578,34.0544,-118.2439
Los Angeles,579,34.0544,-118.2439
Los Angeles,580,34.0544,-118.2439
Los Angeles,581,34.0544,-118.2439
Irvine,582,33.6857,-117.826
Irvine,583,33.6857,-117.826
Tustin,584,33.7459,-117.8262
Laguna Beach,585,33.5421,-117.7834
Santa Monica,586,34.0196,-118.487
Westlake Village,587,34.1519,-118.8276
Newport Beach,588,33.617,-117.9294
Los Angeles,589,34.0544,-118.2439
Irvine,590,33.6857,-117.826
Venice,591,33.995,-118.4669
Irvine,592,33.6857,-117.826
Los Angeles,593,34.0544,-118.2439
Santa Monica,594,34.0196,-118.487
Santa Monica,595,34.0196,-118.487
Walnut,596,34.0203,-117.8653
Los Angeles,597,34.0544,-118.2439
Santa Monica,598,34.0196,-118.487
North Hollywood,599,34.1729,-118.374
Los Angeles,600,34.0544,-118.2439
West Hollywood,601,34.0888,-118.3793
Santa Monica,602,34.0196,-118.487
Santa Monica,603,34.0196,-118.487
Los Angeles,604,34.0544,-118.2439
Venice,605,33.995,-118.4669
Los Angeles,606,34.0544,-118.2439
Irvine,607,33.6857,-117.826
Culver City,608,34.0211,-118.3965
San Bernardino,609,34.1083,-117.2898
Los Angeles,610,34.0544,-118.2439
Los Angeles,611,34.0544,-118.2439
Anaheim,612,33.8348,-117.9117
Los Angeles,613,34.0544,-118.2439
Westlake Village,614,34.1519,-118.8276
Walnut,615,34.0203,-117.8653
Irvine,616,33.6857,-117.826
Los Angeles,617,34.0544,-118.2439
Aliso Viejo,618,33.5761,-117.7258
El Segundo,619,33.9122,-118.383
Los Angeles,620,34.0544,-118.2439
Los Angeles,621,34.0544,-118.2439
Long Beach,622,33.7775,-118.1885
Los Angeles,623,34.0544,-118.2439
Los Angeles,624,34.0544,-118.2439
Los Angeles,625,34.0544,-118.2439
Santa Monica,626,34.0196,-118.487
Los Angeles,627,34.0544,-118.2439
El Segundo,628,33.9122,-118.383
Venice,629,33.995,-118.4669
Los Angeles,630,34.0544,-118.2439
Los Angeles,631,34.0544,-118.2439
Gardena,632,33.8883,-118.3071
Los Angeles,633,34.0544,-118.2439
Los Angeles,634,34.0544,-118.2439
Marina Del Rey,635,33.98,-118.46
Woodland Hills,636,34.1683,-118.6059
Westlake Village,637,34.1519,-118.8276
Los Angeles,638,34.0544,-118.2439
Los Angeles,639,34.0544,-118.2439
Irvine,640,33.6857,-117.826
Santa Monica,641,34.0196,-118.487
El Segundo,642,33.9122,-118.383
Los Angeles,643,34.0544,-118.2439
West Hollywood,644,34.0888,-118.3793
Santa Monica,645,34.0196,-118.487
Irvine,646,33.6857,-117.826
Los Angeles,647,34.0544,-118.2439
Santa Monica,648,34.0196,-118.487
Pasadena,649,34.1476,-118.1445
Costa Mesa,650,33.6633,-117.9033
Irvine,651,33.6857,-117.826
Encino,652,34.1591,-118.5016
Los Angeles,653,34.0544,-118.2439
Lake Forest,654,33.647,-117.6892
Los Angeles,655,34.0544,-118.2439
Westlake Village,656,34.1519,-118.8276
Aliso Viejo,657,33.5761,-117.7258
Los Angeles,658,34.0544,-118.2439
Santa Monica,659,34.0196,-118.487
Los Angeles,660,34.0544,-118.2439
Los Angeles,661,34.0544,-118.2439
Los Angeles,662,34.0544,-118.2439
Los Angeles,663,34.0544,-118.2439
Los Angeles,664,34.0544,-118.2439
Los Angeles,665,34.0544,-118.2439
Costa Mesa,666,33.6633,-117.9033
Pasadena,667,34.1476,-118.1445
Los Angeles,668,34.0544,-118.2439
Irvine,669,33.6857,-117.826
Los Angeles,670,34.0544,-118.2439
Los Angeles,671,34.0544,-118.2439
Glendale,672,34.1423,-118.2484
Los Angeles,673,34.0544,-118.2439
Hawthorne,674,33.9113,-118.3478
Irvine,675,33.6857,-117.826
Pasadena,676,34.1476,-118.1445
Los Angeles,677,34.0544,-118.2439
Santa Monica,678,34.0196,-118.487
Santa Monica,679,34.0196,-118.487
El Segundo,680,33.9122,-118.383
Los Angeles,681,34.0544,-118.2439
Los Angeles,682,34.0544,-118.2439
Los Angeles,683,34.0544,-118.2439
Aliso Viejo,684,33.5761,-117.7258
Santa Monica,685,34.0196,-118.487
Santa Monica,686,34.0196,-118.487
Los Angeles,687,34.0544,-118.2439
Los Angeles,688,34.0544,-118.2439
Los Angeles,689,34.0544,-118.2439
Rancho Santa Margarita,690,33.6409,-117.6031
Ventura,691,34.2783,-119.2932
Los Angeles,692,34.0544,-118.2439
El Segundo,693,33.9122,-118.383
Los Angeles,694,34.0544,-118.2439
Irvine,695,33.6857,-117.826
Los Angeles,696,34.0544,-118.2439
Beverly Hills,697,34.0736,-118.4004
Altadena,698,34.1863,-118.1352
Los Angeles,699,34.0544,-118.2439
Los Angeles,700,34.0544,-118.2439
Beverly Hills,701,34.0736,-118.4004
Pasadena,702,34.1476,-118.1445
Los Angeles,703,34.0544,-118.2439
Los Angeles,704,34.0544,-118.2439
Costa Mesa,705,33.6633,-117.9033
Santa Monica,706,34.0196,-118.487
Irvine,707,33.6857,-117.826
Santa Ana,708,33.7495,-117.8732
Los Angeles,709,34.0544,-118.2439
Venice,710,33.995,-118.4669
Santa Monica,711,34.0196,-118.487
Venice,712,33.995,-118.4669
Los Angeles,713,34.0544,-118.2439
Calabasas,714,34.1447,-118.6441
Venice,715,33.995,-118.4669
Los Angeles,716,34.0544,-118.2439
Santa Monica,717,34.0196,-118.487
Los Angeles,718,34.0544,-118.2439
Studio City,719,34.1484,-118.3962
Santa Monica,720,34.0196,-118.487
Irvine,721,33.6857,-117.826
Los Angeles,722,34.0544,-118.2439
Los Angeles,723,34.0544,-118.2439
Los Angeles,724,34.0544,-118.2439
Los Angeles,725,34.0544,-118.2439
Torrance,726,33.8358,-118.3406
West Hollywood,727,34.0888,-118.3793
Los Angeles,728,34.0544,-118.2439
Sherman Oaks,729,34.1509,-118.449
Los Angeles,730,34.0544,-118.2439
San Clemente,731,33.427,-117.6124
Pasadena,732,34.1476,-118.1445
Santa Monica,733,34.0196,-118.487
Los Angeles,734,34.0544,-118.2439
El Segundo,735,33.9122,-118.383
Los Angeles,736,34.0544,-118.2439
Woodland Hills,737,34.1683,-118.6059
Camarillo,738,34.2164,-119.0376
Santa Monica,739,34.0196,-118.487
West Hollywood,740,34.0888,-118.3793
Los Angeles,741,34.0544,-118.2439
Laguna Beach,742,33.5421,-117.7834
Beverly Hills,743,34.0736,-118.4004
Newport Beach,744,33.617,-117.9294
Los Angeles,745,34.0544,-118.2439
Los Angeles,746,34.0544,-118.2439
Los Angeles,747,34.0544,-118.2439
Irvine,748,33.6857,-117.826
Culver City,749,34.0211,-118.3965
Santa Ana,750,33.7495,-117.8732
Woodland Hills,751,34.1683,-118.6059
Beverly Hills,752,34.0736,-118.4004
Thousand Oaks,753,34.1706,-118.8376
Irvine,754,33.6857,-117.826
Los Angeles,755,34.0544,-118.2439
Oxnard,756,34.1975,-119.1771
Marina Del Rey,757,33.98,-118.46
Santa Monica,758,34.0196,-118.487
Los Angeles,759,34.0544,-118.2439
Santa Monica,760,34.0196,-118.487
Irvine,761,33.6857,-117.826
Los Angeles,762,34.0544,-118.2439
Los Angeles,763,34.0544,-118.2439
Pasadena,764,34.1476,-118.1445
Venice,765,33.995,-118.4669
Temple City,766,34.1083,-118.0578
Camarillo,767,34.2164,-119.0376
Los Angeles,768,34.0544,-118.2439
Los Angeles,769,34.0544,-118.2439
Redondo Beach,770,33.8456,-118.3887
Venice,771,33.995,-118.4669
Santa Monica,772,34.0196,-118.487
Simi Valley,773,34.2694,-118.7815
Los Angeles,774,34.0544,-118.2439
San Clemente,775,33.427,-117.6124
Thousand Oaks,776,34.1706,-118.8376
Los Angeles,777,34.0544,-118.2439
Aliso Viejo,778,33.5761,-117.7258
Santa Monica,779,34.0196,-118.487
Santa Monica,780,34.0196,-118.487
Los Angeles,781,34.0544,-118.2439
Irvine,782,33.6857,-117.826
Los Angeles,783,34.0544,-118.2439
Los Angeles,784,34.0544,-118.2439
Los Angeles,785,34.0544,-118.2439
Los Angeles,786,34.0544,-118.2439
Santa Monica,787,34.0196,-118.487
Newport Beach,788,33.617,-117.9294
Los Angeles,789,34.0544,-118.2439
Los Angeles,790,34.0544,-118.2439
El Segundo,791,33.9122,-118.383
Ojai,792,34.448,-119.2429
Los Angeles,793,34.0544,-118.2439
Santa Monica,794,34.0196,-118.487
Los Angeles,795,34.0544,-118.2439
Los Angeles,796,34.0544,-118.2439
Irvine,797,33.6857,-117.826
Glendale,798,34.1423,-118.2484
Los Angeles,799,34.0544,-118.2439
Santa Monica,800,34.0196,-118.487
Los Angeles,801,34.0544,-118.2439
Culver City,802,34.0211,-118.3965
Los Angeles,803,34.0544,-118.2439
Santa Monica,804,34.0196,-118.487
Los Angeles,805,34.0544,-118.2439
Inglewood,806,33.9617,-118.3531
Hawthorne,807,33.9113,-118.3478
Los Angeles,808,34.0544,-118.2439
Los Angeles,809,34.0544,-118.2439
Los Angeles,810,34.0544,-118.2439
Los Angeles,811,34.0544,-118.2439
Beverly Hills,812,34.0736,-118.4004
Valencia,813,34.4315,-118.5569
Los Angeles,814,34.0544,-118.2439
Irvine,815,33.6857,-117.826
Los Angeles,816,34.0544,-118.2439
Irvine,817,33.6857,-117.826
Costa Mesa,818,33.6633,-117.9033
Santa Monica,819,34.0196,-118.487
Los Angeles,820,34.0544,-118.2439
Los Angeles,821,34.0544,-118.2439
Irvine,822,33.6857,-117.826
Los Angeles,823,34.0544,-118.2439
Newport Beach,824,33.617,-117.9294
Santa Monica,825,34.0196,-118.487
Los Angeles,826,34.0544,-118.2439
Irvine,827,33.6857,-117.826
Los Angeles,828,34.0544,-118.2439
Venice,829,33.995,-118.4669
Los Angeles,830,34.0544,-118.2439
Santa Monica,831,34.0196,-118.487
Agoura Hills,832,34.1364,-118.7745
Santa Monica,833,34.0196,-118.487
Marina Del Rey,834,33.98,-118.46
Los Angeles,835,34.0544,-118.2439
Los Angeles,836,34.0544,-118.2439
Newport Beach,837,33.617,-117.9294
Santa Monica,838,34.0196,-118.487
Santa Ana,839,33.7495,-117.8732
Redondo Beach,840,33.8456,-118.3887
Ventura,841,34.2783,-119.2932
Los Angeles,842,34.0544,-118.2439
Los Angeles,843,34.0544,-118.2439
Los Angeles,844,34.0544,-118.2439
Culver City,845,34.0211,-118.3965
Corona,846,33.8753,-117.5664
El Segundo,847,33.9122,-118.383
Aliso Viejo,848,33.5761,-117.7258
Costa Mesa,849,33.6633,-117.9033
San Clemente,850,33.427,-117.6124
Costa Mesa,851,33.6633,-117.9033
Santa Monica,852,34.0196,-118.487
Irvine,853,33.6857,-117.826
Santa Monica,854,34.0196,-118.487
Los Angeles,855,34.0544,-118.2439
Ontario,856,34.0658,-117.6484
Los Angeles,857,34.0544,-118.2439
Irvine,858,33.6857,-117.826
West Hollywood,859,34.0888,-118.3793
Irvine,860,33.6857,-117.826
Los Angeles,861,34.0544,-118.2439
Studio City,862,34.1484,-118.3962
Los Angeles,863,34.0544,-118.2439
Newport Beach,864,33.617,-117.9294
Los Angeles,865,34.0544,-118.2439
Ventura,866,34.2783,-119.2932
Santa Monica,867,34.0196,-118.487
Irvine,868,33.6857,-117.826
Santa Monica,869,34.0196,-118.487
Los Angeles,870,34.0544,-118.2439
Los Angeles,871,34.0544,-118.2439
Seal Beach,872,33.7412,-118.1046
Santa Monica,873,34.0196,-118.487
Irvine,874,33.6857,-117.826
Walnut,875,34.0203,-117.8653
Los Angeles,876,34.0544,-118.2439
Santa Monica,877,34.0196,-118.487
Los Angeles,878,34.0544,-118.2439
Santa Monica,879,34.0196,-118.487
Los Angeles,880,34.0544,-118.2439
Los Angeles,881,34.0544,-118.2439
Los Angeles,882,34.0544,-118.2439
Irvine,883,33.6857,-117.826
Irvine,884,33.6857,-117.826
Santa Ana,885,33.7495,-117.8732
Los Angeles,886,34.0544,-118.2439
Los Angeles,887,34.0544,-118.2439
Venice,888,33.995,-118.4669
Santa Monica,889,34.0196,-118.487
Los Angeles,890,34.0544,-118.2439
Los Angeles,891,34.0544,-118.2439
Santa Monica,892,34.0196,-118.487
Los Angeles,893,34.0544,-118.2439
Calabasas,894,34.1447,-118.6441
Los Angeles,895,34.0544,-118.2439
Irvine,896,33.6857,-117.826
Santa Monica,897,34.0196,-118.487
Orange,898,33.7873,-117.8503
Culver City,899,34.0211,-118.3965
Walnut,900,34.0203,-117.8653
Pacific Palisades,901,34.0481,-118.5265
San Clemente,902,33.427,-117.6124
Los Angeles,903,34.0544,-118.2439
Santa Monica,904,34.0196,-118.487
Los Angeles,905,34.0544,-118.2439
Lake Forest,906,33.647,-117.6892
Irvine,907,33.6857,-117.826
Beverly Hills,908,34.0736,-118.4004
Santa Monica,909,34.0196,-118.487
Los Angeles,910,34.0544,-118.2439
Los Angeles,911,34.0544,-118.2439
Playa Vista,912,33.9728,-118.4276
Santa Monica,913,34.0196,-118.487
Irvine,914,33.6857,-117.826
Santa Monica,915,34.0196,-118.487
Venice,916,33.995,-118.4669
West Hollywood,917,34.0888,-118.3793
El Segundo,918,33.9122,-118.383
Irvine,919,33.6857,-117.826
Irvine,920,33.6857,-117.826
West Hollywood,921,34.0888,-118.3793
Irvine,922,33.6857,-117.826
Los Angeles,923,34.0544,-118.2439
Pasadena,924,34.1476,-118.1445
Santa Monica,925,34.0196,-118.487
Los Angeles,926,34.0544,-118.2439
Los Angeles,927,34.0544,-118.2439
Los Angeles,928,34.0544,-118.2439
Newport Beach,929,33.617,-117.9294
Los Angeles,930,34.0544,-118.2439
Sherman Oaks,931,34.1509,-118.449
Playa Vista,932,33.9728,-118.4276
Los Angeles,933,34.0544,-118.2439
Los Angeles,934,34.0544,-118.2439
Woodland Hills,935,34.1683,-118.6059
Laguna Hills,936,33.5949,-117.6882
Los Angeles,937,34.0544,-118.2439
Los Angeles,938,34.0544,-118.2439
Calabasas,939,34.1447,-118.6441
Venice,940,33.995,-118.4669
El Segundo,941,33.9122,-118.383
Los Angeles,942,34.0544,-118.2439
Los Angeles,943,34.0544,-118.2439
Aliso Viejo,944,33.5761,-117.7258
Santa Monica,945,34.0196,-118.487
El Segundo,946,33.9122,-118.383
Sherman Oaks,947,34.1509,-118.449
Los Angeles,948,34.0544,-118.2439
Irvine,949,33.6857,-117.826
Santa Ana,950,33.7495,-117.8732
Los Angeles,951,34.0544,-118.2439
Venice,952,33.995,-118.4669
Newport Beach,953,33.617,-117.9294
Irvine,954,33.6857,-117.826
Los Angeles,955,34.0544,-118.2439
Los Angeles,956,34.0544,-118.2439
Irvine,957,33.6857,-117.826
Santa Ana,958,33.7495,-117.8732
Venice,959,33.995,-118.4669
Los Angeles,960,34.0544,-118.2439
El Segundo,961,33.9122,-118.383
Pacific Palisades,962,34.0481,-118.5265
Aliso Viejo,963,33.5761,-117.7258
Irvine,964,33.6857,-117.826
Sherman Oaks,965,34.1509,-118.449
Aliso Viejo,966,33.5761,-117.7258
Los Angeles,967,34.0544,-118.2439
Los Angeles,968,34.0544,-118.2439
Los Angeles,969,34.0544,-118.2439
Los Angeles,970,34.0544,-118.2439
Beverly Hills,971,34.0736,-118.4004
Los Angeles,972,34.0544,-118.2439
Beverly Hills,973,34.0736,-118.4004
Walnut,974,34.0203,-117.8653
Los Angeles,975,34.0544,-118.2439
Los Angeles,976,34.0544,-118.2439
Los Angeles,977,34.0544,-118.2439
Walnut,978,34.0203,-117.8653
El Segundo,979,33.9122,-118.383
Irvine,980,33.6857,-117.826
Beverly Hills,981,34.0736,-118.4004
Pasadena,982,34.1476,-118.1445
Los Angeles,983,34.0544,-118.2439
Los Angeles,984,34.0544,-118.2439
Irvine,985,33.6857,-117.826
Los Angeles,986,34.0544,-118.2439
Santa Monica,987,34.0196,-118.487
Woodland Hills,988,34.1683,-118.6059
Los Angeles,989,34.0544,-118.2439
Los Angeles,990,34.0544,-118.2439
Los Angeles,991,34.0544,-118.2439
Los Angeles,992,34.0544,-118.2439
Valencia,993,34.4315,-118.5569
Los Angeles,994,34.0544,-118.2439
Playa Vista,995,33.9728,-118.4276
Burbank,996,34.1816,-118.3259
Irvine,997,33.6857,-117.826
Irvine,998,33.6857,-117.826
Los Angeles,999,34.0544,-118.2439
Los Angeles,1000,34.0544,-118.2439
Irvine,1001,33.6857,-117.826
El Segundo,1002,33.9122,-118.383
Los Angeles,1003,34.0544,-118.2439
Los Angeles,1004,34.0544,-118.2439
Manhattan Beach,1005,33.8951,-118.4
Los Angeles,1006,34.0544,-118.2439
Los Angeles,1007,34.0544,-118.2439
Los Angeles,1008,34.0544,-118.2439
Monrovia,1009,34.1483,-118.0015
Los Angeles,1010,34.0544,-118.2439
Playa Vista,1011,33.9728,-118.4276
West Hollywood,1012,34.0888,-118.3793
Calabasas,1013,34.1447,-118.6441
Marina Del Rey,1014,33.98,-118.46
Irvine,1015,33.6857,-117.826
Brea,1016,33.917,-117.8889
West Hollywood,1017,34.0888,-118.3793
Santa Monica,1018,34.0196,-118.487
Aliso Viejo,1019,33.5761,-117.7258
Los Angeles,1020,34.0544,-118.2439
Los Angeles,1021,34.0544,-118.2439
West Hollywood,1022,34.0888,-118.3793
West Hollywood,1023,34.0888,-118.3793
Costa Mesa,1024,33.6633,-117.9033
Los Angeles,1025,34.0544,-118.2439
Los Angeles,1026,34.0544,-118.2439
Culver City,1027,34.0211,-118.3965
Santa Monica,1028,34.0196,-118.487
Los Angeles,1029,34.0544,-118.2439
Pasadena,1030,34.1476,-118.1445
Marina Del Rey,1031,33.98,-118.46
Los Angeles,1032,34.0544,-118.2439
Los Angeles,1033,34.0544,-118.2439
Canoga Park,1034,34.2011,-118.5978
Marina Del Rey,1035,33.98,-118.46
Santa Monica,1036,34.0196,-118.487
Los Angeles,1037,34.0544,-118.2439
Los Angeles,1038,34.0544,-118.2439
Malibu,1039,34.0058,-118.807
Wildomar,1040,33.5939,-117.2415
West Hollywood,1041,34.0888,-118.3793
Venice,1042,33.995,-118.4669
Los Angeles,1043,34.0544,-118.2439
Aliso Viejo,1044,33.5761,-117.7258
Los Angeles,1045,34.0544,-118.2439
Santa Monica,1046,34.0196,-118.487
Culver City,1047,34.0211,-118.3965
Costa Mesa,1048,33.6633,-117.9033
Westlake Village,1049,34.1519,-118.8276
Los Angeles,1050,34.0544,-118.2439
Venice,1051,33.995,-118.4669
Santa Monica,1052,34.0196,-118.487
Los Angeles,1053,34.0544,-118.2439
Irvine,1054,33.6857,-117.826
Manhattan Beach,1055,33.8951,-118.4
Mission Viejo,1056,33.5966,-117.6594
Aliso Viejo,1057,33.5761,-117.7258
Los Angeles,1058,34.0544,-118.2439
Santa Monica,1059,34.0196,-118.487
Los Angeles,1060,34.0544,-118.2439
San Juan Capistrano,1061,33.5017,-117.6626
Walnut,1062,34.0203,-117.8653
Los Angeles,1063,34.0544,-118.2439
Ventura,1064,34.2783,-119.2932
Los Angeles,1065,34.0544,-118.2439
Los Angeles,1066,34.0544,-118.2439
Culver City,1067,34.0211,-118.3965
Los Angeles,1068,34.0544,-118.2439
Irvine,1069,33.6857,-117.826
Los Angeles,1070,34.0544,-118.2439
Los Angeles,1071,34.0544,-118.2439
Los Angeles,1072,34.0544,-118.2439
Pasadena,1073,34.1476,-118.1445
Aliso Viejo,1074,33.5761,-117.7258
Los Angeles,1075,34.0544,-118.2439
Irvine,1076,33.6857,-117.826
Manhattan Beach,1077,33.8951,-118.4
Santa Monica,1078,34.0196,-118.487
Manhattan Beach,1079,33.8951,-118.4
Tustin,1080,33.7459,-117.8262
Thousand Oaks,1081,34.1706,-118.8376
Irvine,1082,33.6857,-117.826
Los Angeles,1083,34.0544,-118.2439
Culver City,1084,34.0211,-118.3965
Los Angeles,1085,34.0544,-118.2439
Foothill Ranch,1086,33.6838,-117.6622
Thousand Oaks,1087,34.1706,-118.8376
Santa Monica,1088,34.0196,-118.487
San Juan Capistrano,1089,33.5017,-117.6626
Los Angeles,1090,34.0544,-118.2439
Irvine,1091,33.6857,-117.826
Irvine,1092,33.6857,-117.826
Culver City,1093,34.0211,-118.3965
Santa Monica,1094,34.0196,-118.487
Pasadena,1095,34.1476,-118.1445
Irvine,1096,33.6857,-117.826
Los Angeles,1097,34.0544,-118.2439
Irvine,1098,33.6857,-117.826
Los Angeles,1099,34.0544,-118.2439
Los Angeles,1100,34.0544,-118.2439
Marina Del Rey,1101,33.98,-118.46
Irvine,1102,33.6857,-117.826
Los Angeles,1103,34.0544,-118.2439
Los Angeles,1104,34.0544,-118.2439
Los Angeles,1105,34.0544,-118.2439
Los Angeles,1106,34.0544,-118.2439
Los Angeles,1107,34.0544,-118.2439
Torrance,1108,33.8358,-118.3406
Los Angeles,1109,34.0544,-118.2439
Los Angeles,1110,34.0544,-118.2439
Irvine,1111,33.6857,-117.826
Glendale,1112,34.1423,-118.2484
Los Angeles,1113,34.0544,-118.2439
Los Angeles,1114,34.0544,-118.2439
Santa Monica,1115,34.0196,-118.487
San Juan Capistrano,1116,33.5017,-117.6626
Los Angeles,1117,34.0544,-118.2439
San Pedro,1118,33.7359,-118.2923
Walnut,1119,34.0203,-117.8653
Anaheim,1120,33.8348,-117.9117
El Segundo,1121,33.9122,-118.383
Los Angeles,1122,34.0544,-118.2439
Santa Monica,1123,34.0196,-118.487
Calabasas,1124,34.1447,-118.6441
Torrance,1125,33.8358,-118.3406
San Juan Capistrano,1126,33.5017,-117.6626
Los Angeles,1127,34.0544,-118.2439
Pasadena,1128,34.1476,-118.1445
Los Angeles,1129,34.0544,-118.2439
Laguna Hills,1130,33.5949,-117.6882
Santa Monica,1131,34.0196,-118.487
Irvine,1132,33.6857,-117.826
Irvine,1133,33.6857,-117.826
Los Angeles,1134,34.0544,-118.2439
Los Angeles,1135,34.0544,-118.2439
Irvine,1136,33.6857,-117.826
Culver City,1137,34.0211,-118.3965
Los Angeles,1138,34.0544,-118.2439
Irvine,1139,33.6857,-117.826
Los Angeles,1140,34.0544,-118.2439
Santa Monica,1141,34.0196,-118.487
Ventura,1142,34.2783,-119.2932
Santa Monica,1143,34.0196,-118.487
Marina Del Rey,1144,33.98,-118.46
San Juan Capistrano,1145,33.5017,-117.6626
Irvine,1146,33.6857,-117.826
Burbank,1147,34.1816,-118.3259
Huntington Beach,1148,33.6781,-118
Los Angeles,1149,34.0544,-118.2439
Aliso Viejo,1150,33.5761,-117.7258
Camarillo,1151,34.2164,-119.0376
Santa Monica,1152,34.0196,-118.487
Los Angeles,1153,34.0544,-118.2439
Oak Park,1154,34.1792,-118.7629
Newport Beach,1155,33.617,-117.9294
Beverly Hills,1156,34.0736,-118.4004
Santa Monica,1157,34.0196,-118.487
Los Angeles,1158,34.0544,-118.2439
El Segundo,1159,33.9122,-118.383
Studio City,1160,34.1484,-118.3962
Los Angeles,1161,34.0544,-118.2439
Aliso Viejo,1162,33.5761,-117.7258
Beverly Hills,1163,34.0736,-118.4004
San Clemente,1164,33.427,-117.6124
Redlands,1165,34.0557,-117.1889
Irvine,1166,33.6857,-117.826
Irvine,1167,33.6857,-117.826
Santa Monica,1168,34.0196,-118.487
Los Angeles,1169,34.0544,-118.2439
Valencia,1170,34.4315,-118.5569
Santa Monica,1171,34.0196,-118.487
Torrance,1172,33.8358,-118.3406
Los Angeles,1173,34.0544,-118.2439
Carson,1174,33.8322,-118.2518
Venice,1175,33.995,-118.4669
Los Angeles,1176,34.0544,-118.2439
El Segundo,1177,33.9122,-118.383
Irvine,1178,33.6857,-117.826
Santa Monica,1179,34.0196,-118.487
Santa Monica,1180,34.0196,-118.487
Irvine,1181,33.6857,-117.826
Venice,1182,33.995,-118.4669
Redondo Beach,1183,33.8456,-118.3887
Garden Grove,1184,33.7746,-117.9464
Claremont,1185,34.0967,-117.7198
Hermosa Beach,1186,33.8643,-118.3959
Los Angeles,1187,34.0544,-118.2439
Venice,1188,33.995,-118.4669
Los Angeles,1189,34.0544,-118.2439
Costa Mesa,1190,33.6633,-117.9033
Irvine,1191,33.6857,-117.826
Los Angeles,1192,34.0544,-118.2439
Venice,1193,33.995,-118.4669
Los Angeles,1194,34.0544,-118.2439
Santa Ana,1195,33.7495,-117.8732
Newport Beach,1196,33.617,-117.9294
Santa Monica,1197,34.0196,-118.487
Los Angeles,1198,34.0544,-118.2439
Los Angeles,1199,34.0544,-118.2439
West Hollywood,1200,34.0888,-118.3793
Los Angeles,1201,34.0544,-118.2439
Los Angeles,1202,34.0544,-118.2439
Los Angeles,1203,34.0544,-118.2439
Gardena,1204,33.8883,-118.3071
Westlake Village,1205,34.1519,-118.8276
Aliso Viejo,1206,33.5761,-117.7258
Beverly Hills,1207,34.0736,-118.4004
Laguna Hills,1208,33.5949,-117.6882
Los Angeles,1209,34.0544,-118.2439
Burbank,1210,34.1816,-118.3259
Pasadena,1211,34.1476,-118.1445
Newport Beach,1212,33.617,-117.9294
Los Angeles,1213,34.0544,-118.2439
Santa Monica,1214,34.0196,-118.487
Hermosa Beach,1215,33.8643,-118.3959
Monrovia,1216,34.1483,-118.0015
Los Angeles,1217,34.0544,-118.2439
Santa Monica,1218,34.0196,-118.487
Los Angeles,1219,34.0544,-118.2439
Aliso Viejo,1220,33.5761,-117.7258
Los Angeles,1221,34.0544,-118.2439
Encino,1222,34.1591,-118.5016
Los Angeles,1223,34.0544,-118.2439
Pasadena,1224,34.1476,-118.1445
Culver City,1225,34.0211,-118.3965
Torrance,1226,33.8358,-118.3406
Santa Monica,1227,34.0196,-118.487
Irvine,1228,33.6857,-117.826
Walnut,1229,34.0203,-117.8653
Los Angeles,1230,34.0544,-118.2439
Santa Monica,1231,34.0196,-118.487
Venice,1232,33.995,-118.4669
Los Angeles,1233,34.0544,-118.2439
Calabasas,1234,34.1447,-118.6441
Irvine,1235,33.6857,-117.826
Los Angeles,1236,34.0544,-118.2439
Los Angeles,1237,34.0544,-118.2439
Camarillo,1238,34.2164,-119.0376
Santa Monica,1239,34.0196,-118.487
Temecula,1240,33.4946,-117.1474
Irvine,1241,33.6857,-117.826
Los Angeles,1242,34.0544,-118.2439
Los Angeles,1243,34.0544,-118.2439
Irvine,1244,33.6857,-117.826
Pasadena,1245,34.1476,-118.1445
Santa Ana,1246,33.7495,-117.8732
Lake Forest,1247,33.647,-117.6892
Los Angeles,1248,34.0544,-118.2439
Irvine,1249,33.6857,-117.826
Santa Monica,1250,34.0196,-118.487
San Pedro,1251,33.7359,-118.2923
Los Angeles,1252,34.0544,-118.2439
Tustin,1253,33.7459,-117.8262
Culver City,1254,34.0211,-118.3965
Newport Beach,1255,33.617,-117.9294
Glendale,1256,34.1423,-118.2484
Woodland Hills,1257,34.1683,-118.6059
Los Angeles,1258,34.0544,-118.2439
Rancho Santa Margarita,1259,33.6409,-117.6031
Los Angeles,1260,34.0544,-118.2439
Los Angeles,1261,34.0544,-118.2439
Los Angeles,1262,34.0544,-118.2439
Los Angeles,1263,34.0544,-118.2439
Los Angeles,1264,34.0544,-118.2439
Los Angeles,1265,34.0544,-118.2439
Pasadena,1266,34.1476,-118.1445
Culver City,1267,34.0211,-118.3965
Culver City,1268,34.0211,-118.3965
Irvine,1269,33.6857,-117.826
Walnut,1270,34.0203,-117.8653
Culver City,1271,34.0211,-118.3965
Newport Beach,1272,33.617,-117.9294
Los Angeles,1273,34.0544,-118.2439
Monrovia,1274,34.1483,-118.0015
Torrance,1275,33.8358,-118.3406
Lake Forest,1276,33.647,-117.6892
Los Angeles,1277,34.0544,-118.2439
Los Angeles,1278,34.0544,-118.2439
Los Angeles,1279,34.0544,-118.2439
Venice,1280,33.995,-118.4669
Orange,1281,33.7873,-117.8503
Santa Monica,1282,34.0196,-118.487
Culver City,1283,34.0211,-118.3965
Newport Beach,1284,33.617,-117.9294
Venice,1285,33.995,-118.4669
Los Angeles,1286,34.0544,-118.2439
Beverly Hills,1287,34.0736,-118.4004
Sherman Oaks,1288,34.1509,-118.449
Los Angeles,1289,34.0544,-118.2439
Los Angeles,1290,34.0544,-118.2439
Ontario,1291,34.0658,-117.6484
El Segundo,1292,33.9122,-118.383
Santa Monica,1293,34.0196,-118.487
Los Angeles,1294,34.0544,-118.2439
Los Angeles,1295,34.0544,-118.2439
Los Angeles,1296,34.0544,-118.2439
Los Angeles,1297,34.0544,-118.2439
Irvine,1298,33.6857,-117.826
Irvine,1299,33.6857,-117.826
Santa Monica,1300,34.0196,-118.487
Santa Monica,1301,34.0196,-118.487
Altadena,1302,34.1863,-118.1352
Venice,1303,33.995,-118.4669
South Pasadena,1304,34.1133,-118.1478
Venice,1305,33.995,-118.4669
Irvine,1306,33.6857,-117.826
Los Angeles,1307,34.0544,-118.2439
Santa Monica,1308,34.0196,-118.487
Mission Viejo,1309,33.5966,-117.6594
Westlake Village,1310,34.1519,-118.8276
Los Angeles,1311,34.0544,-118.2439
Irvine,1312,33.6857,-117.826
San Clemente,1313,33.427,-117.6124
Simi Valley,1314,34.2694,-118.7815
Los Angeles,1315,34.0544,-118.2439
Thousand Oaks,1316,34.1706,-118.8376
Santa Monica,1317,34.0196,-118.487
Santa Monica,1318,34.0196,-118.487
Los Angeles,1319,34.0544,-118.2439
Los Angeles,1320,34.0544,-118.2439
Irvine,1321,33.6857,-117.826
Santa Monica,1322,34.0196,-118.487
Los Angeles,1323,34.0544,-118.2439
Irvine,1324,33.6857,-117.826
Los Angeles,1325,34.0544,-118.2439
Los Angeles,1326,34.0544,-118.2439
Glendale,1327,34.1423,-118.2484
Canoga Park,1328,34.2011,-118.5978
Irvine,1329,33.6857,-117.826
Los Angeles,1330,34.0544,-118.2439
Torrance,1331,33.8358,-118.3406
Los Angeles,1332,34.0544,-118.2439
Los Angeles,1333,34.0544,-118.2439
San Clemente,1334,33.427,-117.6124
Santa Monica,1335,34.0196,-118.487
Irvine,1336,33.6857,-117.826
Irvine,1337,33.6857,-117.826
Walnut,1338,34.0203,-117.8653
Newport Beach,1339,33.617,-117.9294
Los Angeles,1340,34.0544,-118.2439
Santa Monica,1341,34.0196,-118.487
West Hollywood,1342,34.0888,-118.3793
Los Angeles,1343,34.0544,-118.2439
Thousand Oaks,1344,34.1706,-118.8376
Santa Monica,1345,34.0196,-118.487
Santa Monica,1346,34.0196,-118.487
Lake Forest,1347,33.647,-117.6892
Los Angeles,1348,34.0544,-118.2439
Sherman Oaks,1349,34.1509,-118.449
Los Angeles,1350,34.0544,-118.2439
Santa Monica,1351,34.0196,-118.487
Arcadia,1352,34.1362,-118.0401
Burbank,1353,34.1816,-118.3259
Newport Beach,1354,33.617,-117.9294
Irvine,1355,33.6857,-117.826
Mission Viejo,1356,33.5966,-117.6594
Newport Beach,1357,33.617,-117.9294
West Hollywood,1358,34.0888,-118.3793
Los Angeles,1359,34.0544,-118.2439
Walnut,1360,34.0203,-117.8653
Santa Monica,1361,34.0196,-118.487
Irvine,1362,33.6857,-117.826
Calabasas,1363,34.1447,-118.6441
Los Angeles,1364,34.0544,-118.2439
Santa Monica,1365,34.0196,-118.487
Los Angeles,1366,34.0544,-118.2439
Los Angeles,1367,34.0544,-118.2439
Los Angeles,1368,34.0544,-118.2439
Huntington Beach,1369,33.6781,-118
Orange,1370,33.7873,-117.8503
Santa Monica,1371,34.0196,-118.487
Orange,1372,33.7873,-117.8503
Santa Monica,1373,34.0196,-118.487
Los Angeles,1374,34.0544,-118.2439
Los Angeles,1375,34.0544,-118.2439
Venice,1376,33.995,-118.4669
Los Angeles,1377,34.0544,-118.2439
Azusa,1378,34.1339,-117.9056
Beverly Hills,1379,34.0736,-118.4004
Irvine,1380,33.6857,-117.826
Brea,1381,33.917,-117.8889
Los Angeles,1382,34.0544,-118.2439
Agoura Hills,1383,34.1364,-118.7745
Cerritos,1384,33.8644,-118.0539
Harbor City,1385,33.7973,-118.3005
Long Beach,1386,33.7775,-118.1885
Laguna Beach,1387,33.5421,-117.7834
Santa Monica,1388,34.0196,-118.487
Long Beach,1389,33.7775,-118.1885
Santa Monica,1390,34.0196,-118.487
Valencia,1391,34.4315,-118.5569
Los Angeles,1392,34.0544,-118.2439
Brea,1393,33.917,-117.8889
Los Angeles,1394,34.0544,-118.2439
Los Angeles,1395,34.0544,-118.2439
Murrieta,1396,33.5608,-117.2107
Los Angeles,1397,34.0544,-118.2439
Santa Fe Springs,1398,33.9482,-118.0676
Irvine,1399,33.6857,-117.826
Los Angeles,1400,34.0544,-118.2439
Los Angeles,1401,34.0544,-118.2439
Los Angeles,1402,34.0544,-118.2439
Los Angeles,1403,34.0544,-118.2439
San Juan Capistrano,1404,33.5017,-117.6626
Los Angeles,1405,34.0544,-118.2439
Universal City,1406,34.1413,-118.3584
Santa Monica,1407,34.0196,-118.487
Mission Viejo,1408,33.5966,-117.6594
Fountain Valley,1409,33.7038,-117.9627
Santa Monica,1410,34.0196,-118.487
El Segundo,1411,33.9122,-118.383
Huntington Beach,1412,33.6781,-118
Dana Point,1413,33.467,-117.6981
Valencia,1414,34.4315,-118.5569
Burbank,1415,34.1816,-118.3259
Pasadena,1416,34.1476,-118.1445
Pasadena,1417,34.1476,-118.1445
West Hollywood,1418,34.0888,-118.3793
Los Angeles,1419,34.0544,-118.2439
Rowland Heights,1420,33.9761,-117.9053
Rancho Santa Margarita,1421,33.6409,-117.6031
Los Angeles,1422,34.0544,-118.2439
El Segundo,1423,33.9122,-118.383
Culver City,1424,34.0211,-118.3965
Los Angeles,1425,34.0544,-118.2439
Torrance,1426,33.8358,-118.3406
West Hollywood,1427,34.0888,-118.3793
Los Angeles,1428,34.0544,-118.2439
Los Angeles,1429,34.0544,-118.2439
Los Angeles,1430,34.0544,-118.2439
Glendale,1431,34.1423,-118.2484
Los Angeles,1432,34.0544,-118.2439
Newport Beach,1433,33.617,-117.9294
Newport Beach,1434,33.617,-117.9294
Fountain Valley,1435,33.7038,-117.9627
Santa Monica,1436,34.0196,-118.487
Marina Del Rey,1437,33.98,-118.46
Long Beach,1438,33.7775,-118.1885
Irvine,1439,33.6857,-117.826
Santa Monica,1440,34.0196,-118.487
Los Angeles,1441,34.0544,-118.2439
Santa Monica,1442,34.0196,-118.487
Monrovia,1443,34.1483,-118.0015
Santa Monica,1444,34.0196,-118.487
Santa Monica,1445,34.0196,-118.487
Woodland Hills,1446,34.1683,-118.6059
Woodland Hills,1447,34.1683,-118.6059
Santa Monica,1448,34.0196,-118.487
Santa Monica,1449,34.0196,-118.487
Long Beach,1450,33.7775,-118.1885
Santa Clarita,1451,34.42,-118.54
Los Angeles,1452,34.0544,-118.2439
Irvine,1453,33.6857,-117.826
Santa Monica,1454,34.0196,-118.487
Los Angeles,1455,34.0544,-118.2439
Beverly Hills,1456,34.0736,-118.4004
Woodland Hills,1457,34.1683,-118.6059
Rancho Dominguez,1458,33.7775,-118.1885
San Clemente,1459,33.427,-117.6124
Irvine,1460,33.6857,-117.826
Pasadena,1461,34.1476,-118.1445
Santa Monica,1462,34.0196,-118.487
Santa Monica,1463,34.0196,-118.487
Newport Beach,1464,33.617,-117.9294
Los Angeles,1465,34.0544,-118.2439
Santa Monica,1466,34.0196,-118.487
Los Angeles,1467,34.0544,-118.2439
Los Angeles,1468,34.0544,-118.2439
Pasadena,1469,34.1476,-118.1445
Pasadena,1470,34.1476,-118.1445
Tustin,1471,33.7459,-117.8262
Beverly Hills,1472,34.0736,-118.4004
San Juan Capistrano,1473,33.5017,-117.6626
Manhattan Beach,1474,33.8951,-118.4
Santa Monica,1475,34.0196,-118.487
El Segundo,1476,33.9122,-118.383
Pasadena,1477,34.1476,-118.1445
Los Angeles,1478,34.0544,-118.2439
Santa Monica,1479,34.0196,-118.487
Santa Paula,1480,34.3542,-119.0593
Los Angeles,1481,34.0544,-118.2439
Lake Forest,1482,33.647,-117.6892
Culver City,1483,34.0211,-118.3965
Santa Monica,1484,34.0196,-118.487
Beverly Hills,1485,34.0736,-118.4004
Los Angeles,1486,34.0544,-118.2439
Irvine,1487,33.6857,-117.826
Venice,1488,33.995,-118.4669
Venice,1489,33.995,-118.4669
Newport Beach,1490,33.617,-117.9294
Santa Monica,1491,34.0196,-118.487
Los Angeles,1492,34.0544,-118.2439
Los Angeles,1493,34.0544,-118.2439
West Hollywood,1494,34.0888,-118.3793
Orange,1495,33.7873,-117.8503
Los Angeles,1496,34.0544,-118.2439
Culver City,1497,34.0211,-118.3965
Los Angeles,1498,34.0544,-118.2439
Los Angeles,1499,34.0544,-118.2439
Woodland Hills,1500,34.1683,-118.6059
Playa Vista,1501,33.9728,-118.4276
Pasadena,1502,34.1476,-118.1445
Los Angeles,1503,34.0544,-118.2439
Los Angeles,1504,34.0544,-118.2439
Santa Monica,1505,34.0196,-118.487
Santa Monica,1506,34.0196,-118.487
Los Angeles,1507,34.0544,-118.2439
Los Angeles,1508,34.0544,-118.2439
Los Angeles,1509,34.0544,-118.2439
Los Angeles,1510,34.0544,-118.2439
Laguna Hills,1511,33.5949,-117.6882
Los Angeles,1512,34.0544,-118.2439
Los Angeles,1513,34.0544,-118.2439
Redondo Beach,1514,33.8456,-118.3887
Los Angeles,1515,34.0544,-118.2439
Newport Beach,1516,33.617,-117.9294
Walnut,1517,34.0203,-117.8653
Irvine,1518,33.6857,-117.826
Santa Ana,1519,33.7495,-117.8732
Aliso Viejo,1520,33.5761,-117.7258
Santa Monica,1521,34.0196,-118.487
Los Angeles,1522,34.0544,-118.2439
Culver City,1523,34.0211,-118.3965
Los Angeles,1524,34.0544,-118.2439
Venice,1525,33.995,-118.4669
Los Angeles,1526,34.0544,-118.2439
Los Angeles,1527,34.0544,-118.2439
Calabasas,1528,34.1447,-118.6441
Los Angeles,1529,34.0544,-118.2439
Huntington Beach,1530,33.6781,-118
Irvine,1531,33.6857,-117.826
West Hollywood,1532,34.0888,-118.3793
Los Angeles,1533,34.0544,-118.2439
Irvine,1534,33.6857,-117.826
Los Angeles,1535,34.0544,-118.2439
Irvine,1536,33.6857,-117.826
Los Angeles,1537,34.0544,-118.2439
Laguna Hills,1538,33.5949,-117.6882
Los Angeles,1539,34.0544,-118.2439
Venice,1540,33.995,-118.4669
Laguna Hills,1541,33.5949,-117.6882
Encino,1542,34.1591,-118.5016
Woodland Hills,1543,34.1683,-118.6059
Laguna Hills,1544,33.5949,-117.6882
Torrance,1545,33.8358,-118.3406
Manhattan Beach,1546,33.8951,-118.4
Beverly Hills,1547,34.0736,-118.4004
Santa Monica,1548,34.0196,-118.487
Newport Beach,1549,33.617,-117.9294
Sherman Oaks,1550,34.1509,-118.449
Los Angeles,1551,34.0544,-118.2439
Irvine,1552,33.6857,-117.826
El Segundo,1553,33.9122,-118.383
Santa Monica,1554,34.0196,-118.487
Santa Monica,1555,34.0196,-118.487
Valencia,1556,34.4315,-118.5569
Inglewood,1557,33.9617,-118.3531
Irvine,1558,33.6857,-117.826
Venice,1559,33.995,-118.4669
Santa Monica,1560,34.0196,-118.487
Irvine,1561,33.6857,-117.826
Calabasas,1562,34.1447,-118.6441
Los Angeles,1563,34.0544,-118.2439
Anaheim,1564,33.8348,-117.9117
Los Angeles,1565,34.0544,-118.2439
Los Angeles,1566,34.0544,-118.2439
Los Angeles,1567,34.0544,-118.2439
West Hollywood,1568,34.0888,-118.3793
Los Angeles,1569,34.0544,-118.2439
Glendora,1570,34.1361,-117.8653
Costa Mesa,1571,33.6633,-117.9033
Santa Monica,1572,34.0196,-118.487
Culver City,1573,34.0211,-118.3965
Los Angeles,1574,34.0544,-118.2439
Culver City,1575,34.0211,-118.3965
Los Angeles,1576,34.0544,-118.2439
Los Angeles,1577,34.0544,-118.2439
Los Angeles,1578,34.0544,-118.2439
Los Angeles,1579,34.0544,-118.2439
Irvine,1580,33.6857,-117.826
Beverly Hills,1581,34.0736,-118.4004
Irvine,1582,33.6857,-117.826
Santa Monica,1583,34.0196,-118.487
Van Nuys,1584,34.1867,-118.4487
Santa Monica,1585,34.0196,-118.487
Aliso Viejo,1586,33.5761,-117.7258
Los Angeles,1587,34.0544,-118.2439
Chino,1588,34.0134,-117.6901
Los Angeles,1589,34.0544,-118.2439
Santa Monica,1590,34.0196,-118.487
Culver City,1591,34.0211,-118.3965
Los Angeles,1592,34.0544,-118.2439
Rancho Santa Margarita,1593,33.6409,-117.6031
Los Angeles,1594,34.0544,-118.2439
El Segundo,1595,33.9122,-118.383
Irvine,1596,33.6857,-117.826
Los Angeles,1597,34.0544,-118.2439
Glendale,1598,34.1423,-118.2484
Irvine,1599,33.6857,-117.826
Beverly Hills,1600,34.0736,-118.4004
Los Angeles,1601,34.0544,-118.2439
Los Angeles,1602,34.0544,-118.2439
Los Angeles,1603,34.0544,-118.2439
Los Angeles,1604,34.0544,-118.2439
Ventura,1605,34.2783,-119.2932
Woodland Hills,1606,34.1683,-118.6059
Santa Monica,1607,34.0196,-118.487
San Clemente,1608,33.427,-117.6124
Irvine,1609,33.6857,-117.826
Santa Monica,1610,34.0196,-118.487
Winnetka,1611,34.2133,-118.572
Los Angeles,1612,34.0544,-118.2439
Woodland Hills,1613,34.1683,-118.6059
Los Angeles,1614,34.0544,-118.2439
Los Angeles,1615,34.0544,-118.2439
Irvine,1616,33.6857,-117.826
Pasadena,1617,34.1476,-118.1445
Los Angeles,1618,34.0544,-118.2439
Glendale,1619,34.1423,-118.2484
Irvine,1620,33.6857,-117.826
Glendale,1621,34.1423,-118.2484
Los Angeles,1622,34.0544,-118.2439
Los Angeles,1623,34.0544,-118.2439
Irvine,1624,33.6857,-117.826
Newport Beach,1625,33.617,-117.9294
Los Angeles,1626,34.0544,-118.2439
Woodland Hills,1627,34.1683,-118.6059
Los Angeles,1628,34.0544,-118.2439
Long Beach,1629,33.7775,-118.1885
Costa Mesa,1630,33.6633,-117.9033
Irvine,1631,33.6857,-117.826
El Segundo,1632,33.9122,-118.383
Los Angeles,1633,34.0544,-118.2439
Venice,1634,33.995,-118.4669
Burbank,1635,34.1816,-118.3259
San Clemente,1636,33.427,-117.6124
Santa Monica,1637,34.0196,-118.487
Los Angeles,1638,34.0544,-118.2439
Pasadena,1639,34.1476,-118.1445
Los Angeles,1640,34.0544,-118.2439
Glendale,1641,34.1423,-118.2484
Los Angeles,1642,34.0544,-118.2439
Los Angeles,1643,34.0544,-118.2439
Commerce,1644,34.0024,-118.1563
Los Angeles,1645,34.0544,-118.2439
Culver City,1646,34.0211,-118.3965
Venice,1647,33.995,-118.4669
Los Angeles,1648,34.0544,-118.2439
Marina Del Rey,1649,33.98,-118.46
Irvine,1650,33.6857,-117.826
Aliso Viejo,1651,33.5761,-117.7258
Lake Forest,1652,33.647,-117.6892
Santa Monica,1653,34.0196,-118.487
El Segundo,1654,33.9122,-118.383
Studio City,1655,34.1484,-118.3962
Los Angeles,1656,34.0544,-118.2439
Culver City,1657,34.0211,-118.3965
Venice,1658,33.995,-118.4669
Los Angeles,1659,34.0544,-118.2439
Los Angeles,1660,34.0544,-118.2439
Pasadena,1661,34.1476,-118.1445
Irvine,1662,33.6857,-117.826
Los Angeles,1663,34.0544,-118.2439
Westlake Village,1664,34.1519,-118.8276
Los Angeles,1665,34.0544,-118.2439
Santa Ana,1666,33.7495,-117.8732
Rowland Heights,1667,33.9761,-117.9053
Sherman Oaks,1668,34.1509,-118.449
Los Angeles,1669,34.0544,-118.2439
Los Angeles,1670,34.0544,-118.2439
Santa Fe Springs,1671,33.9482,-118.0676
Los Angeles,1672,34.0544,-118.2439
Santa Monica,1673,34.0196,-118.487
Santa Monica,1674,34.0196,-118.487
Los Angeles,1675,34.0544,-118.2439
Port Hueneme Cbc Base,1676,34.17,-119.2
Los Angeles,1677,34.0544,-118.2439
Los Angeles,1678,34.0544,-118.2439
Los Angeles,1679,34.0544,-118.2439
South Pasadena,1680,34.1133,-118.1478
Los Angeles,1681,34.0544,-118.2439
Los Angeles,1682,34.0544,-118.2439
Encino,1683,34.1591,-118.5016
Los Angeles,1684,34.0544,-118.2439
Los Angeles,1685,34.0544,-118.2439
Glendale,1686,34.1423,-118.2484
Santa Monica,1687,34.0196,-118.487
Irvine,1688,33.6857,-117.826
Irvine,1689,33.6857,-117.826
Santa Monica,1690,34.0196,-118.487
Los Angeles,1691,34.0544,-118.2439
Los Angeles,1692,34.0544,-118.2439
West Hollywood,1693,34.0888,-118.3793
Irvine,1694,33.6857,-117.826
Los Angeles,1695,34.0544,-118.2439
Moorpark,1696,34.2856,-118.882
Santa Monica,1697,34.0196,-118.487
Beverly Hills,1698,34.0736,-118.4004
Los Angeles,1699,34.0544,-118.2439
Santa Monica,1700,34.0196,-118.487
Santa Monica,1701,34.0196,-118.487
Santa Monica,1702,34.0196,-118.487
Hermosa Beach,1703,33.8643,-118.3959
Los Angeles,1704,34.0544,-118.2439
Lake Forest,1705,33.647,-117.6892
Irvine,1706,33.6857,-117.826
El Segundo,1707,33.9122,-118.383
Irvine,1708,33.6857,-117.826
Los Angeles,1709,34.0544,-118.2439
Los Angeles,1710,34.0544,-118.2439
Los Angeles,1711,34.0544,-118.2439
Pasadena,1712,34.1476,-118.1445
Irvine,1713,33.6857,-117.826
Culver City,1714,34.0211,-118.3965
Los Angeles,1715,34.0544,-118.2439
Los Angeles,1716,34.0544,-118.2439
Los Angeles,1717,34.0544,-118.2439
Burbank,1718,34.1816,-118.3259
Los Angeles,1719,34.0544,-118.2439
Santa Ana,1720,33.7495,-117.8732
Los Angeles,1721,34.0544,-118.2439
Santa Monica,1722,34.0196,-118.487
Culver City,1723,34.0211,-118.3965
Los Angeles,1724,34.0544,-118.2439
Pasadena,1725,34.1476,-118.1445
Newport Beach,1726,33.617,-117.9294
Beverly Hills,1727,34.0736,-118.4004
Santa Monica,1728,34.0196,-118.487
Los Angeles,1729,34.0544,-118.2439
Los Angeles,1730,34.0544,-118.2439
Los Angeles,1731,34.0544,-118.2439
Los Angeles,1732,34.0544,-118.2439
Venice,1733,33.995,-118.4669
Walnut,1734,34.0203,-117.8653
Riverside,1735,33.9534,-117.3962
Irvine,1736,33.6857,-117.826
Manhattan Beach,1737,33.8951,-118.4
Irvine,1738,33.6857,-117.826
Irvine,1739,33.6857,-117.826
Los Angeles,1740,34.0544,-118.2439
Los Angeles,1741,34.0544,-118.2439
Huntington Beach,1742,33.6781,-118
Pasadena,1743,34.1476,-118.1445
Los Angeles,1744,34.0544,-118.2439
Beverly Hills,1745,34.0736,-118.4004
Newport Beach,1746,33.617,-117.9294
Los Angeles,1747,34.0544,-118.2439
Manhattan Beach,1748,33.8951,-118.4
Monrovia,1749,34.1483,-118.0015
Los Angeles,1750,34.0544,-118.2439
Los Angeles,1751,34.0544,-118.2439
Los Angeles,1752,34.0544,-118.2439
Beverly Hills,1753,34.0736,-118.4004
Los Angeles,1754,34.0544,-118.2439
Irvine,1755,33.6857,-117.826
Irvine,1756,33.6857,-117.826
Marina Del Rey,1757,33.98,-118.46
Los Angeles,1758,34.0544,-118.2439
Los Angeles,1759,34.0544,-118.2439
Rolling Hills Estates,1760,33.7878,-118.3581
Los Angeles,1761,34.0544,-118.2439
North Hills,1762,34.2314,-118.4594
Los Angeles,1763,34.0544,-118.2439
Westlake Village,1764,34.1519,-118.8276
Los Angeles,1765,34.0544,-118.2439
Beverly Hills,1766,34.0736,-118.4004
Los Angeles,1767,34.0544,-118.2439
Venice,1768,33.995,-118.4669
Lakewood,1769,33.8503,-118.1172
Los Angeles,1770,34.0544,-118.2439
Los Angeles,1771,34.0544,-118.2439
Santa Monica,1772,34.0196,-118.487
Thousand Oaks,1773,34.1706,-118.8376
Laguna Niguel,1774,33.5225,-117.7076
Pasadena,1775,34.1476,-118.1445
Pasadena,1776,34.1476,-118.1445
Laguna Hills,1777,33.5949,-117.6882
Irvine,1778,33.6857,-117.826
San Clemente,1779,33.427,-117.6124
Los Angeles,1780,34.0544,-118.2439
Long Beach,1781,33.7775,-118.1885
Tustin,1782,33.7459,-117.8262
Santa Ana,1783,33.7495,-117.8732
Burbank,1784,34.1816,-118.3259
Pacoima,1785,34.2625,-118.427
Los Angeles,1786,34.0544,-118.2439
Los Angeles,1787,34.0544,-118.2439
Los Angeles,1788,34.0544,-118.2439
Torrance,1789,33.8358,-118.3406
Apple Valley,1790,34.5008,-117.1859
Los Angeles,1791,34.0544,-118.2439
Los Angeles,1792,34.0544,-118.2439
Venice,1793,33.995,-118.4669
Chatsworth,1794,34.2596,-118.6023
Los Angeles,1795,34.0544,-118.2439
Los Angeles,1796,34.0544,-118.2439
Laguna Hills,1797,33.5949,-117.6882
Santa Monica,1798,34.0196,-118.487
Ojai,1799,34.448,-119.2429
Los Angeles,1800,34.0544,-118.2439
Pasadena,1801,34.1476,-118.1445
Los Angeles,1802,34.0544,-118.2439
Culver City,1803,34.0211,-118.3965
Foothill Ranch,1804,33.6838,-117.6622
Los Angeles,1805,34.0544,-118.2439
Ojai,1806,34.448,-119.2429
Ojai,1807,34.448,-119.2429
Orange,1808,33.7873,-117.8503
Beverly Hills,1809,34.0736,-118.4004
Los Angeles,1810,34.0544,-118.2439
Culver City,1811,34.0211,-118.3965
Los Angeles,1812,34.0544,-118.2439
Los Angeles,1813,34.0544,-118.2439
Irvine,1814,33.6857,-117.826
Culver City,1815,34.0211,-118.3965
Los Angeles,1816,34.0544,-118.2439
West Hollywood,1817,34.0888,-118.3793
Los Angeles,1818,34.0544,-118.2439
Los Angeles,1819,34.0544,-118.2439
Fountain Valley,1820,33.7038,-117.9627
Irvine,1821,33.6857,-117.826
Los Angeles,1822,34.0544,-118.2439
Irvine,1823,33.6857,-117.826
Torrance,1824,33.8358,-118.3406
Santa Monica,1825,34.0196,-118.487
Los Angeles,1826,34.0544,-118.2439
Walnut,1827,34.0203,-117.8653
Los Angeles,1828,34.0544,-118.2439
Santa Monica,1829,34.0196,-118.487
Culver City,1830,34.0211,-118.3965
Los Angeles,1831,34.0544,-118.2439
Los Angeles,1832,34.0544,-118.2439
Calabasas,1833,34.1447,-118.6441
Los Angeles,1834,34.0544,-118.2439
Los Angeles,1835,34.0544,-118.2439
Calabasas,1836,34.1447,-118.6441
Los Angeles,1837,34.0544,-118.2439
Pasadena,1838,34.1476,-118.1445
Santa Monica,1839,34.0196,-118.487
Malibu,1840,34.0058,-118.807
Lake Forest,1841,33.647,-117.6892
Los Angeles,1842,34.0544,-118.2439
Irvine,1843,33.6857,-117.826
Walnut,1844,34.0203,-117.8653
Santa Monica,1845,34.0196,-118.487
Lake Forest,1846,33.647,-117.6892
Beverly Hills,1847,34.0736,-118.4004
Los Angeles,1848,34.0544,-118.2439
Yorba Linda,1849,33.8901,-117.8256
Los Angeles,1850,34.0544,-118.2439
Los Angeles,1851,34.0544,-118.2439
El Segundo,1852,33.9122,-118.383
Woodland Hills,1853,34.1683,-118.6059
Los Angeles,1854,34.0544,-118.2439
Irvine,1855,33.6857,-117.826
Pasadena,1856,34.1476,-118.1445
San Clemente,1857,33.427,-117.6124
Laguna Niguel,1858,33.5225,-117.7076
Pasadena,1859,34.1476,-118.1445
Woodland Hills,1860,34.1683,-118.6059
Venice,1861,33.995,-118.4669
Woodland Hills,1862,34.1683,-118.6059
Santa Monica,1863,34.0196,-118.487
Aliso Viejo,1864,33.5761,-117.7258
Los Angeles,1865,34.0544,-118.2439
Irvine,1866,33.6857,-117.826
Los Angeles,1867,34.0544,-118.2439
Garden Grove,1868,33.7746,-117.9464
Los Angeles,1869,34.0544,-118.2439
Pasadena,1870,34.1476,-118.1445
Los Angeles,1871,34.0544,-118.2439
Glendale,1872,34.1423,-118.2484
Los Angeles,1873,34.0544,-118.2439
El Segundo,1874,33.9122,-118.383
Santa Monica,1875,34.0196,-118.487
Los Angeles,1876,34.0544,-118.2439
Burbank,1877,34.1816,-118.3259
Los Angeles,1878,34.0544,-118.2439
Santa Monica,1879,34.0196,-118.487
Los Angeles,1880,34.0544,-118.2439
Los Angeles,1881,34.0544,-118.2439
Beverly Hills,1882,34.0736,-118.4004
Irvine,1883,33.6857,-117.826
Los Angeles,1884,34.0544,-118.2439
Los Angeles,1885,34.0544,-118.2439
Los Angeles,1886,34.0544,-118.2439
Santa Monica,1887,34.0196,-118.487
Burbank,1888,34.1816,-118.3259
Los Angeles,1889,34.0544,-118.2439
Los Angeles,1890,34.0544,-118.2439
Redondo Beach,1891,33.8456,-118.3887
West Hollywood,1892,34.0888,-118.3793
Los Angeles,1893,34.0544,-118.2439
Los Angeles,1894,34.0544,-118.2439
Long Beach,1895,33.7775,-118.1885
Los Angeles,1896,34.0544,-118.2439
Long Beach,1897,33.7775,-118.1885
Los Angeles,1898,34.0544,-118.2439
Canoga Park,1899,34.2011,-118.5978
Irvine,1900,33.6857,-117.826
Santa Monica,1901,34.0196,-118.487
Redondo Beach,1902,33.8456,-118.3887
Lake Forest,1903,33.647,-117.6892
Los Angeles,1904,34.0544,-118.2439
Los Angeles,1905,34.0544,-118.2439
Marina Del Rey,1906,33.98,-118.46
Pasadena,1907,34.1476,-118.1445
Fontana,1908,34.0922,-117.435
Los Angeles,1909,34.0544,-118.2439
Westlake Village,1910,34.1519,-118.8276
Los Angeles,1911,34.0544,-118.2439
Venice,1912,33.995,-118.4669
Irvine,1913,33.6857,-117.826
Van Nuys,1914,34.1867,-118.4487
Los Angeles,1915,34.0544,-118.2439
Anaheim,1916,33.8348,-117.9117
Los Angeles,1917,34.0544,-118.2439
West Hills,1918,34.2032,-118.6455
San Juan Capistrano,1919,33.5017,-117.6626
Newport Beach,1920,33.617,-117.9294
Los Angeles,1921,34.0544,-118.2439
Los Angeles,1922,34.0544,-118.2439
West Hollywood,1923,34.0888,-118.3793
Irvine,1924,33.6857,-117.826
Los Angeles,1925,34.0544,-118.2439
Los Angeles,1926,34.0544,-118.2439
Walnut,1927,34.0203,-117.8653
Los Angeles,1928,34.0544,-118.2439
Los Angeles,1929,34.0544,-118.2439
Santa Monica,1930,34.0196,-118.487
Los Angeles,1931,34.0544,-118.2439
Los Angeles,1932,34.0544,-118.2439
Venice,1933,33.995,-118.4669
Calabasas,1934,34.1447,-118.6441
Costa Mesa,1935,33.6633,-117.9033
Culver City,1936,34.0211,-118.3965
Glendale,1937,34.1423,-118.2484
Newport Beach,1938,33.617,-117.9294
Los Angeles,1939,34.0544,-118.2439
Los Angeles,1940,34.0544,-118.2439
Los Angeles,1941,34.0544,-118.2439
Los Angeles,1942,34.0544,-118.2439
San Clemente,1943,33.427,-117.6124
Irvine,1944,33.6857,-117.826
Commerce,1945,34.0024,-118.1563
Irvine,1946,33.6857,-117.826
Los Angeles,1947,34.0544,-118.2439
Los Angeles,1948,34.0544,-118.2439
Culver City,1949,34.0211,-118.3965
Los Angeles,1950,34.0544,-118.2439
Los Angeles,1951,34.0544,-118.2439
Los Angeles,1952,34.0544,-118.2439
Los Angeles,1953,34.0544,-118.2439
Colton,1954,34.0739,-117.3137
Santa Monica,1955,34.0196,-118.487
Los Angeles,1956,34.0544,-118.2439
Los Angeles,1957,34.0544,-118.2439
Santa Ana,1958,33.7495,-117.8732
Playa Vista,1959,33.9728,-118.4276
Los Angeles,1960,34.0544,-118.2439
Los Angeles,1961,34.0544,-118.2439
Los Angeles,1962,34.0544,-118.2439
El Segundo,1963,33.9122,-118.383
Agoura Hills,1964,34.1364,-118.7745
Los Angeles,1965,34.0544,-118.2439
Long Beach,1966,33.7775,-118.1885
Fountain Valley,1967,33.7038,-117.9627
North Hills,1968,34.2314,-118.4594
Irvine,1969,33.6857,-117.826
Brea,1970,33.917,-117.8889
Los Angeles,1971,34.0544,-118.2439
Irvine,1972,33.6857,-117.826
Irvine,1973,33.6857,-117.826
Los Angeles,1974,34.0544,-118.2439
Playa Vista,1975,33.9728,-118.4276
Westlake Village,1976,34.1519,-118.8276
Los Angeles,1977,34.0544,-118.2439
Encino,1978,34.1591,-118.5016
Los Angeles,1979,34.0544,-118.2439
City Of Industry,1980,34.0991,-118.1086
Studio City,1981,34.1484,-118.3962
Los Angeles,1982,34.0544,-118.2439
Los Angeles,1983,34.0544,-118.2439
Long Beach,1984,33.7775,-118.1885
Burbank,1985,34.1816,-118.3259
Los Angeles,1986,34.0544,-118.2439
West Hollywood,1987,34.0888,-118.3793
Los Angeles,1988,34.0544,-118.2439
Los Angeles,1989,34.0544,-118.2439
Aliso Viejo,1990,33.5761,-117.7258
Glendora,1991,34.1361,-117.8653
Los Angeles,1992,34.0544,-118.2439
Los Angeles,1993,34.0544,-118.2439
Los Angeles,1994,34.0544,-118.2439
Los Angeles,1995,34.0544,-118.2439
Los Angeles,1996,34.0544,-118.2439
San Clemente,1997,33.427,-117.6124
Santa Monica,1998,34.0196,-118.487
Pasadena,1999,34.1476,-118.1445
Chino,2000,34.0134,-117.6901
