"","Y","id","Number_of_Funding_Rounds"
"1",1,1,3
"2",1,2,3
"3",1,3,7
"4",1,4,7
"5",1,5,6
"6",1,6,7
"7",1,7,4
"8",1,8,5
"9",1,9,1
"10",1,10,2
"11",1,11,2
"12",1,12,4
"13",1,13,11
"14",1,14,2
"15",1,15,2
"16",1,16,7
"17",1,17,13
"18",1,18,1
"19",1,19,3
"20",1,20,10
"21",1,21,5
"22",1,22,25
"23",1,23,3
"24",1,24,4
"25",1,25,7
"26",1,26,4
"27",1,27,4
"28",1,28,7
"29",1,29,8
"30",1,30,4
"31",1,31,3
"32",1,32,12
"33",1,33,3
"34",1,34,3
"35",1,35,1
"36",1,36,8
"37",1,37,1
"38",1,38,5
"39",1,39,6
"40",1,40,2
"41",1,41,1
"42",1,42,1
"43",1,43,2
"44",1,44,6
"45",1,45,3
"46",1,46,4
"47",1,47,7
"48",1,48,5
"49",1,49,2
"50",1,50,4
"51",1,51,3
"52",1,52,3
"53",1,53,5
"54",1,54,4
"55",1,55,5
"56",1,56,5
"57",1,57,6
"58",1,58,7
"59",1,59,2
"60",1,60,1
"61",1,61,2
"62",1,62,8
"63",1,63,1
"64",1,64,5
"65",1,65,2
"66",1,66,4
"67",1,67,6
"68",1,68,5
"69",1,69,4
"70",1,70,1
"71",1,71,6
"72",1,72,4
"73",1,73,2
"74",1,74,5
"75",1,75,2
"76",1,76,3
"77",1,77,4
"78",1,78,5
"79",1,79,1
"80",1,80,2
"81",1,81,9
"82",1,82,4
"83",1,83,1
"84",1,84,5
"85",1,85,5
"86",1,86,1
"87",1,87,3
"88",1,88,5
"89",1,89,3
"90",1,90,9
"91",1,91,7
"92",1,92,2
"93",1,93,3
"94",1,94,4
"95",1,95,4
"96",1,96,12
"97",1,97,3
"98",1,98,5
"99",1,99,3
"100",1,100,7
"101",1,101,5
"102",1,102,6
"103",1,103,5
"104",1,104,5
"105",1,105,9
"106",1,106,5
"107",1,107,7
"108",1,108,4
"109",1,109,3
"110",1,110,1
"111",1,111,6
"112",1,112,1
"113",1,113,2
"114",1,114,3
"115",1,115,3
"116",1,116,3
"117",1,117,7
"118",1,118,8
"119",1,119,5
"120",1,120,2
"121",1,121,6
"122",1,122,2
"123",1,123,4
"124",1,124,3
"125",1,125,4
"126",1,126,1
"127",1,127,4
"128",1,128,1
"129",1,129,4
"130",1,130,2
"131",1,131,2
"132",1,132,4
"133",1,133,3
"134",1,134,6
"135",1,135,2
"136",1,136,6
"137",1,137,4
"138",1,138,10
"139",1,139,2
"140",1,140,2
"141",1,141,2
"142",1,142,1
"143",1,143,6
"144",1,144,3
"145",1,145,3
"146",1,146,2
"147",1,147,9
"148",1,148,6
"149",1,149,6
"150",1,150,4
"151",1,151,3
"152",1,152,12
"153",1,153,3
"154",1,154,16
"155",1,155,2
"156",1,156,3
"157",1,157,3
"158",1,158,4
"159",1,159,1
"160",1,160,2
"161",1,161,4
"162",1,162,1
"163",1,163,1
"164",1,164,5
"165",1,165,4
"166",1,166,3
"167",1,167,1
"168",1,168,1
"169",1,169,3
"170",1,170,5
"171",1,171,4
"172",1,172,5
"173",1,173,1
"174",1,174,3
"175",1,175,8
"176",1,176,2
"177",1,177,7
"178",1,178,6
"179",1,179,1
"180",1,180,6
"181",1,181,4
"182",1,182,5
"183",1,183,1
"184",1,184,3
"185",1,185,6
"186",1,186,3
"187",1,187,5
"188",1,188,5
"189",1,189,2
"190",1,190,1
"191",1,191,4
"192",1,192,2
"193",1,193,7
"194",1,194,5
"195",1,195,2
"196",1,196,2
"197",1,197,2
"198",1,198,1
"199",1,199,1
"200",1,200,7
"201",1,201,3
"202",1,202,4
"203",1,203,6
"204",1,204,6
"205",1,205,8
"206",1,206,3
"207",1,207,3
"208",1,208,4
"209",1,209,8
"210",1,210,1
"211",1,211,1
"212",1,212,3
"213",1,213,4
"214",1,214,7
"215",1,215,2
"216",1,216,4
"217",1,217,4
"218",1,218,3
"219",1,219,2
"220",1,220,1
"221",1,221,7
"222",1,222,13
"223",1,223,5
"224",1,224,8
"225",1,225,1
"226",1,226,3
"227",1,227,3
"228",1,228,6
"229",1,229,3
"230",1,230,8
"231",1,231,4
"232",1,232,4
"233",1,233,5
"234",1,234,5
"235",1,235,1
"236",1,236,4
"237",1,237,2
"238",1,238,4
"239",1,239,1
"240",1,240,4
"241",1,241,5
"242",1,242,1
"243",1,243,7
"244",1,244,11
"245",1,245,4
"246",1,246,2
"247",1,247,2
"248",1,248,6
"249",1,249,5
"250",1,250,4
"251",1,251,4
"252",1,252,2
"253",1,253,2
"254",1,254,7
"255",1,255,5
"256",1,256,11
"257",1,257,2
"258",1,258,2
"259",1,259,5
"260",1,260,2
"261",1,261,4
"262",1,262,1
"263",1,263,3
"264",1,264,3
"265",1,265,1
"266",1,266,9
"267",1,267,3
"268",1,268,1
"269",1,269,3
"270",1,270,2
"271",1,271,4
"272",1,272,6
"273",1,273,2
"274",1,274,2
"275",1,275,4
"276",1,276,3
"277",1,277,5
"278",1,278,2
"279",1,279,2
"280",1,280,1
"281",1,281,2
"282",1,282,1
"283",1,283,4
"284",1,284,8
"285",1,285,8
"286",1,286,4
"287",1,287,1
"288",1,288,1
"289",1,289,2
"290",1,290,9
"291",1,291,3
"292",1,292,4
"293",1,293,5
"294",1,294,6
"295",1,295,3
"296",1,296,3
"297",1,297,2
"298",1,298,4
"299",1,299,7
"300",1,300,4
"301",1,301,5
"302",1,302,1
"303",1,303,2
"304",1,304,3
"305",1,305,2
"306",1,306,6
"307",1,307,3
"308",1,308,3
"309",1,309,1
"310",1,310,1
"311",1,311,6
"312",1,312,4
"313",1,313,2
"314",1,314,2
"315",1,315,1
"316",1,316,4
"317",1,317,1
"318",1,318,1
"319",1,319,3
"320",1,320,4
"321",1,321,2
"322",1,322,4
"323",1,323,2
"324",1,324,2
"325",1,325,3
"326",1,326,4
"327",1,327,4
"328",1,328,3
"329",1,329,3
"330",1,330,1
"331",1,331,5
"332",1,332,3
"333",1,333,3
"334",1,334,4
"335",1,335,3
"336",1,336,2
"337",1,337,4
"338",1,338,2
"339",1,339,3
"340",1,340,3
"341",1,341,2
"342",1,342,4
"343",1,343,2
"344",1,344,3
"345",1,345,3
"346",1,346,3
"347",1,347,2
"348",1,348,5
"349",1,349,5
"350",1,350,1
"351",1,351,1
"352",1,352,1
"353",1,353,2
"354",1,354,1
"355",1,355,6
"356",1,356,5
"357",1,357,1
"358",1,358,4
"359",1,359,3
"360",1,360,3
"361",1,361,2
"362",1,362,1
"363",1,363,4
"364",1,364,1
"365",1,365,3
"366",1,366,4
"367",1,367,4
"368",1,368,2
"369",1,369,2
"370",1,370,4
"371",1,371,2
"372",1,372,3
"373",1,373,4
"374",1,374,4
"375",1,375,2
"376",1,376,1
"377",1,377,2
"378",1,378,2
"379",1,379,8
"380",1,380,2
"381",1,381,5
"382",1,382,1
"383",1,383,1
"384",1,384,1
"385",1,385,5
"386",1,386,7
"387",1,387,5
"388",1,388,4
"389",1,389,3
"390",1,390,1
"391",1,391,1
"392",1,392,2
"393",1,393,5
"394",1,394,2
"395",1,395,4
"396",1,396,1
"397",1,397,3
"398",1,398,2
"399",1,399,4
"400",1,400,3
"401",1,401,4
"402",1,402,6
"403",1,403,1
"404",1,404,2
"405",1,405,1
"406",1,406,4
"407",1,407,4
"408",1,408,8
"409",1,409,3
"410",1,410,3
"411",1,411,2
"412",1,412,4
"413",1,413,3
"414",1,414,3
"415",1,415,1
"416",1,416,4
"417",1,417,2
"418",1,418,1
"419",1,419,2
"420",1,420,1
"421",1,421,1
"422",1,422,2
"423",1,423,0
"424",1,424,3
"425",1,425,3
"426",1,426,1
"427",1,427,5
"428",1,428,4
"429",1,429,6
"430",1,430,7
"431",1,431,4
"432",1,432,4
"433",1,433,1
"434",1,434,2
"435",1,435,3
"436",1,436,6
"437",1,437,4
"438",1,438,1
"439",1,439,4
"440",1,440,5
"441",1,441,2
"442",1,442,4
"443",1,443,1
"444",1,444,3
"445",1,445,2
"446",1,446,3
"447",1,447,2
"448",1,448,4
"449",1,449,7
"450",1,450,2
"451",1,451,1
"452",1,452,3
"453",0,453,6
"454",0,454,5
"455",0,455,3
"456",0,456,3
"457",0,457,5
"458",0,458,2
"459",0,459,3
"460",0,460,3
"461",0,461,1
"462",0,462,2
"463",0,463,2
"464",0,464,4
"465",0,465,4
"466",0,466,2
"467",0,467,3
"468",0,468,3
"469",0,469,3
"470",0,470,1
"471",0,471,3
"472",0,472,3
"473",0,473,1
"474",0,474,0
"475",0,475,2
"476",0,476,7
"477",0,477,4
"478",0,478,3
"479",0,479,1
"480",0,480,3
"481",0,481,3
"482",0,482,3
"483",0,483,1
"484",0,484,2
"485",0,485,1
"486",0,486,9
"487",0,487,3
"488",0,488,4
"489",0,489,3
"490",0,490,1
"491",0,491,2
"492",0,492,2
"493",0,493,2
"494",0,494,3
"495",0,495,3
"496",0,496,1
"497",0,497,2
"498",0,498,1
"499",0,499,2
"500",0,500,7
"501",0,501,2
"502",0,502,4
"503",0,503,3
"504",0,504,4
"505",0,505,1
"506",0,506,1
"507",0,507,2
"508",0,508,2
"509",0,509,1
"510",0,510,3
"511",0,511,2
"512",0,512,5
"513",0,513,2
"514",0,514,4
"515",0,515,5
"516",0,516,4
"517",0,517,1
"518",0,518,6
"519",0,519,1
"520",0,520,5
"521",0,521,3
"522",0,522,2
"523",0,523,3
"524",0,524,2
"525",0,525,3
"526",0,526,4
"527",0,527,2
"528",0,528,5
"529",0,529,3
"530",0,530,1
"531",0,531,7
"532",0,532,2
"533",0,533,5
"534",0,534,3
"535",0,535,3
"536",0,536,1
"537",0,537,1
"538",0,538,1
"539",0,539,1
"540",0,540,2
"541",0,541,6
"542",0,542,1
"543",0,543,3
"544",0,544,1
"545",0,545,1
"546",0,546,2
"547",0,547,1
"548",0,548,4
"549",0,549,3
"550",0,550,8
"551",0,551,2
"552",0,552,5
"553",0,553,0
"554",0,554,1
"555",0,555,2
"556",0,556,3
"557",0,557,7
"558",0,558,2
"559",0,559,6
"560",0,560,1
"561",0,561,5
"562",0,562,4
"563",0,563,7
"564",0,564,3
"565",0,565,2
"566",0,566,1
"567",0,567,3
"568",0,568,2
"569",0,569,0
"570",0,570,2
"571",0,571,2
"572",0,572,0
"573",0,573,5
"574",0,574,6
"575",0,575,2
"576",0,576,1
"577",0,577,5
"578",0,578,1
"579",0,579,1
"580",0,580,8
"581",0,581,1
"582",0,582,3
"583",0,583,2
"584",0,584,2
"585",0,585,6
"586",0,586,2
"587",0,587,1
"588",0,588,6
"589",0,589,1
"590",0,590,4
"591",0,591,1
"592",0,592,3
"593",0,593,1
"594",0,594,2
"595",0,595,3
"596",0,596,2
"597",0,597,1
"598",0,598,4
"599",0,599,4
"600",0,600,3
"601",0,601,2
"602",0,602,2
"603",0,603,2
"604",0,604,4
"605",0,605,6
"606",0,606,2
"607",0,607,2
"608",0,608,1
"609",0,609,3
"610",0,610,6
"611",0,611,2
"612",0,612,2
"613",0,613,4
"614",0,614,3
"615",0,615,2
"616",0,616,22
"617",0,617,4
"618",0,618,3
"619",0,619,0
"620",0,620,3
"621",0,621,4
"622",0,622,1
"623",0,623,8
"624",0,624,5
"625",0,625,1
"626",0,626,2
"627",0,627,2
"628",0,628,2
"629",0,629,4
"630",0,630,1
"631",0,631,2
"632",0,632,2
"633",0,633,4
"634",0,634,7
"635",0,635,5
"636",0,636,8
"637",0,637,2
"638",0,638,4
"639",0,639,1
"640",0,640,4
"641",0,641,3
"642",0,642,2
"643",0,643,2
"644",0,644,5
"645",0,645,1
"646",0,646,1
"647",0,647,5
"648",0,648,3
"649",0,649,6
"650",0,650,5
"651",0,651,1
"652",0,652,2
"653",0,653,2
"654",0,654,1
"655",0,655,8
"656",0,656,1
"657",0,657,1
"658",0,658,1
"659",0,659,4
"660",0,660,3
"661",0,661,1
"662",0,662,4
"663",0,663,2
"664",0,664,1
"665",0,665,3
"666",0,666,4
"667",0,667,5
"668",0,668,1
"669",0,669,2
"670",0,670,4
"671",0,671,1
"672",0,672,3
"673",0,673,3
"674",0,674,3
"675",0,675,7
"676",0,676,1
"677",0,677,4
"678",0,678,4
"679",0,679,5
"680",0,680,4
"681",0,681,11
"682",0,682,3
"683",0,683,3
"684",0,684,3
"685",0,685,4
"686",0,686,2
"687",0,687,4
"688",0,688,2
"689",0,689,5
"690",0,690,5
"691",0,691,1
"692",0,692,2
"693",0,693,1
"694",0,694,2
"695",0,695,3
"696",0,696,3
"697",0,697,1
"698",0,698,1
"699",0,699,1
"700",0,700,2
"701",0,701,1
"702",0,702,2
"703",0,703,1
"704",0,704,2
"705",0,705,4
"706",0,706,5
"707",0,707,4
"708",0,708,1
"709",0,709,2
"710",0,710,1
"711",0,711,3
"712",0,712,4
"713",0,713,2
"714",0,714,5
"715",0,715,2
"716",0,716,3
"717",0,717,3
"718",0,718,4
"719",0,719,4
"720",0,720,3
"721",0,721,12
"722",0,722,1
"723",0,723,1
"724",0,724,2
"725",0,725,3
"726",0,726,2
"727",0,727,2
"728",0,728,2
"729",0,729,3
"730",0,730,3
"731",0,731,7
"732",0,732,2
"733",0,733,1
"734",0,734,4
"735",0,735,0
"736",0,736,1
"737",0,737,3
"738",0,738,7
"739",0,739,3
"740",0,740,7
"741",0,741,3
"742",0,742,2
"743",0,743,0
"744",0,744,2
"745",0,745,2
"746",0,746,1
"747",0,747,3
"748",0,748,0
"749",0,749,3
"750",0,750,2
"751",0,751,4
"752",0,752,2
"753",0,753,4
"754",0,754,4
"755",0,755,5
"756",0,756,1
"757",0,757,4
"758",0,758,3
"759",0,759,4
"760",0,760,6
"761",0,761,2
"762",0,762,2
"763",0,763,1
"764",0,764,3
"765",0,765,5
"766",0,766,3
"767",0,767,1
"768",0,768,2
"769",0,769,1
"770",0,770,2
"771",0,771,4
"772",0,772,6
"773",0,773,1
"774",0,774,1
"775",0,775,6
"776",0,776,3
"777",0,777,1
"778",0,778,5
"779",0,779,2
"780",0,780,4
"781",0,781,4
"782",0,782,1
"783",0,783,3
"784",0,784,1
"785",0,785,4
"786",0,786,3
"787",0,787,2
"788",0,788,2
"789",0,789,4
"790",0,790,2
"791",0,791,4
"792",0,792,1
"793",0,793,1
"794",0,794,4
"795",0,795,2
"796",0,796,1
"797",0,797,6
"798",0,798,2
"799",0,799,2
"800",0,800,1
"801",0,801,1
"802",0,802,3
"803",0,803,2
"804",0,804,1
"805",0,805,2
"806",0,806,4
"807",0,807,2
"808",0,808,2
"809",0,809,2
"810",0,810,3
"811",0,811,3
"812",0,812,5
"813",0,813,2
"814",0,814,1
"815",0,815,1
"816",0,816,2
"817",0,817,1
"818",0,818,2
"819",0,819,4
"820",0,820,2
"821",0,821,1
"822",0,822,1
"823",0,823,2
"824",0,824,3
"825",0,825,2
"826",0,826,2
"827",0,827,1
"828",0,828,1
"829",0,829,4
"830",0,830,5
"831",0,831,1
"832",0,832,1
"833",0,833,2
"834",0,834,1
"835",0,835,2
"836",0,836,1
"837",0,837,4
"838",0,838,5
"839",0,839,3
"840",0,840,6
"841",0,841,2
"842",0,842,2
"843",0,843,2
"844",0,844,3
"845",0,845,3
"846",0,846,1
"847",0,847,2
"848",0,848,2
"849",0,849,2
"850",0,850,10
"851",0,851,2
"852",0,852,4
"853",0,853,6
"854",0,854,5
"855",0,855,11
"856",0,856,1
"857",0,857,1
"858",0,858,2
"859",0,859,5
"860",0,860,1
"861",0,861,1
"862",0,862,1
"863",0,863,1
"864",0,864,1
"865",0,865,4
"866",0,866,1
"867",0,867,1
"868",0,868,3
"869",0,869,2
"870",0,870,0
"871",0,871,3
"872",0,872,7
"873",0,873,5
"874",0,874,6
"875",0,875,1
"876",0,876,9
"877",0,877,3
"878",0,878,2
"879",0,879,1
"880",0,880,2
"881",0,881,1
"882",0,882,2
"883",0,883,4
"884",0,884,2
"885",0,885,5
"886",0,886,1
"887",0,887,2
"888",0,888,1
"889",0,889,6
"890",0,890,3
"891",0,891,1
"892",0,892,2
"893",0,893,3
"894",0,894,1
"895",0,895,2
"896",0,896,1
"897",0,897,2
"898",0,898,4
"899",0,899,3
"900",0,900,4
"901",0,901,1
"902",0,902,11
"903",0,903,2
"904",0,904,3
"905",0,905,3
"906",0,906,5
"907",0,907,2
"908",0,908,2
"909",0,909,3
"910",0,910,4
"911",0,911,2
"912",0,912,1
"913",0,913,1
"914",0,914,8
"915",0,915,5
"916",0,916,1
"917",0,917,1
"918",0,918,2
"919",0,919,4
"920",0,920,3
"921",0,921,1
"922",0,922,2
"923",0,923,3
"924",0,924,1
"925",0,925,1
"926",0,926,5
"927",0,927,5
"928",0,928,1
"929",0,929,2
"930",0,930,3
"931",0,931,4
"932",0,932,1
"933",0,933,3
"934",0,934,2
"935",0,935,3
"936",0,936,4
"937",0,937,2
"938",0,938,2
"939",0,939,3
"940",0,940,5
"941",0,941,1
"942",0,942,1
"943",0,943,2
"944",0,944,1
"945",0,945,2
"946",0,946,3
"947",0,947,2
"948",0,948,5
"949",0,949,2
"950",0,950,2
"951",0,951,1
"952",0,952,1
"953",0,953,1
"954",0,954,6
"955",0,955,0
"956",0,956,1
"957",0,957,2
"958",0,958,1
"959",0,959,1
"960",0,960,1
"961",0,961,1
"962",0,962,1
"963",0,963,4
"964",0,964,2
"965",0,965,10
"966",0,966,5
"967",0,967,8
"968",0,968,1
"969",0,969,1
"970",0,970,5
"971",0,971,1
"972",0,972,5
"973",0,973,3
"974",0,974,1
"975",0,975,1
"976",0,976,1
"977",0,977,4
"978",0,978,6
"979",0,979,5
"980",0,980,9
"981",0,981,3
"982",0,982,1
"983",0,983,2
"984",0,984,3
"985",0,985,1
"986",0,986,3
"987",0,987,1
"988",0,988,2
"989",0,989,1
"990",0,990,3
"991",0,991,1
"992",0,992,2
"993",0,993,9
"994",0,994,2
"995",0,995,4
"996",0,996,2
"997",0,997,5
"998",0,998,3
"999",0,999,1
"1000",0,1000,2
"1001",0,1001,1
"1002",0,1002,6
"1003",0,1003,1
"1004",0,1004,1
"1005",0,1005,1
"1006",0,1006,6
"1007",0,1007,7
"1008",0,1008,2
"1009",0,1009,7
"1010",0,1010,3
"1011",0,1011,2
"1012",0,1012,5
"1013",0,1013,2
"1014",0,1014,4
"1015",0,1015,6
"1016",0,1016,1
"1017",0,1017,4
"1018",0,1018,1
"1019",0,1019,11
"1020",0,1020,3
"1021",0,1021,7
"1022",0,1022,5
"1023",0,1023,2
"1024",0,1024,4
"1025",0,1025,4
"1026",0,1026,2
"1027",0,1027,1
"1028",0,1028,3
"1029",0,1029,2
"1030",0,1030,2
"1031",0,1031,3
"1032",0,1032,1
"1033",0,1033,3
"1034",0,1034,2
"1035",0,1035,1
"1036",0,1036,1
"1037",0,1037,3
"1038",0,1038,3
"1039",0,1039,1
"1040",0,1040,1
"1041",0,1041,1
"1042",0,1042,3
"1043",0,1043,3
"1044",0,1044,7
"1045",0,1045,8
"1046",0,1046,6
"1047",0,1047,1
"1048",0,1048,3
"1049",0,1049,10
"1050",0,1050,2
"1051",0,1051,2
"1052",0,1052,5
"1053",0,1053,4
"1054",0,1054,5
"1055",0,1055,1
"1056",0,1056,2
"1057",0,1057,5
"1058",0,1058,1
"1059",0,1059,1
"1060",0,1060,2
"1061",0,1061,4
"1062",0,1062,1
"1063",0,1063,0
"1064",0,1064,1
"1065",0,1065,2
"1066",0,1066,3
"1067",0,1067,1
"1068",0,1068,2
"1069",0,1069,1
"1070",0,1070,2
"1071",0,1071,1
"1072",0,1072,3
"1073",0,1073,1
"1074",0,1074,9
"1075",0,1075,1
"1076",0,1076,1
"1077",0,1077,3
"1078",0,1078,4
"1079",0,1079,7
"1080",0,1080,1
"1081",0,1081,0
"1082",0,1082,1
"1083",0,1083,3
"1084",0,1084,5
"1085",0,1085,1
"1086",0,1086,2
"1087",0,1087,8
"1088",0,1088,2
"1089",0,1089,5
"1090",0,1090,1
"1091",0,1091,1
"1092",0,1092,4
"1093",0,1093,3
"1094",0,1094,1
"1095",0,1095,3
"1096",0,1096,1
"1097",0,1097,2
"1098",0,1098,1
"1099",0,1099,2
"1100",0,1100,1
"1101",0,1101,2
"1102",0,1102,2
"1103",0,1103,5
"1104",0,1104,1
"1105",0,1105,2
"1106",0,1106,1
"1107",0,1107,0
"1108",0,1108,2
"1109",0,1109,2
"1110",0,1110,2
"1111",0,1111,8
"1112",0,1112,9
"1113",0,1113,2
"1114",0,1114,4
"1115",0,1115,1
"1116",0,1116,1
"1117",0,1117,4
"1118",0,1118,4
"1119",0,1119,1
"1120",0,1120,3
"1121",0,1121,3
"1122",0,1122,2
"1123",0,1123,2
"1124",0,1124,4
"1125",0,1125,4
"1126",0,1126,5
"1127",0,1127,1
"1128",0,1128,3
"1129",0,1129,1
"1130",0,1130,1
"1131",0,1131,2
"1132",0,1132,3
"1133",0,1133,2
"1134",0,1134,2
"1135",0,1135,5
"1136",0,1136,1
"1137",0,1137,5
"1138",0,1138,7
"1139",0,1139,6
"1140",0,1140,4
"1141",0,1141,2
"1142",0,1142,2
"1143",0,1143,1
"1144",0,1144,5
"1145",0,1145,6
"1146",0,1146,2
"1147",0,1147,2
"1148",0,1148,2
"1149",0,1149,1
"1150",0,1150,4
"1151",0,1151,1
"1152",0,1152,2
"1153",0,1153,4
"1154",0,1154,1
"1155",0,1155,3
"1156",0,1156,3
"1157",0,1157,2
"1158",0,1158,2
"1159",0,1159,1
"1160",0,1160,1
"1161",0,1161,3
"1162",0,1162,1
"1163",0,1163,1
"1164",0,1164,9
"1165",0,1165,0
"1166",0,1166,0
"1167",0,1167,7
"1168",0,1168,2
"1169",0,1169,2
"1170",0,1170,3
"1171",0,1171,2
"1172",0,1172,2
"1173",0,1173,3
"1174",0,1174,1
"1175",0,1175,3
"1176",0,1176,2
"1177",0,1177,4
"1178",0,1178,2
"1179",0,1179,6
"1180",0,1180,3
"1181",0,1181,1
"1182",0,1182,1
"1183",0,1183,2
"1184",0,1184,2
"1185",0,1185,5
"1186",0,1186,9
"1187",0,1187,5
"1188",0,1188,2
"1189",0,1189,1
"1190",0,1190,1
"1191",0,1191,3
"1192",0,1192,6
"1193",0,1193,3
"1194",0,1194,1
"1195",0,1195,3
"1196",0,1196,1
"1197",0,1197,1
"1198",0,1198,2
"1199",0,1199,1
"1200",0,1200,2
"1201",0,1201,2
"1202",0,1202,1
"1203",0,1203,2
"1204",0,1204,4
"1205",0,1205,3
"1206",0,1206,2
"1207",0,1207,1
"1208",0,1208,2
"1209",0,1209,3
"1210",0,1210,1
"1211",0,1211,3
"1212",0,1212,1
"1213",0,1213,2
"1214",0,1214,2
"1215",0,1215,4
"1216",0,1216,0
"1217",0,1217,4
"1218",0,1218,2
"1219",0,1219,3
"1220",0,1220,3
"1221",0,1221,5
"1222",0,1222,1
"1223",0,1223,1
"1224",0,1224,7
"1225",0,1225,2
"1226",0,1226,1
"1227",0,1227,1
"1228",0,1228,4
"1229",0,1229,3
"1230",0,1230,1
"1231",0,1231,3
"1232",0,1232,4
"1233",0,1233,2
"1234",0,1234,1
"1235",0,1235,2
"1236",0,1236,4
"1237",0,1237,1
"1238",0,1238,1
"1239",0,1239,3
"1240",0,1240,5
"1241",0,1241,4
"1242",0,1242,2
"1243",0,1243,2
"1244",0,1244,7
"1245",0,1245,3
"1246",0,1246,1
"1247",0,1247,6
"1248",0,1248,2
"1249",0,1249,1
"1250",0,1250,6
"1251",0,1251,2
"1252",0,1252,1
"1253",0,1253,1
"1254",0,1254,1
"1255",0,1255,2
"1256",0,1256,6
"1257",0,1257,3
"1258",0,1258,1
"1259",0,1259,1
"1260",0,1260,1
"1261",0,1261,10
"1262",0,1262,2
"1263",0,1263,1
"1264",0,1264,1
"1265",0,1265,1
"1266",0,1266,1
"1267",0,1267,4
"1268",0,1268,3
"1269",0,1269,1
"1270",0,1270,1
"1271",0,1271,2
"1272",0,1272,2
"1273",0,1273,2
"1274",0,1274,3
"1275",0,1275,4
"1276",0,1276,10
"1277",0,1277,3
"1278",0,1278,2
"1279",0,1279,2
"1280",0,1280,1
"1281",0,1281,2
"1282",0,1282,1
"1283",0,1283,2
"1284",0,1284,3
"1285",0,1285,1
"1286",0,1286,4
"1287",0,1287,2
"1288",0,1288,5
"1289",0,1289,1
"1290",0,1290,6
"1291",0,1291,1
"1292",0,1292,1
"1293",0,1293,1
"1294",0,1294,6
"1295",0,1295,2
"1296",0,1296,1
"1297",0,1297,3
"1298",0,1298,1
"1299",0,1299,9
"1300",0,1300,1
"1301",0,1301,1
"1302",0,1302,1
"1303",0,1303,2
"1304",0,1304,1
"1305",0,1305,4
"1306",0,1306,5
"1307",0,1307,8
"1308",0,1308,1
"1309",0,1309,7
"1310",0,1310,1
"1311",0,1311,3
"1312",0,1312,5
"1313",0,1313,6
"1314",0,1314,1
"1315",0,1315,1
"1316",0,1316,4
"1317",0,1317,1
"1318",0,1318,2
"1319",0,1319,2
"1320",0,1320,3
"1321",0,1321,5
"1322",0,1322,2
"1323",0,1323,1
"1324",0,1324,0
"1325",0,1325,3
"1326",0,1326,3
"1327",0,1327,2
"1328",0,1328,4
"1329",0,1329,1
"1330",0,1330,1
"1331",0,1331,5
"1332",0,1332,1
"1333",0,1333,2
"1334",0,1334,6
"1335",0,1335,2
"1336",0,1336,1
"1337",0,1337,3
"1338",0,1338,1
"1339",0,1339,2
"1340",0,1340,2
"1341",0,1341,4
"1342",0,1342,1
"1343",0,1343,2
"1344",0,1344,1
"1345",0,1345,1
"1346",0,1346,3
"1347",0,1347,1
"1348",0,1348,1
"1349",0,1349,2
"1350",0,1350,1
"1351",0,1351,5
"1352",0,1352,1
"1353",0,1353,2
"1354",0,1354,1
"1355",0,1355,11
"1356",0,1356,1
"1357",0,1357,2
"1358",0,1358,2
"1359",0,1359,6
"1360",0,1360,3
"1361",0,1361,2
"1362",0,1362,1
"1363",0,1363,1
"1364",0,1364,1
"1365",0,1365,2
"1366",0,1366,1
"1367",0,1367,3
"1368",0,1368,3
"1369",0,1369,1
"1370",0,1370,1
"1371",0,1371,1
"1372",0,1372,2
"1373",0,1373,2
"1374",0,1374,2
"1375",0,1375,2
"1376",0,1376,4
"1377",0,1377,5
"1378",0,1378,6
"1379",0,1379,4
"1380",0,1380,1
"1381",0,1381,5
"1382",0,1382,2
"1383",0,1383,1
"1384",0,1384,1
"1385",0,1385,1
"1386",0,1386,2
"1387",0,1387,1
"1388",0,1388,1
"1389",0,1389,2
"1390",0,1390,2
"1391",0,1391,4
"1392",0,1392,2
"1393",0,1393,1
"1394",0,1394,3
"1395",0,1395,1
"1396",0,1396,7
"1397",0,1397,1
"1398",0,1398,1
"1399",0,1399,1
"1400",0,1400,2
"1401",0,1401,4
"1402",0,1402,1
"1403",0,1403,2
"1404",0,1404,4
"1405",0,1405,1
"1406",0,1406,0
"1407",0,1407,1
"1408",0,1408,1
"1409",0,1409,1
"1410",0,1410,2
"1411",0,1411,2
"1412",0,1412,1
"1413",0,1413,3
"1414",0,1414,2
"1415",0,1415,2
"1416",0,1416,1
"1417",0,1417,2
"1418",0,1418,0
"1419",0,1419,1
"1420",0,1420,1
"1421",0,1421,1
"1422",0,1422,1
"1423",0,1423,0
"1424",0,1424,4
"1425",0,1425,0
"1426",0,1426,4
"1427",0,1427,0
"1428",0,1428,2
"1429",0,1429,2
"1430",0,1430,4
"1431",0,1431,1
"1432",0,1432,1
"1433",0,1433,1
"1434",0,1434,1
"1435",0,1435,1
"1436",0,1436,1
"1437",0,1437,3
"1438",0,1438,6
"1439",0,1439,1
"1440",0,1440,3
"1441",0,1441,1
"1442",0,1442,4
"1443",0,1443,1
"1444",0,1444,4
"1445",0,1445,3
"1446",0,1446,3
"1447",0,1447,7
"1448",0,1448,1
"1449",0,1449,2
"1450",0,1450,1
"1451",0,1451,0
"1452",0,1452,2
"1453",0,1453,0
"1454",0,1454,5
"1455",0,1455,1
"1456",0,1456,2
"1457",0,1457,2
"1458",0,1458,4
"1459",0,1459,1
"1460",0,1460,8
"1461",0,1461,1
"1462",0,1462,3
"1463",0,1463,4
"1464",0,1464,1
"1465",0,1465,1
"1466",0,1466,1
"1467",0,1467,1
"1468",0,1468,3
"1469",0,1469,1
"1470",0,1470,1
"1471",0,1471,1
"1472",0,1472,2
"1473",0,1473,3
"1474",0,1474,2
"1475",0,1475,2
"1476",0,1476,1
"1477",0,1477,4
"1478",0,1478,0
"1479",0,1479,4
"1480",0,1480,1
"1481",0,1481,2
"1482",0,1482,1
"1483",0,1483,1
"1484",0,1484,0
"1485",0,1485,3
"1486",0,1486,3
"1487",0,1487,2
"1488",0,1488,2
"1489",0,1489,1
"1490",0,1490,2
"1491",0,1491,1
"1492",0,1492,1
"1493",0,1493,2
"1494",0,1494,4
"1495",0,1495,2
"1496",0,1496,2
"1497",0,1497,2
"1498",0,1498,1
"1499",0,1499,4
"1500",0,1500,2
"1501",0,1501,2
"1502",0,1502,5
"1503",0,1503,2
"1504",0,1504,1
"1505",0,1505,2
"1506",0,1506,1
"1507",0,1507,1
"1508",0,1508,1
"1509",0,1509,1
"1510",0,1510,1
"1511",0,1511,5
"1512",0,1512,1
"1513",0,1513,4
"1514",0,1514,3
"1515",0,1515,3
"1516",0,1516,1
"1517",0,1517,1
"1518",0,1518,1
"1519",0,1519,1
"1520",0,1520,4
"1521",0,1521,3
"1522",0,1522,1
"1523",0,1523,3
"1524",0,1524,0
"1525",0,1525,4
"1526",0,1526,2
"1527",0,1527,2
"1528",0,1528,4
"1529",0,1529,1
"1530",0,1530,1
"1531",0,1531,0
"1532",0,1532,1
"1533",0,1533,0
"1534",0,1534,1
"1535",0,1535,1
"1536",0,1536,2
"1537",0,1537,2
"1538",0,1538,2
"1539",0,1539,1
"1540",0,1540,1
"1541",0,1541,2
"1542",0,1542,2
"1543",0,1543,1
"1544",0,1544,1
"1545",0,1545,5
"1546",0,1546,6
"1547",0,1547,0
"1548",0,1548,1
"1549",0,1549,2
"1550",0,1550,0
"1551",0,1551,3
"1552",0,1552,1
"1553",0,1553,1
"1554",0,1554,5
"1555",0,1555,2
"1556",0,1556,2
"1557",0,1557,1
"1558",0,1558,10
"1559",0,1559,2
"1560",0,1560,5
"1561",0,1561,3
"1562",0,1562,1
"1563",0,1563,1
"1564",0,1564,1
"1565",0,1565,1
"1566",0,1566,1
"1567",0,1567,3
"1568",0,1568,3
"1569",0,1569,1
"1570",0,1570,1
"1571",0,1571,2
"1572",0,1572,2
"1573",0,1573,1
"1574",0,1574,3
"1575",0,1575,3
"1576",0,1576,1
"1577",0,1577,1
"1578",0,1578,1
"1579",0,1579,5
"1580",0,1580,1
"1581",0,1581,2
"1582",0,1582,1
"1583",0,1583,1
"1584",0,1584,6
"1585",0,1585,1
"1586",0,1586,2
"1587",0,1587,2
"1588",0,1588,1
"1589",0,1589,1
"1590",0,1590,0
"1591",0,1591,3
"1592",0,1592,1
"1593",0,1593,3
"1594",0,1594,10
"1595",0,1595,1
"1596",0,1596,3
"1597",0,1597,1
"1598",0,1598,1
"1599",0,1599,2
"1600",0,1600,0
"1601",0,1601,2
"1602",0,1602,1
"1603",0,1603,1
"1604",0,1604,1
"1605",0,1605,2
"1606",0,1606,1
"1607",0,1607,1
"1608",0,1608,2
"1609",0,1609,3
"1610",0,1610,10
"1611",0,1611,1
"1612",0,1612,1
"1613",0,1613,3
"1614",0,1614,1
"1615",0,1615,0
"1616",0,1616,1
"1617",0,1617,5
"1618",0,1618,1
"1619",0,1619,2
"1620",0,1620,1
"1621",0,1621,2
"1622",0,1622,1
"1623",0,1623,2
"1624",0,1624,3
"1625",0,1625,1
"1626",0,1626,0
"1627",0,1627,4
"1628",0,1628,4
"1629",0,1629,4
"1630",0,1630,1
"1631",0,1631,0
"1632",0,1632,0
"1633",0,1633,2
"1634",0,1634,5
"1635",0,1635,1
"1636",0,1636,3
"1637",0,1637,4
"1638",0,1638,1
"1639",0,1639,1
"1640",0,1640,1
"1641",0,1641,2
"1642",0,1642,1
"1643",0,1643,4
"1644",0,1644,2
"1645",0,1645,3
"1646",0,1646,4
"1647",0,1647,2
"1648",0,1648,1
"1649",0,1649,2
"1650",0,1650,6
"1651",0,1651,3
"1652",0,1652,3
"1653",0,1653,2
"1654",0,1654,1
"1655",0,1655,2
"1656",0,1656,4
"1657",0,1657,1
"1658",0,1658,3
"1659",0,1659,3
"1660",0,1660,1
"1661",0,1661,1
"1662",0,1662,9
"1663",0,1663,0
"1664",0,1664,2
"1665",0,1665,1
"1666",0,1666,3
"1667",0,1667,0
"1668",0,1668,1
"1669",0,1669,1
"1670",0,1670,2
"1671",0,1671,3
"1672",0,1672,1
"1673",0,1673,4
"1674",0,1674,2
"1675",0,1675,3
"1676",0,1676,7
"1677",0,1677,4
"1678",0,1678,1
"1679",0,1679,1
"1680",0,1680,2
"1681",0,1681,2
"1682",0,1682,1
"1683",0,1683,2
"1684",0,1684,5
"1685",0,1685,3
"1686",0,1686,5
"1687",0,1687,1
"1688",0,1688,1
"1689",0,1689,1
"1690",0,1690,2
"1691",0,1691,1
"1692",0,1692,2
"1693",0,1693,1
"1694",0,1694,1
"1695",0,1695,3
"1696",0,1696,1
"1697",0,1697,3
"1698",0,1698,3
"1699",0,1699,1
"1700",0,1700,2
"1701",0,1701,3
"1702",0,1702,1
"1703",0,1703,8
"1704",0,1704,3
"1705",0,1705,1
"1706",0,1706,2
"1707",0,1707,1
"1708",0,1708,2
"1709",0,1709,1
"1710",0,1710,1
"1711",0,1711,1
"1712",0,1712,1
"1713",0,1713,0
"1714",0,1714,2
"1715",0,1715,2
"1716",0,1716,3
"1717",0,1717,1
"1718",0,1718,3
"1719",0,1719,2
"1720",0,1720,5
"1721",0,1721,4
"1722",0,1722,1
"1723",0,1723,1
"1724",0,1724,1
"1725",0,1725,3
"1726",0,1726,2
"1727",0,1727,1
"1728",0,1728,1
"1729",0,1729,1
"1730",0,1730,3
"1731",0,1731,1
"1732",0,1732,1
"1733",0,1733,1
"1734",0,1734,2
"1735",0,1735,2
"1736",0,1736,3
"1737",0,1737,1
"1738",0,1738,3
"1739",0,1739,1
"1740",0,1740,1
"1741",0,1741,3
"1742",0,1742,1
"1743",0,1743,6
"1744",0,1744,1
"1745",0,1745,1
"1746",0,1746,0
"1747",0,1747,3
"1748",0,1748,4
"1749",0,1749,1
"1750",0,1750,6
"1751",0,1751,1
"1752",0,1752,1
"1753",0,1753,1
"1754",0,1754,2
"1755",0,1755,5
"1756",0,1756,1
"1757",0,1757,1
"1758",0,1758,1
"1759",0,1759,1
"1760",0,1760,2
"1761",0,1761,1
"1762",0,1762,1
"1763",0,1763,2
"1764",0,1764,1
"1765",0,1765,1
"1766",0,1766,1
"1767",0,1767,1
"1768",0,1768,1
"1769",0,1769,1
"1770",0,1770,2
"1771",0,1771,1
"1772",0,1772,3
"1773",0,1773,4
"1774",0,1774,1
"1775",0,1775,4
"1776",0,1776,2
"1777",0,1777,1
"1778",0,1778,2
"1779",0,1779,4
"1780",0,1780,2
"1781",0,1781,2
"1782",0,1782,1
"1783",0,1783,1
"1784",0,1784,0
"1785",0,1785,1
"1786",0,1786,4
"1787",0,1787,4
"1788",0,1788,1
"1789",0,1789,2
"1790",0,1790,1
"1791",0,1791,1
"1792",0,1792,1
"1793",0,1793,1
"1794",0,1794,1
"1795",0,1795,1
"1796",0,1796,2
"1797",0,1797,2
"1798",0,1798,2
"1799",0,1799,1
"1800",0,1800,1
"1801",0,1801,3
"1802",0,1802,2
"1803",0,1803,1
"1804",0,1804,3
"1805",0,1805,3
"1806",0,1806,1
"1807",0,1807,2
"1808",0,1808,3
"1809",0,1809,1
"1810",0,1810,1
"1811",0,1811,2
"1812",0,1812,2
"1813",0,1813,1
"1814",0,1814,2
"1815",0,1815,1
"1816",0,1816,3
"1817",0,1817,2
"1818",0,1818,1
"1819",0,1819,1
"1820",0,1820,2
"1821",0,1821,3
"1822",0,1822,2
"1823",0,1823,3
"1824",0,1824,1
"1825",0,1825,1
"1826",0,1826,1
"1827",0,1827,3
"1828",0,1828,4
"1829",0,1829,1
"1830",0,1830,4
"1831",0,1831,2
"1832",0,1832,3
"1833",0,1833,4
"1834",0,1834,2
"1835",0,1835,1
"1836",0,1836,1
"1837",0,1837,2
"1838",0,1838,1
"1839",0,1839,1
"1840",0,1840,2
"1841",0,1841,2
"1842",0,1842,4
"1843",0,1843,0
"1844",0,1844,0
"1845",0,1845,1
"1846",0,1846,3
"1847",0,1847,1
"1848",0,1848,5
"1849",0,1849,1
"1850",0,1850,0
"1851",0,1851,3
"1852",0,1852,3
"1853",0,1853,1
"1854",0,1854,1
"1855",0,1855,2
"1856",0,1856,1
"1857",0,1857,1
"1858",0,1858,2
"1859",0,1859,1
"1860",0,1860,1
"1861",0,1861,1
"1862",0,1862,2
"1863",0,1863,3
"1864",0,1864,1
"1865",0,1865,1
"1866",0,1866,1
"1867",0,1867,2
"1868",0,1868,1
"1869",0,1869,1
"1870",0,1870,1
"1871",0,1871,1
"1872",0,1872,2
"1873",0,1873,4
"1874",0,1874,1
"1875",0,1875,2
"1876",0,1876,1
"1877",0,1877,0
"1878",0,1878,1
"1879",0,1879,2
"1880",0,1880,3
"1881",0,1881,0
"1882",0,1882,2
"1883",0,1883,6
"1884",0,1884,1
"1885",0,1885,1
"1886",0,1886,1
"1887",0,1887,0
"1888",0,1888,0
"1889",0,1889,1
"1890",0,1890,1
"1891",0,1891,1
"1892",0,1892,1
"1893",0,1893,2
"1894",0,1894,2
"1895",0,1895,5
"1896",0,1896,1
"1897",0,1897,2
"1898",0,1898,1
"1899",0,1899,1
"1900",0,1900,14
"1901",0,1901,2
"1902",0,1902,1
"1903",0,1903,2
"1904",0,1904,2
"1905",0,1905,3
"1906",0,1906,3
"1907",0,1907,1
"1908",0,1908,1
"1909",0,1909,2
"1910",0,1910,3
"1911",0,1911,1
"1912",0,1912,2
"1913",0,1913,2
"1914",0,1914,1
"1915",0,1915,2
"1916",0,1916,3
"1917",0,1917,2
"1918",0,1918,4
"1919",0,1919,1
"1920",0,1920,3
"1921",0,1921,2
"1922",0,1922,1
"1923",0,1923,2
"1924",0,1924,1
"1925",0,1925,1
"1926",0,1926,1
"1927",0,1927,1
"1928",0,1928,1
"1929",0,1929,1
"1930",0,1930,1
"1931",0,1931,1
"1932",0,1932,3
"1933",0,1933,1
"1934",0,1934,5
"1935",0,1935,1
"1936",0,1936,0
"1937",0,1937,1
"1938",0,1938,1
"1939",0,1939,3
"1940",0,1940,1
"1941",0,1941,1
"1942",0,1942,2
"1943",0,1943,1
"1944",0,1944,0
"1945",0,1945,1
"1946",0,1946,4
"1947",0,1947,1
"1948",0,1948,2
"1949",0,1949,1
"1950",0,1950,1
"1951",0,1951,3
"1952",0,1952,1
"1953",0,1953,1
"1954",0,1954,1
"1955",0,1955,2
"1956",0,1956,1
"1957",0,1957,1
"1958",0,1958,4
"1959",0,1959,1
"1960",0,1960,3
"1961",0,1961,3
"1962",0,1962,1
"1963",0,1963,2
"1964",0,1964,1
"1965",0,1965,1
"1966",0,1966,1
"1967",0,1967,2
"1968",0,1968,1
"1969",0,1969,3
"1970",0,1970,1
"1971",0,1971,1
"1972",0,1972,4
"1973",0,1973,0
"1974",0,1974,1
"1975",0,1975,1
"1976",0,1976,1
"1977",0,1977,2
"1978",0,1978,1
"1979",0,1979,1
"1980",0,1980,6
"1981",0,1981,0
"1982",0,1982,2
"1983",0,1983,2
"1984",0,1984,1
"1985",0,1985,1
"1986",0,1986,1
"1987",0,1987,1
"1988",0,1988,1
"1989",0,1989,0
"1990",0,1990,10
"1991",0,1991,1
"1992",0,1992,1
"1993",0,1993,2
"1994",0,1994,2
"1995",0,1995,0
"1996",0,1996,1
"1997",0,1997,2
"1998",0,1998,1
"1999",0,1999,2
"2000",0,2000,1
