"","id","Lead_Investors","Lead_Investors_1","Lead_Investors_2","Lead_Investors_3","Lead_Investors_4","Lead_Investors_5","Lead_Investors_6","Lead_Investors_7","Lead_Investors_8","Lead_Investors_9","Lead_Investors_NA"
"1",1,"3",0,0,1,0,0,0,0,0,0,0
"2",2,"3",0,0,1,0,0,0,0,0,0,0
"3",3,"2",0,1,0,0,0,0,0,0,0,0
"4",4,"5",0,0,0,0,1,0,0,0,0,0
"5",5,"1",1,0,0,0,0,0,0,0,0,0
"6",6,"8",0,0,0,0,0,0,0,1,0,0
"7",7,"2",0,1,0,0,0,0,0,0,0,0
"8",8,"3",0,0,1,0,0,0,0,0,0,0
"9",9,"NA",0,0,0,0,0,0,0,0,0,1
"10",10,"1",1,0,0,0,0,0,0,0,0,0
"11",11,"2",0,1,0,0,0,0,0,0,0,0
"12",12,"4",0,0,0,1,0,0,0,0,0,0
"13",13,"9",0,0,0,0,0,0,0,0,1,0
"14",14,"1",1,0,0,0,0,0,0,0,0,0
"15",15,"2",0,1,0,0,0,0,0,0,0,0
"16",16,"5",0,0,0,0,1,0,0,0,0,0
"17",17,"9",0,0,0,0,0,0,0,0,1,0
"18",18,"NA",0,0,0,0,0,0,0,0,0,1
"19",19,"4",0,0,0,1,0,0,0,0,0,0
"20",20,"9",0,0,0,0,0,0,0,0,1,0
"21",21,"4",0,0,0,1,0,0,0,0,0,0
"22",22,"8",0,0,0,0,0,0,0,1,0,0
"23",23,"2",0,1,0,0,0,0,0,0,0,0
"24",24,"2",0,1,0,0,0,0,0,0,0,0
"25",25,"6",0,0,0,0,0,1,0,0,0,0
"26",26,"3",0,0,1,0,0,0,0,0,0,0
"27",27,"3",0,0,1,0,0,0,0,0,0,0
"28",28,"7",0,0,0,0,0,0,1,0,0,0
"29",29,"3",0,0,1,0,0,0,0,0,0,0
"30",30,"6",0,0,0,0,0,1,0,0,0,0
"31",31,"2",0,1,0,0,0,0,0,0,0,0
"32",32,"9",0,0,0,0,0,0,0,0,1,0
"33",33,"1",1,0,0,0,0,0,0,0,0,0
"34",34,"2",0,1,0,0,0,0,0,0,0,0
"35",35,"1",1,0,0,0,0,0,0,0,0,0
"36",36,"6",0,0,0,0,0,1,0,0,0,0
"37",37,"NA",0,0,0,0,0,0,0,0,0,1
"38",38,"5",0,0,0,0,1,0,0,0,0,0
"39",39,"5",0,0,0,0,1,0,0,0,0,0
"40",40,"1",1,0,0,0,0,0,0,0,0,0
"41",41,"NA",0,0,0,0,0,0,0,0,0,1
"42",42,"1",1,0,0,0,0,0,0,0,0,0
"43",43,"2",0,1,0,0,0,0,0,0,0,0
"44",44,"5",0,0,0,0,1,0,0,0,0,0
"45",45,"2",0,1,0,0,0,0,0,0,0,0
"46",46,"2",0,1,0,0,0,0,0,0,0,0
"47",47,"5",0,0,0,0,1,0,0,0,0,0
"48",48,"4",0,0,0,1,0,0,0,0,0,0
"49",49,"1",1,0,0,0,0,0,0,0,0,0
"50",50,"2",0,1,0,0,0,0,0,0,0,0
"51",51,"1",1,0,0,0,0,0,0,0,0,0
"52",52,"1",1,0,0,0,0,0,0,0,0,0
"53",53,"4",0,0,0,1,0,0,0,0,0,0
"54",54,"4",0,0,0,1,0,0,0,0,0,0
"55",55,"2",0,1,0,0,0,0,0,0,0,0
"56",56,"NA",0,0,0,0,0,0,0,0,0,1
"57",57,"4",0,0,0,1,0,0,0,0,0,0
"58",58,"5",0,0,0,0,1,0,0,0,0,0
"59",59,"2",0,1,0,0,0,0,0,0,0,0
"60",60,"NA",0,0,0,0,0,0,0,0,0,1
"61",61,"2",0,1,0,0,0,0,0,0,0,0
"62",62,"3",0,0,1,0,0,0,0,0,0,0
"63",63,"NA",0,0,0,0,0,0,0,0,0,1
"64",64,"3",0,0,1,0,0,0,0,0,0,0
"65",65,"2",0,1,0,0,0,0,0,0,0,0
"66",66,"4",0,0,0,1,0,0,0,0,0,0
"67",67,"6",0,0,0,0,0,1,0,0,0,0
"68",68,"5",0,0,0,0,1,0,0,0,0,0
"69",69,"5",0,0,0,0,1,0,0,0,0,0
"70",70,"2",0,1,0,0,0,0,0,0,0,0
"71",71,"4",0,0,0,1,0,0,0,0,0,0
"72",72,"2",0,1,0,0,0,0,0,0,0,0
"73",73,"NA",0,0,0,0,0,0,0,0,0,1
"74",74,"2",0,1,0,0,0,0,0,0,0,0
"75",75,"2",0,1,0,0,0,0,0,0,0,0
"76",76,"1",1,0,0,0,0,0,0,0,0,0
"77",77,"3",0,0,1,0,0,0,0,0,0,0
"78",78,"3",0,0,1,0,0,0,0,0,0,0
"79",79,"2",0,1,0,0,0,0,0,0,0,0
"80",80,"NA",0,0,0,0,0,0,0,0,0,1
"81",81,"5",0,0,0,0,1,0,0,0,0,0
"82",82,"1",1,0,0,0,0,0,0,0,0,0
"83",83,"NA",0,0,0,0,0,0,0,0,0,1
"84",84,"1",1,0,0,0,0,0,0,0,0,0
"85",85,"2",0,1,0,0,0,0,0,0,0,0
"86",86,"1",1,0,0,0,0,0,0,0,0,0
"87",87,"2",0,1,0,0,0,0,0,0,0,0
"88",88,"1",1,0,0,0,0,0,0,0,0,0
"89",89,"3",0,0,1,0,0,0,0,0,0,0
"90",90,"3",0,0,1,0,0,0,0,0,0,0
"91",91,"5",0,0,0,0,1,0,0,0,0,0
"92",92,"1",1,0,0,0,0,0,0,0,0,0
"93",93,"2",0,1,0,0,0,0,0,0,0,0
"94",94,"3",0,0,1,0,0,0,0,0,0,0
"95",95,"2",0,1,0,0,0,0,0,0,0,0
"96",96,"4",0,0,0,1,0,0,0,0,0,0
"97",97,"2",0,1,0,0,0,0,0,0,0,0
"98",98,"4",0,0,0,1,0,0,0,0,0,0
"99",99,"2",0,1,0,0,0,0,0,0,0,0
"100",100,"3",0,0,1,0,0,0,0,0,0,0
"101",101,"3",0,0,1,0,0,0,0,0,0,0
"102",102,"4",0,0,0,1,0,0,0,0,0,0
"103",103,"2",0,1,0,0,0,0,0,0,0,0
"104",104,"2",0,1,0,0,0,0,0,0,0,0
"105",105,"5",0,0,0,0,1,0,0,0,0,0
"106",106,"2",0,1,0,0,0,0,0,0,0,0
"107",107,"3",0,0,1,0,0,0,0,0,0,0
"108",108,"4",0,0,0,1,0,0,0,0,0,0
"109",109,"2",0,1,0,0,0,0,0,0,0,0
"110",110,"1",1,0,0,0,0,0,0,0,0,0
"111",111,"6",0,0,0,0,0,1,0,0,0,0
"112",112,"2",0,1,0,0,0,0,0,0,0,0
"113",113,"2",0,1,0,0,0,0,0,0,0,0
"114",114,"3",0,0,1,0,0,0,0,0,0,0
"115",115,"2",0,1,0,0,0,0,0,0,0,0
"116",116,"1",1,0,0,0,0,0,0,0,0,0
"117",117,"3",0,0,1,0,0,0,0,0,0,0
"118",118,"2",0,1,0,0,0,0,0,0,0,0
"119",119,"3",0,0,1,0,0,0,0,0,0,0
"120",120,"2",0,1,0,0,0,0,0,0,0,0
"121",121,"4",0,0,0,1,0,0,0,0,0,0
"122",122,"1",1,0,0,0,0,0,0,0,0,0
"123",123,"4",0,0,0,1,0,0,0,0,0,0
"124",124,"1",1,0,0,0,0,0,0,0,0,0
"125",125,"3",0,0,1,0,0,0,0,0,0,0
"126",126,"1",1,0,0,0,0,0,0,0,0,0
"127",127,"2",0,1,0,0,0,0,0,0,0,0
"128",128,"1",1,0,0,0,0,0,0,0,0,0
"129",129,"5",0,0,0,0,1,0,0,0,0,0
"130",130,"2",0,1,0,0,0,0,0,0,0,0
"131",131,"2",0,1,0,0,0,0,0,0,0,0
"132",132,"1",1,0,0,0,0,0,0,0,0,0
"133",133,"2",0,1,0,0,0,0,0,0,0,0
"134",134,"2",0,1,0,0,0,0,0,0,0,0
"135",135,"1",1,0,0,0,0,0,0,0,0,0
"136",136,"7",0,0,0,0,0,0,1,0,0,0
"137",137,"1",1,0,0,0,0,0,0,0,0,0
"138",138,"2",0,1,0,0,0,0,0,0,0,0
"139",139,"1",1,0,0,0,0,0,0,0,0,0
"140",140,"2",0,1,0,0,0,0,0,0,0,0
"141",141,"NA",0,0,0,0,0,0,0,0,0,1
"142",142,"1",1,0,0,0,0,0,0,0,0,0
"143",143,"6",0,0,0,0,0,1,0,0,0,0
"144",144,"3",0,0,1,0,0,0,0,0,0,0
"145",145,"2",0,1,0,0,0,0,0,0,0,0
"146",146,"2",0,1,0,0,0,0,0,0,0,0
"147",147,"3",0,0,1,0,0,0,0,0,0,0
"148",148,"1",1,0,0,0,0,0,0,0,0,0
"149",149,"3",0,0,1,0,0,0,0,0,0,0
"150",150,"2",0,1,0,0,0,0,0,0,0,0
"151",151,"5",0,0,0,0,1,0,0,0,0,0
"152",152,"5",0,0,0,0,1,0,0,0,0,0
"153",153,"NA",0,0,0,0,0,0,0,0,0,1
"154",154,"3",0,0,1,0,0,0,0,0,0,0
"155",155,"4",0,0,0,1,0,0,0,0,0,0
"156",156,"1",1,0,0,0,0,0,0,0,0,0
"157",157,"1",1,0,0,0,0,0,0,0,0,0
"158",158,"4",0,0,0,1,0,0,0,0,0,0
"159",159,"1",1,0,0,0,0,0,0,0,0,0
"160",160,"1",1,0,0,0,0,0,0,0,0,0
"161",161,"3",0,0,1,0,0,0,0,0,0,0
"162",162,"1",1,0,0,0,0,0,0,0,0,0
"163",163,"2",0,1,0,0,0,0,0,0,0,0
"164",164,"1",1,0,0,0,0,0,0,0,0,0
"165",165,"NA",0,0,0,0,0,0,0,0,0,1
"166",166,"2",0,1,0,0,0,0,0,0,0,0
"167",167,"1",1,0,0,0,0,0,0,0,0,0
"168",168,"1",1,0,0,0,0,0,0,0,0,0
"169",169,"NA",0,0,0,0,0,0,0,0,0,1
"170",170,"2",0,1,0,0,0,0,0,0,0,0
"171",171,"1",1,0,0,0,0,0,0,0,0,0
"172",172,"5",0,0,0,0,1,0,0,0,0,0
"173",173,"1",1,0,0,0,0,0,0,0,0,0
"174",174,"2",0,1,0,0,0,0,0,0,0,0
"175",175,"4",0,0,0,1,0,0,0,0,0,0
"176",176,"2",0,1,0,0,0,0,0,0,0,0
"177",177,"3",0,0,1,0,0,0,0,0,0,0
"178",178,"2",0,1,0,0,0,0,0,0,0,0
"179",179,"NA",0,0,0,0,0,0,0,0,0,1
"180",180,"3",0,0,1,0,0,0,0,0,0,0
"181",181,"NA",0,0,0,0,0,0,0,0,0,1
"182",182,"3",0,0,1,0,0,0,0,0,0,0
"183",183,"NA",0,0,0,0,0,0,0,0,0,1
"184",184,"2",0,1,0,0,0,0,0,0,0,0
"185",185,"3",0,0,1,0,0,0,0,0,0,0
"186",186,"1",1,0,0,0,0,0,0,0,0,0
"187",187,"3",0,0,1,0,0,0,0,0,0,0
"188",188,"4",0,0,0,1,0,0,0,0,0,0
"189",189,"2",0,1,0,0,0,0,0,0,0,0
"190",190,"1",1,0,0,0,0,0,0,0,0,0
"191",191,"3",0,0,1,0,0,0,0,0,0,0
"192",192,"2",0,1,0,0,0,0,0,0,0,0
"193",193,"4",0,0,0,1,0,0,0,0,0,0
"194",194,"3",0,0,1,0,0,0,0,0,0,0
"195",195,"1",1,0,0,0,0,0,0,0,0,0
"196",196,"1",1,0,0,0,0,0,0,0,0,0
"197",197,"2",0,1,0,0,0,0,0,0,0,0
"198",198,"3",0,0,1,0,0,0,0,0,0,0
"199",199,"1",1,0,0,0,0,0,0,0,0,0
"200",200,"2",0,1,0,0,0,0,0,0,0,0
"201",201,"3",0,0,1,0,0,0,0,0,0,0
"202",202,"2",0,1,0,0,0,0,0,0,0,0
"203",203,"2",0,1,0,0,0,0,0,0,0,0
"204",204,"5",0,0,0,0,1,0,0,0,0,0
"205",205,"1",1,0,0,0,0,0,0,0,0,0
"206",206,"4",0,0,0,1,0,0,0,0,0,0
"207",207,"4",0,0,0,1,0,0,0,0,0,0
"208",208,"3",0,0,1,0,0,0,0,0,0,0
"209",209,"6",0,0,0,0,0,1,0,0,0,0
"210",210,"NA",0,0,0,0,0,0,0,0,0,1
"211",211,"1",1,0,0,0,0,0,0,0,0,0
"212",212,"3",0,0,1,0,0,0,0,0,0,0
"213",213,"2",0,1,0,0,0,0,0,0,0,0
"214",214,"2",0,1,0,0,0,0,0,0,0,0
"215",215,"2",0,1,0,0,0,0,0,0,0,0
"216",216,"3",0,0,1,0,0,0,0,0,0,0
"217",217,"3",0,0,1,0,0,0,0,0,0,0
"218",218,"1",1,0,0,0,0,0,0,0,0,0
"219",219,"1",1,0,0,0,0,0,0,0,0,0
"220",220,"1",1,0,0,0,0,0,0,0,0,0
"221",221,"2",0,1,0,0,0,0,0,0,0,0
"222",222,"5",0,0,0,0,1,0,0,0,0,0
"223",223,"3",0,0,1,0,0,0,0,0,0,0
"224",224,"5",0,0,0,0,1,0,0,0,0,0
"225",225,"1",1,0,0,0,0,0,0,0,0,0
"226",226,"1",1,0,0,0,0,0,0,0,0,0
"227",227,"2",0,1,0,0,0,0,0,0,0,0
"228",228,"1",1,0,0,0,0,0,0,0,0,0
"229",229,"1",1,0,0,0,0,0,0,0,0,0
"230",230,"3",0,0,1,0,0,0,0,0,0,0
"231",231,"3",0,0,1,0,0,0,0,0,0,0
"232",232,"2",0,1,0,0,0,0,0,0,0,0
"233",233,"2",0,1,0,0,0,0,0,0,0,0
"234",234,"1",1,0,0,0,0,0,0,0,0,0
"235",235,"1",1,0,0,0,0,0,0,0,0,0
"236",236,"NA",0,0,0,0,0,0,0,0,0,1
"237",237,"1",1,0,0,0,0,0,0,0,0,0
"238",238,"2",0,1,0,0,0,0,0,0,0,0
"239",239,"NA",0,0,0,0,0,0,0,0,0,1
"240",240,"1",1,0,0,0,0,0,0,0,0,0
"241",241,"3",0,0,1,0,0,0,0,0,0,0
"242",242,"1",1,0,0,0,0,0,0,0,0,0
"243",243,"2",0,1,0,0,0,0,0,0,0,0
"244",244,"5",0,0,0,0,1,0,0,0,0,0
"245",245,"4",0,0,0,1,0,0,0,0,0,0
"246",246,"NA",0,0,0,0,0,0,0,0,0,1
"247",247,"2",0,1,0,0,0,0,0,0,0,0
"248",248,"2",0,1,0,0,0,0,0,0,0,0
"249",249,"3",0,0,1,0,0,0,0,0,0,0
"250",250,"4",0,0,0,1,0,0,0,0,0,0
"251",251,"2",0,1,0,0,0,0,0,0,0,0
"252",252,"2",0,1,0,0,0,0,0,0,0,0
"253",253,"3",0,0,1,0,0,0,0,0,0,0
"254",254,"4",0,0,0,1,0,0,0,0,0,0
"255",255,"2",0,1,0,0,0,0,0,0,0,0
"256",256,"1",1,0,0,0,0,0,0,0,0,0
"257",257,"2",0,1,0,0,0,0,0,0,0,0
"258",258,"1",1,0,0,0,0,0,0,0,0,0
"259",259,"2",0,1,0,0,0,0,0,0,0,0
"260",260,"1",1,0,0,0,0,0,0,0,0,0
"261",261,"2",0,1,0,0,0,0,0,0,0,0
"262",262,"1",1,0,0,0,0,0,0,0,0,0
"263",263,"2",0,1,0,0,0,0,0,0,0,0
"264",264,"3",0,0,1,0,0,0,0,0,0,0
"265",265,"NA",0,0,0,0,0,0,0,0,0,1
"266",266,"2",0,1,0,0,0,0,0,0,0,0
"267",267,"3",0,0,1,0,0,0,0,0,0,0
"268",268,"NA",0,0,0,0,0,0,0,0,0,1
"269",269,"3",0,0,1,0,0,0,0,0,0,0
"270",270,"NA",0,0,0,0,0,0,0,0,0,1
"271",271,"3",0,0,1,0,0,0,0,0,0,0
"272",272,"2",0,1,0,0,0,0,0,0,0,0
"273",273,"2",0,1,0,0,0,0,0,0,0,0
"274",274,"2",0,1,0,0,0,0,0,0,0,0
"275",275,"2",0,1,0,0,0,0,0,0,0,0
"276",276,"1",1,0,0,0,0,0,0,0,0,0
"277",277,"1",1,0,0,0,0,0,0,0,0,0
"278",278,"1",1,0,0,0,0,0,0,0,0,0
"279",279,"2",0,1,0,0,0,0,0,0,0,0
"280",280,"NA",0,0,0,0,0,0,0,0,0,1
"281",281,"2",0,1,0,0,0,0,0,0,0,0
"282",282,"NA",0,0,0,0,0,0,0,0,0,1
"283",283,"3",0,0,1,0,0,0,0,0,0,0
"284",284,"4",0,0,0,1,0,0,0,0,0,0
"285",285,"1",1,0,0,0,0,0,0,0,0,0
"286",286,"2",0,1,0,0,0,0,0,0,0,0
"287",287,"1",1,0,0,0,0,0,0,0,0,0
"288",288,"NA",0,0,0,0,0,0,0,0,0,1
"289",289,"NA",0,0,0,0,0,0,0,0,0,1
"290",290,"3",0,0,1,0,0,0,0,0,0,0
"291",291,"1",1,0,0,0,0,0,0,0,0,0
"292",292,"1",1,0,0,0,0,0,0,0,0,0
"293",293,"3",0,0,1,0,0,0,0,0,0,0
"294",294,"2",0,1,0,0,0,0,0,0,0,0
"295",295,"NA",0,0,0,0,0,0,0,0,0,1
"296",296,"NA",0,0,0,0,0,0,0,0,0,1
"297",297,"NA",0,0,0,0,0,0,0,0,0,1
"298",298,"2",0,1,0,0,0,0,0,0,0,0
"299",299,"6",0,0,0,0,0,1,0,0,0,0
"300",300,"2",0,1,0,0,0,0,0,0,0,0
"301",301,"1",1,0,0,0,0,0,0,0,0,0
"302",302,"1",1,0,0,0,0,0,0,0,0,0
"303",303,"2",0,1,0,0,0,0,0,0,0,0
"304",304,"1",1,0,0,0,0,0,0,0,0,0
"305",305,"1",1,0,0,0,0,0,0,0,0,0
"306",306,"NA",0,0,0,0,0,0,0,0,0,1
"307",307,"3",0,0,1,0,0,0,0,0,0,0
"308",308,"1",1,0,0,0,0,0,0,0,0,0
"309",309,"1",1,0,0,0,0,0,0,0,0,0
"310",310,"NA",0,0,0,0,0,0,0,0,0,1
"311",311,"2",0,1,0,0,0,0,0,0,0,0
"312",312,"1",1,0,0,0,0,0,0,0,0,0
"313",313,"2",0,1,0,0,0,0,0,0,0,0
"314",314,"1",1,0,0,0,0,0,0,0,0,0
"315",315,"1",1,0,0,0,0,0,0,0,0,0
"316",316,"2",0,1,0,0,0,0,0,0,0,0
"317",317,"1",1,0,0,0,0,0,0,0,0,0
"318",318,"1",1,0,0,0,0,0,0,0,0,0
"319",319,"5",0,0,0,0,1,0,0,0,0,0
"320",320,"NA",0,0,0,0,0,0,0,0,0,1
"321",321,"1",1,0,0,0,0,0,0,0,0,0
"322",322,"5",0,0,0,0,1,0,0,0,0,0
"323",323,"NA",0,0,0,0,0,0,0,0,0,1
"324",324,"1",1,0,0,0,0,0,0,0,0,0
"325",325,"3",0,0,1,0,0,0,0,0,0,0
"326",326,"1",1,0,0,0,0,0,0,0,0,0
"327",327,"2",0,1,0,0,0,0,0,0,0,0
"328",328,"3",0,0,1,0,0,0,0,0,0,0
"329",329,"3",0,0,1,0,0,0,0,0,0,0
"330",330,"2",0,1,0,0,0,0,0,0,0,0
"331",331,"4",0,0,0,1,0,0,0,0,0,0
"332",332,"1",1,0,0,0,0,0,0,0,0,0
"333",333,"3",0,0,1,0,0,0,0,0,0,0
"334",334,"NA",0,0,0,0,0,0,0,0,0,1
"335",335,"3",0,0,1,0,0,0,0,0,0,0
"336",336,"2",0,1,0,0,0,0,0,0,0,0
"337",337,"NA",0,0,0,0,0,0,0,0,0,1
"338",338,"2",0,1,0,0,0,0,0,0,0,0
"339",339,"3",0,0,1,0,0,0,0,0,0,0
"340",340,"1",1,0,0,0,0,0,0,0,0,0
"341",341,"2",0,1,0,0,0,0,0,0,0,0
"342",342,"NA",0,0,0,0,0,0,0,0,0,1
"343",343,"1",1,0,0,0,0,0,0,0,0,0
"344",344,"3",0,0,1,0,0,0,0,0,0,0
"345",345,"3",0,0,1,0,0,0,0,0,0,0
"346",346,"6",0,0,0,0,0,1,0,0,0,0
"347",347,"1",1,0,0,0,0,0,0,0,0,0
"348",348,"2",0,1,0,0,0,0,0,0,0,0
"349",349,"1",1,0,0,0,0,0,0,0,0,0
"350",350,"1",1,0,0,0,0,0,0,0,0,0
"351",351,"1",1,0,0,0,0,0,0,0,0,0
"352",352,"1",1,0,0,0,0,0,0,0,0,0
"353",353,"1",1,0,0,0,0,0,0,0,0,0
"354",354,"NA",0,0,0,0,0,0,0,0,0,1
"355",355,"2",0,1,0,0,0,0,0,0,0,0
"356",356,"NA",0,0,0,0,0,0,0,0,0,1
"357",357,"NA",0,0,0,0,0,0,0,0,0,1
"358",358,"NA",0,0,0,0,0,0,0,0,0,1
"359",359,"2",0,1,0,0,0,0,0,0,0,0
"360",360,"1",1,0,0,0,0,0,0,0,0,0
"361",361,"1",1,0,0,0,0,0,0,0,0,0
"362",362,"NA",0,0,0,0,0,0,0,0,0,1
"363",363,"3",0,0,1,0,0,0,0,0,0,0
"364",364,"1",1,0,0,0,0,0,0,0,0,0
"365",365,"2",0,1,0,0,0,0,0,0,0,0
"366",366,"4",0,0,0,1,0,0,0,0,0,0
"367",367,"2",0,1,0,0,0,0,0,0,0,0
"368",368,"2",0,1,0,0,0,0,0,0,0,0
"369",369,"2",0,1,0,0,0,0,0,0,0,0
"370",370,"2",0,1,0,0,0,0,0,0,0,0
"371",371,"NA",0,0,0,0,0,0,0,0,0,1
"372",372,"2",0,1,0,0,0,0,0,0,0,0
"373",373,"NA",0,0,0,0,0,0,0,0,0,1
"374",374,"2",0,1,0,0,0,0,0,0,0,0
"375",375,"1",1,0,0,0,0,0,0,0,0,0
"376",376,"NA",0,0,0,0,0,0,0,0,0,1
"377",377,"2",0,1,0,0,0,0,0,0,0,0
"378",378,"1",1,0,0,0,0,0,0,0,0,0
"379",379,"NA",0,0,0,0,0,0,0,0,0,1
"380",380,"2",0,1,0,0,0,0,0,0,0,0
"381",381,"2",0,1,0,0,0,0,0,0,0,0
"382",382,"1",1,0,0,0,0,0,0,0,0,0
"383",383,"NA",0,0,0,0,0,0,0,0,0,1
"384",384,"1",1,0,0,0,0,0,0,0,0,0
"385",385,"3",0,0,1,0,0,0,0,0,0,0
"386",386,"NA",0,0,0,0,0,0,0,0,0,1
"387",387,"3",0,0,1,0,0,0,0,0,0,0
"388",388,"2",0,1,0,0,0,0,0,0,0,0
"389",389,"1",1,0,0,0,0,0,0,0,0,0
"390",390,"1",1,0,0,0,0,0,0,0,0,0
"391",391,"1",1,0,0,0,0,0,0,0,0,0
"392",392,"1",1,0,0,0,0,0,0,0,0,0
"393",393,"1",1,0,0,0,0,0,0,0,0,0
"394",394,"NA",0,0,0,0,0,0,0,0,0,1
"395",395,"4",0,0,0,1,0,0,0,0,0,0
"396",396,"1",1,0,0,0,0,0,0,0,0,0
"397",397,"1",1,0,0,0,0,0,0,0,0,0
"398",398,"2",0,1,0,0,0,0,0,0,0,0
"399",399,"1",1,0,0,0,0,0,0,0,0,0
"400",400,"1",1,0,0,0,0,0,0,0,0,0
"401",401,"2",0,1,0,0,0,0,0,0,0,0
"402",402,"4",0,0,0,1,0,0,0,0,0,0
"403",403,"1",1,0,0,0,0,0,0,0,0,0
"404",404,"1",1,0,0,0,0,0,0,0,0,0
"405",405,"1",1,0,0,0,0,0,0,0,0,0
"406",406,"NA",0,0,0,0,0,0,0,0,0,1
"407",407,"1",1,0,0,0,0,0,0,0,0,0
"408",408,"2",0,1,0,0,0,0,0,0,0,0
"409",409,"2",0,1,0,0,0,0,0,0,0,0
"410",410,"3",0,0,1,0,0,0,0,0,0,0
"411",411,"2",0,1,0,0,0,0,0,0,0,0
"412",412,"2",0,1,0,0,0,0,0,0,0,0
"413",413,"3",0,0,1,0,0,0,0,0,0,0
"414",414,"2",0,1,0,0,0,0,0,0,0,0
"415",415,"NA",0,0,0,0,0,0,0,0,0,1
"416",416,"3",0,0,1,0,0,0,0,0,0,0
"417",417,"NA",0,0,0,0,0,0,0,0,0,1
"418",418,"1",1,0,0,0,0,0,0,0,0,0
"419",419,"1",1,0,0,0,0,0,0,0,0,0
"420",420,"1",1,0,0,0,0,0,0,0,0,0
"421",421,"1",1,0,0,0,0,0,0,0,0,0
"422",422,"2",0,1,0,0,0,0,0,0,0,0
"423",423,"NA",0,0,0,0,0,0,0,0,0,1
"424",424,"1",1,0,0,0,0,0,0,0,0,0
"425",425,"2",0,1,0,0,0,0,0,0,0,0
"426",426,"NA",0,0,0,0,0,0,0,0,0,1
"427",427,"5",0,0,0,0,1,0,0,0,0,0
"428",428,"5",0,0,0,0,1,0,0,0,0,0
"429",429,"2",0,1,0,0,0,0,0,0,0,0
"430",430,"3",0,0,1,0,0,0,0,0,0,0
"431",431,"2",0,1,0,0,0,0,0,0,0,0
"432",432,"1",1,0,0,0,0,0,0,0,0,0
"433",433,"NA",0,0,0,0,0,0,0,0,0,1
"434",434,"1",1,0,0,0,0,0,0,0,0,0
"435",435,"3",0,0,1,0,0,0,0,0,0,0
"436",436,"4",0,0,0,1,0,0,0,0,0,0
"437",437,"2",0,1,0,0,0,0,0,0,0,0
"438",438,"1",1,0,0,0,0,0,0,0,0,0
"439",439,"1",1,0,0,0,0,0,0,0,0,0
"440",440,"2",0,1,0,0,0,0,0,0,0,0
"441",441,"2",0,1,0,0,0,0,0,0,0,0
"442",442,"1",1,0,0,0,0,0,0,0,0,0
"443",443,"1",1,0,0,0,0,0,0,0,0,0
"444",444,"2",0,1,0,0,0,0,0,0,0,0
"445",445,"1",1,0,0,0,0,0,0,0,0,0
"446",446,"3",0,0,1,0,0,0,0,0,0,0
"447",447,"2",0,1,0,0,0,0,0,0,0,0
"448",448,"3",0,0,1,0,0,0,0,0,0,0
"449",449,"3",0,0,1,0,0,0,0,0,0,0
"450",450,"1",1,0,0,0,0,0,0,0,0,0
"451",451,"1",1,0,0,0,0,0,0,0,0,0
"452",452,"1",1,0,0,0,0,0,0,0,0,0
"453",453,"4",0,0,0,1,0,0,0,0,0,0
"454",454,"4",0,0,0,1,0,0,0,0,0,0
"455",455,"1",1,0,0,0,0,0,0,0,0,0
"456",456,"1",1,0,0,0,0,0,0,0,0,0
"457",457,"2",0,1,0,0,0,0,0,0,0,0
"458",458,"NA",0,0,0,0,0,0,0,0,0,1
"459",459,"2",0,1,0,0,0,0,0,0,0,0
"460",460,"2",0,1,0,0,0,0,0,0,0,0
"461",461,"NA",0,0,0,0,0,0,0,0,0,1
"462",462,"2",0,1,0,0,0,0,0,0,0,0
"463",463,"2",0,1,0,0,0,0,0,0,0,0
"464",464,"2",0,1,0,0,0,0,0,0,0,0
"465",465,"2",0,1,0,0,0,0,0,0,0,0
"466",466,"1",1,0,0,0,0,0,0,0,0,0
"467",467,"2",0,1,0,0,0,0,0,0,0,0
"468",468,"3",0,0,1,0,0,0,0,0,0,0
"469",469,"NA",0,0,0,0,0,0,0,0,0,1
"470",470,"1",1,0,0,0,0,0,0,0,0,0
"471",471,"2",0,1,0,0,0,0,0,0,0,0
"472",472,"2",0,1,0,0,0,0,0,0,0,0
"473",473,"1",1,0,0,0,0,0,0,0,0,0
"474",474,"NA",0,0,0,0,0,0,0,0,0,1
"475",475,"1",1,0,0,0,0,0,0,0,0,0
"476",476,"2",0,1,0,0,0,0,0,0,0,0
"477",477,"2",0,1,0,0,0,0,0,0,0,0
"478",478,"NA",0,0,0,0,0,0,0,0,0,1
"479",479,"1",1,0,0,0,0,0,0,0,0,0
"480",480,"2",0,1,0,0,0,0,0,0,0,0
"481",481,"1",1,0,0,0,0,0,0,0,0,0
"482",482,"1",1,0,0,0,0,0,0,0,0,0
"483",483,"NA",0,0,0,0,0,0,0,0,0,1
"484",484,"2",0,1,0,0,0,0,0,0,0,0
"485",485,"1",1,0,0,0,0,0,0,0,0,0
"486",486,"3",0,0,1,0,0,0,0,0,0,0
"487",487,"1",1,0,0,0,0,0,0,0,0,0
"488",488,"2",0,1,0,0,0,0,0,0,0,0
"489",489,"2",0,1,0,0,0,0,0,0,0,0
"490",490,"NA",0,0,0,0,0,0,0,0,0,1
"491",491,"2",0,1,0,0,0,0,0,0,0,0
"492",492,"1",1,0,0,0,0,0,0,0,0,0
"493",493,"1",1,0,0,0,0,0,0,0,0,0
"494",494,"2",0,1,0,0,0,0,0,0,0,0
"495",495,"2",0,1,0,0,0,0,0,0,0,0
"496",496,"1",1,0,0,0,0,0,0,0,0,0
"497",497,"2",0,1,0,0,0,0,0,0,0,0
"498",498,"1",1,0,0,0,0,0,0,0,0,0
"499",499,"1",1,0,0,0,0,0,0,0,0,0
"500",500,"1",1,0,0,0,0,0,0,0,0,0
"501",501,"2",0,1,0,0,0,0,0,0,0,0
"502",502,"2",0,1,0,0,0,0,0,0,0,0
"503",503,"2",0,1,0,0,0,0,0,0,0,0
"504",504,"1",1,0,0,0,0,0,0,0,0,0
"505",505,"NA",0,0,0,0,0,0,0,0,0,1
"506",506,"NA",0,0,0,0,0,0,0,0,0,1
"507",507,"NA",0,0,0,0,0,0,0,0,0,1
"508",508,"1",1,0,0,0,0,0,0,0,0,0
"509",509,"NA",0,0,0,0,0,0,0,0,0,1
"510",510,"2",0,1,0,0,0,0,0,0,0,0
"511",511,"2",0,1,0,0,0,0,0,0,0,0
"512",512,"2",0,1,0,0,0,0,0,0,0,0
"513",513,"2",0,1,0,0,0,0,0,0,0,0
"514",514,"1",1,0,0,0,0,0,0,0,0,0
"515",515,"2",0,1,0,0,0,0,0,0,0,0
"516",516,"1",1,0,0,0,0,0,0,0,0,0
"517",517,"NA",0,0,0,0,0,0,0,0,0,1
"518",518,"1",1,0,0,0,0,0,0,0,0,0
"519",519,"NA",0,0,0,0,0,0,0,0,0,1
"520",520,"2",0,1,0,0,0,0,0,0,0,0
"521",521,"1",1,0,0,0,0,0,0,0,0,0
"522",522,"NA",0,0,0,0,0,0,0,0,0,1
"523",523,"1",1,0,0,0,0,0,0,0,0,0
"524",524,"NA",0,0,0,0,0,0,0,0,0,1
"525",525,"NA",0,0,0,0,0,0,0,0,0,1
"526",526,"1",1,0,0,0,0,0,0,0,0,0
"527",527,"1",1,0,0,0,0,0,0,0,0,0
"528",528,"2",0,1,0,0,0,0,0,0,0,0
"529",529,"1",1,0,0,0,0,0,0,0,0,0
"530",530,"2",0,1,0,0,0,0,0,0,0,0
"531",531,"2",0,1,0,0,0,0,0,0,0,0
"532",532,"2",0,1,0,0,0,0,0,0,0,0
"533",533,"3",0,0,1,0,0,0,0,0,0,0
"534",534,"1",1,0,0,0,0,0,0,0,0,0
"535",535,"2",0,1,0,0,0,0,0,0,0,0
"536",536,"1",1,0,0,0,0,0,0,0,0,0
"537",537,"NA",0,0,0,0,0,0,0,0,0,1
"538",538,"1",1,0,0,0,0,0,0,0,0,0
"539",539,"1",1,0,0,0,0,0,0,0,0,0
"540",540,"1",1,0,0,0,0,0,0,0,0,0
"541",541,"NA",0,0,0,0,0,0,0,0,0,1
"542",542,"1",1,0,0,0,0,0,0,0,0,0
"543",543,"1",1,0,0,0,0,0,0,0,0,0
"544",544,"NA",0,0,0,0,0,0,0,0,0,1
"545",545,"NA",0,0,0,0,0,0,0,0,0,1
"546",546,"2",0,1,0,0,0,0,0,0,0,0
"547",547,"1",1,0,0,0,0,0,0,0,0,0
"548",548,"4",0,0,0,1,0,0,0,0,0,0
"549",549,"1",1,0,0,0,0,0,0,0,0,0
"550",550,"6",0,0,0,0,0,1,0,0,0,0
"551",551,"3",0,0,1,0,0,0,0,0,0,0
"552",552,"1",1,0,0,0,0,0,0,0,0,0
"553",553,"NA",0,0,0,0,0,0,0,0,0,1
"554",554,"1",1,0,0,0,0,0,0,0,0,0
"555",555,"1",1,0,0,0,0,0,0,0,0,0
"556",556,"2",0,1,0,0,0,0,0,0,0,0
"557",557,"NA",0,0,0,0,0,0,0,0,0,1
"558",558,"2",0,1,0,0,0,0,0,0,0,0
"559",559,"1",1,0,0,0,0,0,0,0,0,0
"560",560,"1",1,0,0,0,0,0,0,0,0,0
"561",561,"3",0,0,1,0,0,0,0,0,0,0
"562",562,"2",0,1,0,0,0,0,0,0,0,0
"563",563,"3",0,0,1,0,0,0,0,0,0,0
"564",564,"1",1,0,0,0,0,0,0,0,0,0
"565",565,"1",1,0,0,0,0,0,0,0,0,0
"566",566,"NA",0,0,0,0,0,0,0,0,0,1
"567",567,"2",0,1,0,0,0,0,0,0,0,0
"568",568,"NA",0,0,0,0,0,0,0,0,0,1
"569",569,"NA",0,0,0,0,0,0,0,0,0,1
"570",570,"2",0,1,0,0,0,0,0,0,0,0
"571",571,"2",0,1,0,0,0,0,0,0,0,0
"572",572,"NA",0,0,0,0,0,0,0,0,0,1
"573",573,"2",0,1,0,0,0,0,0,0,0,0
"574",574,"1",1,0,0,0,0,0,0,0,0,0
"575",575,"1",1,0,0,0,0,0,0,0,0,0
"576",576,"NA",0,0,0,0,0,0,0,0,0,1
"577",577,"1",1,0,0,0,0,0,0,0,0,0
"578",578,"1",1,0,0,0,0,0,0,0,0,0
"579",579,"NA",0,0,0,0,0,0,0,0,0,1
"580",580,"1",1,0,0,0,0,0,0,0,0,0
"581",581,"1",1,0,0,0,0,0,0,0,0,0
"582",582,"2",0,1,0,0,0,0,0,0,0,0
"583",583,"3",0,0,1,0,0,0,0,0,0,0
"584",584,"2",0,1,0,0,0,0,0,0,0,0
"585",585,"3",0,0,1,0,0,0,0,0,0,0
"586",586,"2",0,1,0,0,0,0,0,0,0,0
"587",587,"1",1,0,0,0,0,0,0,0,0,0
"588",588,"4",0,0,0,1,0,0,0,0,0,0
"589",589,"NA",0,0,0,0,0,0,0,0,0,1
"590",590,"NA",0,0,0,0,0,0,0,0,0,1
"591",591,"1",1,0,0,0,0,0,0,0,0,0
"592",592,"1",1,0,0,0,0,0,0,0,0,0
"593",593,"NA",0,0,0,0,0,0,0,0,0,1
"594",594,"NA",0,0,0,0,0,0,0,0,0,1
"595",595,"2",0,1,0,0,0,0,0,0,0,0
"596",596,"1",1,0,0,0,0,0,0,0,0,0
"597",597,"NA",0,0,0,0,0,0,0,0,0,1
"598",598,"2",0,1,0,0,0,0,0,0,0,0
"599",599,"1",1,0,0,0,0,0,0,0,0,0
"600",600,"1",1,0,0,0,0,0,0,0,0,0
"601",601,"1",1,0,0,0,0,0,0,0,0,0
"602",602,"3",0,0,1,0,0,0,0,0,0,0
"603",603,"1",1,0,0,0,0,0,0,0,0,0
"604",604,"2",0,1,0,0,0,0,0,0,0,0
"605",605,"1",1,0,0,0,0,0,0,0,0,0
"606",606,"1",1,0,0,0,0,0,0,0,0,0
"607",607,"NA",0,0,0,0,0,0,0,0,0,1
"608",608,"1",1,0,0,0,0,0,0,0,0,0
"609",609,"1",1,0,0,0,0,0,0,0,0,0
"610",610,"2",0,1,0,0,0,0,0,0,0,0
"611",611,"NA",0,0,0,0,0,0,0,0,0,1
"612",612,"NA",0,0,0,0,0,0,0,0,0,1
"613",613,"2",0,1,0,0,0,0,0,0,0,0
"614",614,"2",0,1,0,0,0,0,0,0,0,0
"615",615,"1",1,0,0,0,0,0,0,0,0,0
"616",616,"2",0,1,0,0,0,0,0,0,0,0
"617",617,"1",1,0,0,0,0,0,0,0,0,0
"618",618,"NA",0,0,0,0,0,0,0,0,0,1
"619",619,"NA",0,0,0,0,0,0,0,0,0,1
"620",620,"NA",0,0,0,0,0,0,0,0,0,1
"621",621,"1",1,0,0,0,0,0,0,0,0,0
"622",622,"1",1,0,0,0,0,0,0,0,0,0
"623",623,"2",0,1,0,0,0,0,0,0,0,0
"624",624,"2",0,1,0,0,0,0,0,0,0,0
"625",625,"1",1,0,0,0,0,0,0,0,0,0
"626",626,"1",1,0,0,0,0,0,0,0,0,0
"627",627,"NA",0,0,0,0,0,0,0,0,0,1
"628",628,"2",0,1,0,0,0,0,0,0,0,0
"629",629,"NA",0,0,0,0,0,0,0,0,0,1
"630",630,"1",1,0,0,0,0,0,0,0,0,0
"631",631,"1",1,0,0,0,0,0,0,0,0,0
"632",632,"2",0,1,0,0,0,0,0,0,0,0
"633",633,"1",1,0,0,0,0,0,0,0,0,0
"634",634,"NA",0,0,0,0,0,0,0,0,0,1
"635",635,"2",0,1,0,0,0,0,0,0,0,0
"636",636,"2",0,1,0,0,0,0,0,0,0,0
"637",637,"NA",0,0,0,0,0,0,0,0,0,1
"638",638,"2",0,1,0,0,0,0,0,0,0,0
"639",639,"NA",0,0,0,0,0,0,0,0,0,1
"640",640,"1",1,0,0,0,0,0,0,0,0,0
"641",641,"2",0,1,0,0,0,0,0,0,0,0
"642",642,"2",0,1,0,0,0,0,0,0,0,0
"643",643,"1",1,0,0,0,0,0,0,0,0,0
"644",644,"4",0,0,0,1,0,0,0,0,0,0
"645",645,"1",1,0,0,0,0,0,0,0,0,0
"646",646,"2",0,1,0,0,0,0,0,0,0,0
"647",647,"3",0,0,1,0,0,0,0,0,0,0
"648",648,"2",0,1,0,0,0,0,0,0,0,0
"649",649,"3",0,0,1,0,0,0,0,0,0,0
"650",650,"2",0,1,0,0,0,0,0,0,0,0
"651",651,"NA",0,0,0,0,0,0,0,0,0,1
"652",652,"1",1,0,0,0,0,0,0,0,0,0
"653",653,"NA",0,0,0,0,0,0,0,0,0,1
"654",654,"1",1,0,0,0,0,0,0,0,0,0
"655",655,"1",1,0,0,0,0,0,0,0,0,0
"656",656,"1",1,0,0,0,0,0,0,0,0,0
"657",657,"1",1,0,0,0,0,0,0,0,0,0
"658",658,"2",0,1,0,0,0,0,0,0,0,0
"659",659,"2",0,1,0,0,0,0,0,0,0,0
"660",660,"1",1,0,0,0,0,0,0,0,0,0
"661",661,"1",1,0,0,0,0,0,0,0,0,0
"662",662,"1",1,0,0,0,0,0,0,0,0,0
"663",663,"1",1,0,0,0,0,0,0,0,0,0
"664",664,"1",1,0,0,0,0,0,0,0,0,0
"665",665,"2",0,1,0,0,0,0,0,0,0,0
"666",666,"NA",0,0,0,0,0,0,0,0,0,1
"667",667,"3",0,0,1,0,0,0,0,0,0,0
"668",668,"NA",0,0,0,0,0,0,0,0,0,1
"669",669,"2",0,1,0,0,0,0,0,0,0,0
"670",670,"1",1,0,0,0,0,0,0,0,0,0
"671",671,"NA",0,0,0,0,0,0,0,0,0,1
"672",672,"2",0,1,0,0,0,0,0,0,0,0
"673",673,"1",1,0,0,0,0,0,0,0,0,0
"674",674,"NA",0,0,0,0,0,0,0,0,0,1
"675",675,"4",0,0,0,1,0,0,0,0,0,0
"676",676,"NA",0,0,0,0,0,0,0,0,0,1
"677",677,"2",0,1,0,0,0,0,0,0,0,0
"678",678,"NA",0,0,0,0,0,0,0,0,0,1
"679",679,"NA",0,0,0,0,0,0,0,0,0,1
"680",680,"NA",0,0,0,0,0,0,0,0,0,1
"681",681,"2",0,1,0,0,0,0,0,0,0,0
"682",682,"NA",0,0,0,0,0,0,0,0,0,1
"683",683,"1",1,0,0,0,0,0,0,0,0,0
"684",684,"NA",0,0,0,0,0,0,0,0,0,1
"685",685,"NA",0,0,0,0,0,0,0,0,0,1
"686",686,"1",1,0,0,0,0,0,0,0,0,0
"687",687,"2",0,1,0,0,0,0,0,0,0,0
"688",688,"1",1,0,0,0,0,0,0,0,0,0
"689",689,"NA",0,0,0,0,0,0,0,0,0,1
"690",690,"NA",0,0,0,0,0,0,0,0,0,1
"691",691,"1",1,0,0,0,0,0,0,0,0,0
"692",692,"1",1,0,0,0,0,0,0,0,0,0
"693",693,"NA",0,0,0,0,0,0,0,0,0,1
"694",694,"NA",0,0,0,0,0,0,0,0,0,1
"695",695,"NA",0,0,0,0,0,0,0,0,0,1
"696",696,"1",1,0,0,0,0,0,0,0,0,0
"697",697,"2",0,1,0,0,0,0,0,0,0,0
"698",698,"1",1,0,0,0,0,0,0,0,0,0
"699",699,"1",1,0,0,0,0,0,0,0,0,0
"700",700,"1",1,0,0,0,0,0,0,0,0,0
"701",701,"1",1,0,0,0,0,0,0,0,0,0
"702",702,"1",1,0,0,0,0,0,0,0,0,0
"703",703,"1",1,0,0,0,0,0,0,0,0,0
"704",704,"1",1,0,0,0,0,0,0,0,0,0
"705",705,"1",1,0,0,0,0,0,0,0,0,0
"706",706,"1",1,0,0,0,0,0,0,0,0,0
"707",707,"3",0,0,1,0,0,0,0,0,0,0
"708",708,"NA",0,0,0,0,0,0,0,0,0,1
"709",709,"1",1,0,0,0,0,0,0,0,0,0
"710",710,"2",0,1,0,0,0,0,0,0,0,0
"711",711,"1",1,0,0,0,0,0,0,0,0,0
"712",712,"2",0,1,0,0,0,0,0,0,0,0
"713",713,"1",1,0,0,0,0,0,0,0,0,0
"714",714,"1",1,0,0,0,0,0,0,0,0,0
"715",715,"1",1,0,0,0,0,0,0,0,0,0
"716",716,"1",1,0,0,0,0,0,0,0,0,0
"717",717,"2",0,1,0,0,0,0,0,0,0,0
"718",718,"2",0,1,0,0,0,0,0,0,0,0
"719",719,"1",1,0,0,0,0,0,0,0,0,0
"720",720,"NA",0,0,0,0,0,0,0,0,0,1
"721",721,"4",0,0,0,1,0,0,0,0,0,0
"722",722,"NA",0,0,0,0,0,0,0,0,0,1
"723",723,"NA",0,0,0,0,0,0,0,0,0,1
"724",724,"1",1,0,0,0,0,0,0,0,0,0
"725",725,"NA",0,0,0,0,0,0,0,0,0,1
"726",726,"1",1,0,0,0,0,0,0,0,0,0
"727",727,"NA",0,0,0,0,0,0,0,0,0,1
"728",728,"2",0,1,0,0,0,0,0,0,0,0
"729",729,"2",0,1,0,0,0,0,0,0,0,0
"730",730,"1",1,0,0,0,0,0,0,0,0,0
"731",731,"1",1,0,0,0,0,0,0,0,0,0
"732",732,"2",0,1,0,0,0,0,0,0,0,0
"733",733,"NA",0,0,0,0,0,0,0,0,0,1
"734",734,"NA",0,0,0,0,0,0,0,0,0,1
"735",735,"NA",0,0,0,0,0,0,0,0,0,1
"736",736,"2",0,1,0,0,0,0,0,0,0,0
"737",737,"2",0,1,0,0,0,0,0,0,0,0
"738",738,"2",0,1,0,0,0,0,0,0,0,0
"739",739,"NA",0,0,0,0,0,0,0,0,0,1
"740",740,"4",0,0,0,1,0,0,0,0,0,0
"741",741,"NA",0,0,0,0,0,0,0,0,0,1
"742",742,"2",0,1,0,0,0,0,0,0,0,0
"743",743,"NA",0,0,0,0,0,0,0,0,0,1
"744",744,"NA",0,0,0,0,0,0,0,0,0,1
"745",745,"2",0,1,0,0,0,0,0,0,0,0
"746",746,"NA",0,0,0,0,0,0,0,0,0,1
"747",747,"1",1,0,0,0,0,0,0,0,0,0
"748",748,"NA",0,0,0,0,0,0,0,0,0,1
"749",749,"1",1,0,0,0,0,0,0,0,0,0
"750",750,"2",0,1,0,0,0,0,0,0,0,0
"751",751,"1",1,0,0,0,0,0,0,0,0,0
"752",752,"2",0,1,0,0,0,0,0,0,0,0
"753",753,"NA",0,0,0,0,0,0,0,0,0,1
"754",754,"4",0,0,0,1,0,0,0,0,0,0
"755",755,"3",0,0,1,0,0,0,0,0,0,0
"756",756,"NA",0,0,0,0,0,0,0,0,0,1
"757",757,"2",0,1,0,0,0,0,0,0,0,0
"758",758,"2",0,1,0,0,0,0,0,0,0,0
"759",759,"1",1,0,0,0,0,0,0,0,0,0
"760",760,"4",0,0,0,1,0,0,0,0,0,0
"761",761,"NA",0,0,0,0,0,0,0,0,0,1
"762",762,"1",1,0,0,0,0,0,0,0,0,0
"763",763,"1",1,0,0,0,0,0,0,0,0,0
"764",764,"NA",0,0,0,0,0,0,0,0,0,1
"765",765,"NA",0,0,0,0,0,0,0,0,0,1
"766",766,"NA",0,0,0,0,0,0,0,0,0,1
"767",767,"1",1,0,0,0,0,0,0,0,0,0
"768",768,"NA",0,0,0,0,0,0,0,0,0,1
"769",769,"1",1,0,0,0,0,0,0,0,0,0
"770",770,"1",1,0,0,0,0,0,0,0,0,0
"771",771,"NA",0,0,0,0,0,0,0,0,0,1
"772",772,"3",0,0,1,0,0,0,0,0,0,0
"773",773,"1",1,0,0,0,0,0,0,0,0,0
"774",774,"1",1,0,0,0,0,0,0,0,0,0
"775",775,"1",1,0,0,0,0,0,0,0,0,0
"776",776,"1",1,0,0,0,0,0,0,0,0,0
"777",777,"1",1,0,0,0,0,0,0,0,0,0
"778",778,"5",0,0,0,0,1,0,0,0,0,0
"779",779,"2",0,1,0,0,0,0,0,0,0,0
"780",780,"4",0,0,0,1,0,0,0,0,0,0
"781",781,"2",0,1,0,0,0,0,0,0,0,0
"782",782,"1",1,0,0,0,0,0,0,0,0,0
"783",783,"2",0,1,0,0,0,0,0,0,0,0
"784",784,"1",1,0,0,0,0,0,0,0,0,0
"785",785,"NA",0,0,0,0,0,0,0,0,0,1
"786",786,"2",0,1,0,0,0,0,0,0,0,0
"787",787,"1",1,0,0,0,0,0,0,0,0,0
"788",788,"2",0,1,0,0,0,0,0,0,0,0
"789",789,"3",0,0,1,0,0,0,0,0,0,0
"790",790,"1",1,0,0,0,0,0,0,0,0,0
"791",791,"NA",0,0,0,0,0,0,0,0,0,1
"792",792,"2",0,1,0,0,0,0,0,0,0,0
"793",793,"1",1,0,0,0,0,0,0,0,0,0
"794",794,"1",1,0,0,0,0,0,0,0,0,0
"795",795,"1",1,0,0,0,0,0,0,0,0,0
"796",796,"1",1,0,0,0,0,0,0,0,0,0
"797",797,"2",0,1,0,0,0,0,0,0,0,0
"798",798,"1",1,0,0,0,0,0,0,0,0,0
"799",799,"2",0,1,0,0,0,0,0,0,0,0
"800",800,"1",1,0,0,0,0,0,0,0,0,0
"801",801,"1",1,0,0,0,0,0,0,0,0,0
"802",802,"3",0,0,1,0,0,0,0,0,0,0
"803",803,"NA",0,0,0,0,0,0,0,0,0,1
"804",804,"1",1,0,0,0,0,0,0,0,0,0
"805",805,"2",0,1,0,0,0,0,0,0,0,0
"806",806,"3",0,0,1,0,0,0,0,0,0,0
"807",807,"NA",0,0,0,0,0,0,0,0,0,1
"808",808,"NA",0,0,0,0,0,0,0,0,0,1
"809",809,"3",0,0,1,0,0,0,0,0,0,0
"810",810,"NA",0,0,0,0,0,0,0,0,0,1
"811",811,"1",1,0,0,0,0,0,0,0,0,0
"812",812,"2",0,1,0,0,0,0,0,0,0,0
"813",813,"1",1,0,0,0,0,0,0,0,0,0
"814",814,"NA",0,0,0,0,0,0,0,0,0,1
"815",815,"1",1,0,0,0,0,0,0,0,0,0
"816",816,"1",1,0,0,0,0,0,0,0,0,0
"817",817,"1",1,0,0,0,0,0,0,0,0,0
"818",818,"3",0,0,1,0,0,0,0,0,0,0
"819",819,"3",0,0,1,0,0,0,0,0,0,0
"820",820,"NA",0,0,0,0,0,0,0,0,0,1
"821",821,"2",0,1,0,0,0,0,0,0,0,0
"822",822,"NA",0,0,0,0,0,0,0,0,0,1
"823",823,"NA",0,0,0,0,0,0,0,0,0,1
"824",824,"1",1,0,0,0,0,0,0,0,0,0
"825",825,"3",0,0,1,0,0,0,0,0,0,0
"826",826,"2",0,1,0,0,0,0,0,0,0,0
"827",827,"2",0,1,0,0,0,0,0,0,0,0
"828",828,"2",0,1,0,0,0,0,0,0,0,0
"829",829,"2",0,1,0,0,0,0,0,0,0,0
"830",830,"2",0,1,0,0,0,0,0,0,0,0
"831",831,"NA",0,0,0,0,0,0,0,0,0,1
"832",832,"1",1,0,0,0,0,0,0,0,0,0
"833",833,"1",1,0,0,0,0,0,0,0,0,0
"834",834,"NA",0,0,0,0,0,0,0,0,0,1
"835",835,"NA",0,0,0,0,0,0,0,0,0,1
"836",836,"NA",0,0,0,0,0,0,0,0,0,1
"837",837,"1",1,0,0,0,0,0,0,0,0,0
"838",838,"3",0,0,1,0,0,0,0,0,0,0
"839",839,"3",0,0,1,0,0,0,0,0,0,0
"840",840,"1",1,0,0,0,0,0,0,0,0,0
"841",841,"2",0,1,0,0,0,0,0,0,0,0
"842",842,"1",1,0,0,0,0,0,0,0,0,0
"843",843,"1",1,0,0,0,0,0,0,0,0,0
"844",844,"3",0,0,1,0,0,0,0,0,0,0
"845",845,"1",1,0,0,0,0,0,0,0,0,0
"846",846,"1",1,0,0,0,0,0,0,0,0,0
"847",847,"2",0,1,0,0,0,0,0,0,0,0
"848",848,"NA",0,0,0,0,0,0,0,0,0,1
"849",849,"NA",0,0,0,0,0,0,0,0,0,1
"850",850,"2",0,1,0,0,0,0,0,0,0,0
"851",851,"2",0,1,0,0,0,0,0,0,0,0
"852",852,"3",0,0,1,0,0,0,0,0,0,0
"853",853,"2",0,1,0,0,0,0,0,0,0,0
"854",854,"NA",0,0,0,0,0,0,0,0,0,1
"855",855,"NA",0,0,0,0,0,0,0,0,0,1
"856",856,"NA",0,0,0,0,0,0,0,0,0,1
"857",857,"1",1,0,0,0,0,0,0,0,0,0
"858",858,"NA",0,0,0,0,0,0,0,0,0,1
"859",859,"NA",0,0,0,0,0,0,0,0,0,1
"860",860,"1",1,0,0,0,0,0,0,0,0,0
"861",861,"1",1,0,0,0,0,0,0,0,0,0
"862",862,"NA",0,0,0,0,0,0,0,0,0,1
"863",863,"1",1,0,0,0,0,0,0,0,0,0
"864",864,"1",1,0,0,0,0,0,0,0,0,0
"865",865,"1",1,0,0,0,0,0,0,0,0,0
"866",866,"1",1,0,0,0,0,0,0,0,0,0
"867",867,"1",1,0,0,0,0,0,0,0,0,0
"868",868,"2",0,1,0,0,0,0,0,0,0,0
"869",869,"NA",0,0,0,0,0,0,0,0,0,1
"870",870,"NA",0,0,0,0,0,0,0,0,0,1
"871",871,"NA",0,0,0,0,0,0,0,0,0,1
"872",872,"2",0,1,0,0,0,0,0,0,0,0
"873",873,"1",1,0,0,0,0,0,0,0,0,0
"874",874,"1",1,0,0,0,0,0,0,0,0,0
"875",875,"NA",0,0,0,0,0,0,0,0,0,1
"876",876,"NA",0,0,0,0,0,0,0,0,0,1
"877",877,"1",1,0,0,0,0,0,0,0,0,0
"878",878,"NA",0,0,0,0,0,0,0,0,0,1
"879",879,"1",1,0,0,0,0,0,0,0,0,0
"880",880,"NA",0,0,0,0,0,0,0,0,0,1
"881",881,"1",1,0,0,0,0,0,0,0,0,0
"882",882,"1",1,0,0,0,0,0,0,0,0,0
"883",883,"3",0,0,1,0,0,0,0,0,0,0
"884",884,"NA",0,0,0,0,0,0,0,0,0,1
"885",885,"1",1,0,0,0,0,0,0,0,0,0
"886",886,"NA",0,0,0,0,0,0,0,0,0,1
"887",887,"NA",0,0,0,0,0,0,0,0,0,1
"888",888,"NA",0,0,0,0,0,0,0,0,0,1
"889",889,"NA",0,0,0,0,0,0,0,0,0,1
"890",890,"1",1,0,0,0,0,0,0,0,0,0
"891",891,"1",1,0,0,0,0,0,0,0,0,0
"892",892,"2",0,1,0,0,0,0,0,0,0,0
"893",893,"NA",0,0,0,0,0,0,0,0,0,1
"894",894,"1",1,0,0,0,0,0,0,0,0,0
"895",895,"NA",0,0,0,0,0,0,0,0,0,1
"896",896,"NA",0,0,0,0,0,0,0,0,0,1
"897",897,"1",1,0,0,0,0,0,0,0,0,0
"898",898,"1",1,0,0,0,0,0,0,0,0,0
"899",899,"NA",0,0,0,0,0,0,0,0,0,1
"900",900,"2",0,1,0,0,0,0,0,0,0,0
"901",901,"NA",0,0,0,0,0,0,0,0,0,1
"902",902,"4",0,0,0,1,0,0,0,0,0,0
"903",903,"NA",0,0,0,0,0,0,0,0,0,1
"904",904,"1",1,0,0,0,0,0,0,0,0,0
"905",905,"1",1,0,0,0,0,0,0,0,0,0
"906",906,"1",1,0,0,0,0,0,0,0,0,0
"907",907,"1",1,0,0,0,0,0,0,0,0,0
"908",908,"1",1,0,0,0,0,0,0,0,0,0
"909",909,"NA",0,0,0,0,0,0,0,0,0,1
"910",910,"2",0,1,0,0,0,0,0,0,0,0
"911",911,"NA",0,0,0,0,0,0,0,0,0,1
"912",912,"1",1,0,0,0,0,0,0,0,0,0
"913",913,"1",1,0,0,0,0,0,0,0,0,0
"914",914,"1",1,0,0,0,0,0,0,0,0,0
"915",915,"NA",0,0,0,0,0,0,0,0,0,1
"916",916,"NA",0,0,0,0,0,0,0,0,0,1
"917",917,"NA",0,0,0,0,0,0,0,0,0,1
"918",918,"2",0,1,0,0,0,0,0,0,0,0
"919",919,"2",0,1,0,0,0,0,0,0,0,0
"920",920,"1",1,0,0,0,0,0,0,0,0,0
"921",921,"NA",0,0,0,0,0,0,0,0,0,1
"922",922,"1",1,0,0,0,0,0,0,0,0,0
"923",923,"1",1,0,0,0,0,0,0,0,0,0
"924",924,"NA",0,0,0,0,0,0,0,0,0,1
"925",925,"NA",0,0,0,0,0,0,0,0,0,1
"926",926,"1",1,0,0,0,0,0,0,0,0,0
"927",927,"NA",0,0,0,0,0,0,0,0,0,1
"928",928,"1",1,0,0,0,0,0,0,0,0,0
"929",929,"NA",0,0,0,0,0,0,0,0,0,1
"930",930,"2",0,1,0,0,0,0,0,0,0,0
"931",931,"1",1,0,0,0,0,0,0,0,0,0
"932",932,"NA",0,0,0,0,0,0,0,0,0,1
"933",933,"1",1,0,0,0,0,0,0,0,0,0
"934",934,"NA",0,0,0,0,0,0,0,0,0,1
"935",935,"NA",0,0,0,0,0,0,0,0,0,1
"936",936,"1",1,0,0,0,0,0,0,0,0,0
"937",937,"1",1,0,0,0,0,0,0,0,0,0
"938",938,"NA",0,0,0,0,0,0,0,0,0,1
"939",939,"2",0,1,0,0,0,0,0,0,0,0
"940",940,"1",1,0,0,0,0,0,0,0,0,0
"941",941,"1",1,0,0,0,0,0,0,0,0,0
"942",942,"NA",0,0,0,0,0,0,0,0,0,1
"943",943,"NA",0,0,0,0,0,0,0,0,0,1
"944",944,"1",1,0,0,0,0,0,0,0,0,0
"945",945,"3",0,0,1,0,0,0,0,0,0,0
"946",946,"NA",0,0,0,0,0,0,0,0,0,1
"947",947,"1",1,0,0,0,0,0,0,0,0,0
"948",948,"2",0,1,0,0,0,0,0,0,0,0
"949",949,"NA",0,0,0,0,0,0,0,0,0,1
"950",950,"NA",0,0,0,0,0,0,0,0,0,1
"951",951,"1",1,0,0,0,0,0,0,0,0,0
"952",952,"NA",0,0,0,0,0,0,0,0,0,1
"953",953,"1",1,0,0,0,0,0,0,0,0,0
"954",954,"3",0,0,1,0,0,0,0,0,0,0
"955",955,"NA",0,0,0,0,0,0,0,0,0,1
"956",956,"NA",0,0,0,0,0,0,0,0,0,1
"957",957,"NA",0,0,0,0,0,0,0,0,0,1
"958",958,"NA",0,0,0,0,0,0,0,0,0,1
"959",959,"1",1,0,0,0,0,0,0,0,0,0
"960",960,"NA",0,0,0,0,0,0,0,0,0,1
"961",961,"NA",0,0,0,0,0,0,0,0,0,1
"962",962,"1",1,0,0,0,0,0,0,0,0,0
"963",963,"NA",0,0,0,0,0,0,0,0,0,1
"964",964,"NA",0,0,0,0,0,0,0,0,0,1
"965",965,"2",0,1,0,0,0,0,0,0,0,0
"966",966,"2",0,1,0,0,0,0,0,0,0,0
"967",967,"2",0,1,0,0,0,0,0,0,0,0
"968",968,"1",1,0,0,0,0,0,0,0,0,0
"969",969,"1",1,0,0,0,0,0,0,0,0,0
"970",970,"1",1,0,0,0,0,0,0,0,0,0
"971",971,"1",1,0,0,0,0,0,0,0,0,0
"972",972,"1",1,0,0,0,0,0,0,0,0,0
"973",973,"NA",0,0,0,0,0,0,0,0,0,1
"974",974,"NA",0,0,0,0,0,0,0,0,0,1
"975",975,"NA",0,0,0,0,0,0,0,0,0,1
"976",976,"NA",0,0,0,0,0,0,0,0,0,1
"977",977,"1",1,0,0,0,0,0,0,0,0,0
"978",978,"1",1,0,0,0,0,0,0,0,0,0
"979",979,"1",1,0,0,0,0,0,0,0,0,0
"980",980,"3",0,0,1,0,0,0,0,0,0,0
"981",981,"2",0,1,0,0,0,0,0,0,0,0
"982",982,"1",1,0,0,0,0,0,0,0,0,0
"983",983,"NA",0,0,0,0,0,0,0,0,0,1
"984",984,"3",0,0,1,0,0,0,0,0,0,0
"985",985,"NA",0,0,0,0,0,0,0,0,0,1
"986",986,"NA",0,0,0,0,0,0,0,0,0,1
"987",987,"1",1,0,0,0,0,0,0,0,0,0
"988",988,"1",1,0,0,0,0,0,0,0,0,0
"989",989,"NA",0,0,0,0,0,0,0,0,0,1
"990",990,"NA",0,0,0,0,0,0,0,0,0,1
"991",991,"1",1,0,0,0,0,0,0,0,0,0
"992",992,"1",1,0,0,0,0,0,0,0,0,0
"993",993,"2",0,1,0,0,0,0,0,0,0,0
"994",994,"NA",0,0,0,0,0,0,0,0,0,1
"995",995,"2",0,1,0,0,0,0,0,0,0,0
"996",996,"NA",0,0,0,0,0,0,0,0,0,1
"997",997,"1",1,0,0,0,0,0,0,0,0,0
"998",998,"2",0,1,0,0,0,0,0,0,0,0
"999",999,"1",1,0,0,0,0,0,0,0,0,0
"1000",1000,"1",1,0,0,0,0,0,0,0,0,0
"1001",1001,"NA",0,0,0,0,0,0,0,0,0,1
"1002",1002,"3",0,0,1,0,0,0,0,0,0,0
"1003",1003,"NA",0,0,0,0,0,0,0,0,0,1
"1004",1004,"1",1,0,0,0,0,0,0,0,0,0
"1005",1005,"2",0,1,0,0,0,0,0,0,0,0
"1006",1006,"3",0,0,1,0,0,0,0,0,0,0
"1007",1007,"1",1,0,0,0,0,0,0,0,0,0
"1008",1008,"1",1,0,0,0,0,0,0,0,0,0
"1009",1009,"2",0,1,0,0,0,0,0,0,0,0
"1010",1010,"1",1,0,0,0,0,0,0,0,0,0
"1011",1011,"NA",0,0,0,0,0,0,0,0,0,1
"1012",1012,"2",0,1,0,0,0,0,0,0,0,0
"1013",1013,"NA",0,0,0,0,0,0,0,0,0,1
"1014",1014,"3",0,0,1,0,0,0,0,0,0,0
"1015",1015,"NA",0,0,0,0,0,0,0,0,0,1
"1016",1016,"NA",0,0,0,0,0,0,0,0,0,1
"1017",1017,"NA",0,0,0,0,0,0,0,0,0,1
"1018",1018,"1",1,0,0,0,0,0,0,0,0,0
"1019",1019,"5",0,0,0,0,1,0,0,0,0,0
"1020",1020,"1",1,0,0,0,0,0,0,0,0,0
"1021",1021,"NA",0,0,0,0,0,0,0,0,0,1
"1022",1022,"1",1,0,0,0,0,0,0,0,0,0
"1023",1023,"NA",0,0,0,0,0,0,0,0,0,1
"1024",1024,"NA",0,0,0,0,0,0,0,0,0,1
"1025",1025,"1",1,0,0,0,0,0,0,0,0,0
"1026",1026,"NA",0,0,0,0,0,0,0,0,0,1
"1027",1027,"2",0,1,0,0,0,0,0,0,0,0
"1028",1028,"1",1,0,0,0,0,0,0,0,0,0
"1029",1029,"NA",0,0,0,0,0,0,0,0,0,1
"1030",1030,"2",0,1,0,0,0,0,0,0,0,0
"1031",1031,"NA",0,0,0,0,0,0,0,0,0,1
"1032",1032,"NA",0,0,0,0,0,0,0,0,0,1
"1033",1033,"NA",0,0,0,0,0,0,0,0,0,1
"1034",1034,"1",1,0,0,0,0,0,0,0,0,0
"1035",1035,"NA",0,0,0,0,0,0,0,0,0,1
"1036",1036,"1",1,0,0,0,0,0,0,0,0,0
"1037",1037,"3",0,0,1,0,0,0,0,0,0,0
"1038",1038,"3",0,0,1,0,0,0,0,0,0,0
"1039",1039,"1",1,0,0,0,0,0,0,0,0,0
"1040",1040,"1",1,0,0,0,0,0,0,0,0,0
"1041",1041,"NA",0,0,0,0,0,0,0,0,0,1
"1042",1042,"1",1,0,0,0,0,0,0,0,0,0
"1043",1043,"NA",0,0,0,0,0,0,0,0,0,1
"1044",1044,"1",1,0,0,0,0,0,0,0,0,0
"1045",1045,"3",0,0,1,0,0,0,0,0,0,0
"1046",1046,"2",0,1,0,0,0,0,0,0,0,0
"1047",1047,"NA",0,0,0,0,0,0,0,0,0,1
"1048",1048,"1",1,0,0,0,0,0,0,0,0,0
"1049",1049,"1",1,0,0,0,0,0,0,0,0,0
"1050",1050,"NA",0,0,0,0,0,0,0,0,0,1
"1051",1051,"1",1,0,0,0,0,0,0,0,0,0
"1052",1052,"NA",0,0,0,0,0,0,0,0,0,1
"1053",1053,"3",0,0,1,0,0,0,0,0,0,0
"1054",1054,"2",0,1,0,0,0,0,0,0,0,0
"1055",1055,"NA",0,0,0,0,0,0,0,0,0,1
"1056",1056,"NA",0,0,0,0,0,0,0,0,0,1
"1057",1057,"2",0,1,0,0,0,0,0,0,0,0
"1058",1058,"NA",0,0,0,0,0,0,0,0,0,1
"1059",1059,"NA",0,0,0,0,0,0,0,0,0,1
"1060",1060,"NA",0,0,0,0,0,0,0,0,0,1
"1061",1061,"1",1,0,0,0,0,0,0,0,0,0
"1062",1062,"NA",0,0,0,0,0,0,0,0,0,1
"1063",1063,"NA",0,0,0,0,0,0,0,0,0,1
"1064",1064,"NA",0,0,0,0,0,0,0,0,0,1
"1065",1065,"NA",0,0,0,0,0,0,0,0,0,1
"1066",1066,"1",1,0,0,0,0,0,0,0,0,0
"1067",1067,"1",1,0,0,0,0,0,0,0,0,0
"1068",1068,"NA",0,0,0,0,0,0,0,0,0,1
"1069",1069,"NA",0,0,0,0,0,0,0,0,0,1
"1070",1070,"NA",0,0,0,0,0,0,0,0,0,1
"1071",1071,"1",1,0,0,0,0,0,0,0,0,0
"1072",1072,"3",0,0,1,0,0,0,0,0,0,0
"1073",1073,"1",1,0,0,0,0,0,0,0,0,0
"1074",1074,"2",0,1,0,0,0,0,0,0,0,0
"1075",1075,"1",1,0,0,0,0,0,0,0,0,0
"1076",1076,"NA",0,0,0,0,0,0,0,0,0,1
"1077",1077,"NA",0,0,0,0,0,0,0,0,0,1
"1078",1078,"2",0,1,0,0,0,0,0,0,0,0
"1079",1079,"1",1,0,0,0,0,0,0,0,0,0
"1080",1080,"1",1,0,0,0,0,0,0,0,0,0
"1081",1081,"NA",0,0,0,0,0,0,0,0,0,1
"1082",1082,"NA",0,0,0,0,0,0,0,0,0,1
"1083",1083,"NA",0,0,0,0,0,0,0,0,0,1
"1084",1084,"NA",0,0,0,0,0,0,0,0,0,1
"1085",1085,"NA",0,0,0,0,0,0,0,0,0,1
"1086",1086,"1",1,0,0,0,0,0,0,0,0,0
"1087",1087,"3",0,0,1,0,0,0,0,0,0,0
"1088",1088,"NA",0,0,0,0,0,0,0,0,0,1
"1089",1089,"3",0,0,1,0,0,0,0,0,0,0
"1090",1090,"NA",0,0,0,0,0,0,0,0,0,1
"1091",1091,"1",1,0,0,0,0,0,0,0,0,0
"1092",1092,"2",0,1,0,0,0,0,0,0,0,0
"1093",1093,"NA",0,0,0,0,0,0,0,0,0,1
"1094",1094,"1",1,0,0,0,0,0,0,0,0,0
"1095",1095,"NA",0,0,0,0,0,0,0,0,0,1
"1096",1096,"1",1,0,0,0,0,0,0,0,0,0
"1097",1097,"2",0,1,0,0,0,0,0,0,0,0
"1098",1098,"3",0,0,1,0,0,0,0,0,0,0
"1099",1099,"NA",0,0,0,0,0,0,0,0,0,1
"1100",1100,"NA",0,0,0,0,0,0,0,0,0,1
"1101",1101,"1",1,0,0,0,0,0,0,0,0,0
"1102",1102,"1",1,0,0,0,0,0,0,0,0,0
"1103",1103,"NA",0,0,0,0,0,0,0,0,0,1
"1104",1104,"NA",0,0,0,0,0,0,0,0,0,1
"1105",1105,"NA",0,0,0,0,0,0,0,0,0,1
"1106",1106,"NA",0,0,0,0,0,0,0,0,0,1
"1107",1107,"NA",0,0,0,0,0,0,0,0,0,1
"1108",1108,"1",1,0,0,0,0,0,0,0,0,0
"1109",1109,"1",1,0,0,0,0,0,0,0,0,0
"1110",1110,"1",1,0,0,0,0,0,0,0,0,0
"1111",1111,"1",1,0,0,0,0,0,0,0,0,0
"1112",1112,"2",0,1,0,0,0,0,0,0,0,0
"1113",1113,"2",0,1,0,0,0,0,0,0,0,0
"1114",1114,"NA",0,0,0,0,0,0,0,0,0,1
"1115",1115,"1",1,0,0,0,0,0,0,0,0,0
"1116",1116,"NA",0,0,0,0,0,0,0,0,0,1
"1117",1117,"NA",0,0,0,0,0,0,0,0,0,1
"1118",1118,"2",0,1,0,0,0,0,0,0,0,0
"1119",1119,"1",1,0,0,0,0,0,0,0,0,0
"1120",1120,"1",1,0,0,0,0,0,0,0,0,0
"1121",1121,"3",0,0,1,0,0,0,0,0,0,0
"1122",1122,"2",0,1,0,0,0,0,0,0,0,0
"1123",1123,"NA",0,0,0,0,0,0,0,0,0,1
"1124",1124,"4",0,0,0,1,0,0,0,0,0,0
"1125",1125,"1",1,0,0,0,0,0,0,0,0,0
"1126",1126,"NA",0,0,0,0,0,0,0,0,0,1
"1127",1127,"1",1,0,0,0,0,0,0,0,0,0
"1128",1128,"NA",0,0,0,0,0,0,0,0,0,1
"1129",1129,"NA",0,0,0,0,0,0,0,0,0,1
"1130",1130,"1",1,0,0,0,0,0,0,0,0,0
"1131",1131,"1",1,0,0,0,0,0,0,0,0,0
"1132",1132,"NA",0,0,0,0,0,0,0,0,0,1
"1133",1133,"NA",0,0,0,0,0,0,0,0,0,1
"1134",1134,"2",0,1,0,0,0,0,0,0,0,0
"1135",1135,"1",1,0,0,0,0,0,0,0,0,0
"1136",1136,"NA",0,0,0,0,0,0,0,0,0,1
"1137",1137,"3",0,0,1,0,0,0,0,0,0,0
"1138",1138,"NA",0,0,0,0,0,0,0,0,0,1
"1139",1139,"3",0,0,1,0,0,0,0,0,0,0
"1140",1140,"NA",0,0,0,0,0,0,0,0,0,1
"1141",1141,"NA",0,0,0,0,0,0,0,0,0,1
"1142",1142,"NA",0,0,0,0,0,0,0,0,0,1
"1143",1143,"NA",0,0,0,0,0,0,0,0,0,1
"1144",1144,"NA",0,0,0,0,0,0,0,0,0,1
"1145",1145,"4",0,0,0,1,0,0,0,0,0,0
"1146",1146,"2",0,1,0,0,0,0,0,0,0,0
"1147",1147,"1",1,0,0,0,0,0,0,0,0,0
"1148",1148,"NA",0,0,0,0,0,0,0,0,0,1
"1149",1149,"1",1,0,0,0,0,0,0,0,0,0
"1150",1150,"1",1,0,0,0,0,0,0,0,0,0
"1151",1151,"1",1,0,0,0,0,0,0,0,0,0
"1152",1152,"NA",0,0,0,0,0,0,0,0,0,1
"1153",1153,"1",1,0,0,0,0,0,0,0,0,0
"1154",1154,"1",1,0,0,0,0,0,0,0,0,0
"1155",1155,"2",0,1,0,0,0,0,0,0,0,0
"1156",1156,"NA",0,0,0,0,0,0,0,0,0,1
"1157",1157,"NA",0,0,0,0,0,0,0,0,0,1
"1158",1158,"1",1,0,0,0,0,0,0,0,0,0
"1159",1159,"NA",0,0,0,0,0,0,0,0,0,1
"1160",1160,"NA",0,0,0,0,0,0,0,0,0,1
"1161",1161,"1",1,0,0,0,0,0,0,0,0,0
"1162",1162,"1",1,0,0,0,0,0,0,0,0,0
"1163",1163,"1",1,0,0,0,0,0,0,0,0,0
"1164",1164,"4",0,0,0,1,0,0,0,0,0,0
"1165",1165,"NA",0,0,0,0,0,0,0,0,0,1
"1166",1166,"NA",0,0,0,0,0,0,0,0,0,1
"1167",1167,"1",1,0,0,0,0,0,0,0,0,0
"1168",1168,"NA",0,0,0,0,0,0,0,0,0,1
"1169",1169,"NA",0,0,0,0,0,0,0,0,0,1
"1170",1170,"NA",0,0,0,0,0,0,0,0,0,1
"1171",1171,"NA",0,0,0,0,0,0,0,0,0,1
"1172",1172,"2",0,1,0,0,0,0,0,0,0,0
"1173",1173,"2",0,1,0,0,0,0,0,0,0,0
"1174",1174,"1",1,0,0,0,0,0,0,0,0,0
"1175",1175,"NA",0,0,0,0,0,0,0,0,0,1
"1176",1176,"1",1,0,0,0,0,0,0,0,0,0
"1177",1177,"1",1,0,0,0,0,0,0,0,0,0
"1178",1178,"2",0,1,0,0,0,0,0,0,0,0
"1179",1179,"NA",0,0,0,0,0,0,0,0,0,1
"1180",1180,"NA",0,0,0,0,0,0,0,0,0,1
"1181",1181,"NA",0,0,0,0,0,0,0,0,0,1
"1182",1182,"NA",0,0,0,0,0,0,0,0,0,1
"1183",1183,"1",1,0,0,0,0,0,0,0,0,0
"1184",1184,"NA",0,0,0,0,0,0,0,0,0,1
"1185",1185,"NA",0,0,0,0,0,0,0,0,0,1
"1186",1186,"NA",0,0,0,0,0,0,0,0,0,1
"1187",1187,"1",1,0,0,0,0,0,0,0,0,0
"1188",1188,"2",0,1,0,0,0,0,0,0,0,0
"1189",1189,"NA",0,0,0,0,0,0,0,0,0,1
"1190",1190,"1",1,0,0,0,0,0,0,0,0,0
"1191",1191,"1",1,0,0,0,0,0,0,0,0,0
"1192",1192,"1",1,0,0,0,0,0,0,0,0,0
"1193",1193,"NA",0,0,0,0,0,0,0,0,0,1
"1194",1194,"1",1,0,0,0,0,0,0,0,0,0
"1195",1195,"4",0,0,0,1,0,0,0,0,0,0
"1196",1196,"1",1,0,0,0,0,0,0,0,0,0
"1197",1197,"NA",0,0,0,0,0,0,0,0,0,1
"1198",1198,"NA",0,0,0,0,0,0,0,0,0,1
"1199",1199,"NA",0,0,0,0,0,0,0,0,0,1
"1200",1200,"NA",0,0,0,0,0,0,0,0,0,1
"1201",1201,"2",0,1,0,0,0,0,0,0,0,0
"1202",1202,"NA",0,0,0,0,0,0,0,0,0,1
"1203",1203,"1",1,0,0,0,0,0,0,0,0,0
"1204",1204,"2",0,1,0,0,0,0,0,0,0,0
"1205",1205,"2",0,1,0,0,0,0,0,0,0,0
"1206",1206,"NA",0,0,0,0,0,0,0,0,0,1
"1207",1207,"1",1,0,0,0,0,0,0,0,0,0
"1208",1208,"NA",0,0,0,0,0,0,0,0,0,1
"1209",1209,"1",1,0,0,0,0,0,0,0,0,0
"1210",1210,"NA",0,0,0,0,0,0,0,0,0,1
"1211",1211,"2",0,1,0,0,0,0,0,0,0,0
"1212",1212,"NA",0,0,0,0,0,0,0,0,0,1
"1213",1213,"1",1,0,0,0,0,0,0,0,0,0
"1214",1214,"1",1,0,0,0,0,0,0,0,0,0
"1215",1215,"NA",0,0,0,0,0,0,0,0,0,1
"1216",1216,"NA",0,0,0,0,0,0,0,0,0,1
"1217",1217,"NA",0,0,0,0,0,0,0,0,0,1
"1218",1218,"1",1,0,0,0,0,0,0,0,0,0
"1219",1219,"2",0,1,0,0,0,0,0,0,0,0
"1220",1220,"3",0,0,1,0,0,0,0,0,0,0
"1221",1221,"1",1,0,0,0,0,0,0,0,0,0
"1222",1222,"NA",0,0,0,0,0,0,0,0,0,1
"1223",1223,"NA",0,0,0,0,0,0,0,0,0,1
"1224",1224,"2",0,1,0,0,0,0,0,0,0,0
"1225",1225,"3",0,0,1,0,0,0,0,0,0,0
"1226",1226,"NA",0,0,0,0,0,0,0,0,0,1
"1227",1227,"1",1,0,0,0,0,0,0,0,0,0
"1228",1228,"2",0,1,0,0,0,0,0,0,0,0
"1229",1229,"NA",0,0,0,0,0,0,0,0,0,1
"1230",1230,"NA",0,0,0,0,0,0,0,0,0,1
"1231",1231,"2",0,1,0,0,0,0,0,0,0,0
"1232",1232,"1",1,0,0,0,0,0,0,0,0,0
"1233",1233,"NA",0,0,0,0,0,0,0,0,0,1
"1234",1234,"NA",0,0,0,0,0,0,0,0,0,1
"1235",1235,"NA",0,0,0,0,0,0,0,0,0,1
"1236",1236,"NA",0,0,0,0,0,0,0,0,0,1
"1237",1237,"1",1,0,0,0,0,0,0,0,0,0
"1238",1238,"NA",0,0,0,0,0,0,0,0,0,1
"1239",1239,"2",0,1,0,0,0,0,0,0,0,0
"1240",1240,"1",1,0,0,0,0,0,0,0,0,0
"1241",1241,"2",0,1,0,0,0,0,0,0,0,0
"1242",1242,"1",1,0,0,0,0,0,0,0,0,0
"1243",1243,"NA",0,0,0,0,0,0,0,0,0,1
"1244",1244,"1",1,0,0,0,0,0,0,0,0,0
"1245",1245,"1",1,0,0,0,0,0,0,0,0,0
"1246",1246,"NA",0,0,0,0,0,0,0,0,0,1
"1247",1247,"NA",0,0,0,0,0,0,0,0,0,1
"1248",1248,"NA",0,0,0,0,0,0,0,0,0,1
"1249",1249,"NA",0,0,0,0,0,0,0,0,0,1
"1250",1250,"1",1,0,0,0,0,0,0,0,0,0
"1251",1251,"NA",0,0,0,0,0,0,0,0,0,1
"1252",1252,"NA",0,0,0,0,0,0,0,0,0,1
"1253",1253,"1",1,0,0,0,0,0,0,0,0,0
"1254",1254,"NA",0,0,0,0,0,0,0,0,0,1
"1255",1255,"NA",0,0,0,0,0,0,0,0,0,1
"1256",1256,"NA",0,0,0,0,0,0,0,0,0,1
"1257",1257,"NA",0,0,0,0,0,0,0,0,0,1
"1258",1258,"NA",0,0,0,0,0,0,0,0,0,1
"1259",1259,"NA",0,0,0,0,0,0,0,0,0,1
"1260",1260,"NA",0,0,0,0,0,0,0,0,0,1
"1261",1261,"NA",0,0,0,0,0,0,0,0,0,1
"1262",1262,"1",1,0,0,0,0,0,0,0,0,0
"1263",1263,"NA",0,0,0,0,0,0,0,0,0,1
"1264",1264,"NA",0,0,0,0,0,0,0,0,0,1
"1265",1265,"1",1,0,0,0,0,0,0,0,0,0
"1266",1266,"1",1,0,0,0,0,0,0,0,0,0
"1267",1267,"4",0,0,0,1,0,0,0,0,0,0
"1268",1268,"NA",0,0,0,0,0,0,0,0,0,1
"1269",1269,"1",1,0,0,0,0,0,0,0,0,0
"1270",1270,"NA",0,0,0,0,0,0,0,0,0,1
"1271",1271,"NA",0,0,0,0,0,0,0,0,0,1
"1272",1272,"NA",0,0,0,0,0,0,0,0,0,1
"1273",1273,"NA",0,0,0,0,0,0,0,0,0,1
"1274",1274,"1",1,0,0,0,0,0,0,0,0,0
"1275",1275,"NA",0,0,0,0,0,0,0,0,0,1
"1276",1276,"4",0,0,0,1,0,0,0,0,0,0
"1277",1277,"NA",0,0,0,0,0,0,0,0,0,1
"1278",1278,"3",0,0,1,0,0,0,0,0,0,0
"1279",1279,"1",1,0,0,0,0,0,0,0,0,0
"1280",1280,"2",0,1,0,0,0,0,0,0,0,0
"1281",1281,"1",1,0,0,0,0,0,0,0,0,0
"1282",1282,"NA",0,0,0,0,0,0,0,0,0,1
"1283",1283,"1",1,0,0,0,0,0,0,0,0,0
"1284",1284,"NA",0,0,0,0,0,0,0,0,0,1
"1285",1285,"NA",0,0,0,0,0,0,0,0,0,1
"1286",1286,"NA",0,0,0,0,0,0,0,0,0,1
"1287",1287,"1",1,0,0,0,0,0,0,0,0,0
"1288",1288,"1",1,0,0,0,0,0,0,0,0,0
"1289",1289,"1",1,0,0,0,0,0,0,0,0,0
"1290",1290,"2",0,1,0,0,0,0,0,0,0,0
"1291",1291,"1",1,0,0,0,0,0,0,0,0,0
"1292",1292,"NA",0,0,0,0,0,0,0,0,0,1
"1293",1293,"NA",0,0,0,0,0,0,0,0,0,1
"1294",1294,"NA",0,0,0,0,0,0,0,0,0,1
"1295",1295,"NA",0,0,0,0,0,0,0,0,0,1
"1296",1296,"NA",0,0,0,0,0,0,0,0,0,1
"1297",1297,"1",1,0,0,0,0,0,0,0,0,0
"1298",1298,"NA",0,0,0,0,0,0,0,0,0,1
"1299",1299,"NA",0,0,0,0,0,0,0,0,0,1
"1300",1300,"NA",0,0,0,0,0,0,0,0,0,1
"1301",1301,"NA",0,0,0,0,0,0,0,0,0,1
"1302",1302,"NA",0,0,0,0,0,0,0,0,0,1
"1303",1303,"NA",0,0,0,0,0,0,0,0,0,1
"1304",1304,"NA",0,0,0,0,0,0,0,0,0,1
"1305",1305,"3",0,0,1,0,0,0,0,0,0,0
"1306",1306,"1",1,0,0,0,0,0,0,0,0,0
"1307",1307,"5",0,0,0,0,1,0,0,0,0,0
"1308",1308,"NA",0,0,0,0,0,0,0,0,0,1
"1309",1309,"NA",0,0,0,0,0,0,0,0,0,1
"1310",1310,"NA",0,0,0,0,0,0,0,0,0,1
"1311",1311,"NA",0,0,0,0,0,0,0,0,0,1
"1312",1312,"2",0,1,0,0,0,0,0,0,0,0
"1313",1313,"2",0,1,0,0,0,0,0,0,0,0
"1314",1314,"NA",0,0,0,0,0,0,0,0,0,1
"1315",1315,"1",1,0,0,0,0,0,0,0,0,0
"1316",1316,"NA",0,0,0,0,0,0,0,0,0,1
"1317",1317,"NA",0,0,0,0,0,0,0,0,0,1
"1318",1318,"1",1,0,0,0,0,0,0,0,0,0
"1319",1319,"1",1,0,0,0,0,0,0,0,0,0
"1320",1320,"NA",0,0,0,0,0,0,0,0,0,1
"1321",1321,"NA",0,0,0,0,0,0,0,0,0,1
"1322",1322,"NA",0,0,0,0,0,0,0,0,0,1
"1323",1323,"4",0,0,0,1,0,0,0,0,0,0
"1324",1324,"NA",0,0,0,0,0,0,0,0,0,1
"1325",1325,"NA",0,0,0,0,0,0,0,0,0,1
"1326",1326,"NA",0,0,0,0,0,0,0,0,0,1
"1327",1327,"NA",0,0,0,0,0,0,0,0,0,1
"1328",1328,"NA",0,0,0,0,0,0,0,0,0,1
"1329",1329,"NA",0,0,0,0,0,0,0,0,0,1
"1330",1330,"NA",0,0,0,0,0,0,0,0,0,1
"1331",1331,"1",1,0,0,0,0,0,0,0,0,0
"1332",1332,"NA",0,0,0,0,0,0,0,0,0,1
"1333",1333,"NA",0,0,0,0,0,0,0,0,0,1
"1334",1334,"3",0,0,1,0,0,0,0,0,0,0
"1335",1335,"1",1,0,0,0,0,0,0,0,0,0
"1336",1336,"NA",0,0,0,0,0,0,0,0,0,1
"1337",1337,"NA",0,0,0,0,0,0,0,0,0,1
"1338",1338,"NA",0,0,0,0,0,0,0,0,0,1
"1339",1339,"1",1,0,0,0,0,0,0,0,0,0
"1340",1340,"NA",0,0,0,0,0,0,0,0,0,1
"1341",1341,"1",1,0,0,0,0,0,0,0,0,0
"1342",1342,"NA",0,0,0,0,0,0,0,0,0,1
"1343",1343,"NA",0,0,0,0,0,0,0,0,0,1
"1344",1344,"1",1,0,0,0,0,0,0,0,0,0
"1345",1345,"1",1,0,0,0,0,0,0,0,0,0
"1346",1346,"1",1,0,0,0,0,0,0,0,0,0
"1347",1347,"NA",0,0,0,0,0,0,0,0,0,1
"1348",1348,"1",1,0,0,0,0,0,0,0,0,0
"1349",1349,"NA",0,0,0,0,0,0,0,0,0,1
"1350",1350,"1",1,0,0,0,0,0,0,0,0,0
"1351",1351,"NA",0,0,0,0,0,0,0,0,0,1
"1352",1352,"NA",0,0,0,0,0,0,0,0,0,1
"1353",1353,"NA",0,0,0,0,0,0,0,0,0,1
"1354",1354,"NA",0,0,0,0,0,0,0,0,0,1
"1355",1355,"3",0,0,1,0,0,0,0,0,0,0
"1356",1356,"1",1,0,0,0,0,0,0,0,0,0
"1357",1357,"2",0,1,0,0,0,0,0,0,0,0
"1358",1358,"NA",0,0,0,0,0,0,0,0,0,1
"1359",1359,"1",1,0,0,0,0,0,0,0,0,0
"1360",1360,"2",0,1,0,0,0,0,0,0,0,0
"1361",1361,"1",1,0,0,0,0,0,0,0,0,0
"1362",1362,"NA",0,0,0,0,0,0,0,0,0,1
"1363",1363,"1",1,0,0,0,0,0,0,0,0,0
"1364",1364,"NA",0,0,0,0,0,0,0,0,0,1
"1365",1365,"NA",0,0,0,0,0,0,0,0,0,1
"1366",1366,"1",1,0,0,0,0,0,0,0,0,0
"1367",1367,"1",1,0,0,0,0,0,0,0,0,0
"1368",1368,"3",0,0,1,0,0,0,0,0,0,0
"1369",1369,"1",1,0,0,0,0,0,0,0,0,0
"1370",1370,"NA",0,0,0,0,0,0,0,0,0,1
"1371",1371,"2",0,1,0,0,0,0,0,0,0,0
"1372",1372,"2",0,1,0,0,0,0,0,0,0,0
"1373",1373,"1",1,0,0,0,0,0,0,0,0,0
"1374",1374,"NA",0,0,0,0,0,0,0,0,0,1
"1375",1375,"NA",0,0,0,0,0,0,0,0,0,1
"1376",1376,"1",1,0,0,0,0,0,0,0,0,0
"1377",1377,"NA",0,0,0,0,0,0,0,0,0,1
"1378",1378,"1",1,0,0,0,0,0,0,0,0,0
"1379",1379,"NA",0,0,0,0,0,0,0,0,0,1
"1380",1380,"1",1,0,0,0,0,0,0,0,0,0
"1381",1381,"NA",0,0,0,0,0,0,0,0,0,1
"1382",1382,"NA",0,0,0,0,0,0,0,0,0,1
"1383",1383,"NA",0,0,0,0,0,0,0,0,0,1
"1384",1384,"NA",0,0,0,0,0,0,0,0,0,1
"1385",1385,"NA",0,0,0,0,0,0,0,0,0,1
"1386",1386,"2",0,1,0,0,0,0,0,0,0,0
"1387",1387,"NA",0,0,0,0,0,0,0,0,0,1
"1388",1388,"1",1,0,0,0,0,0,0,0,0,0
"1389",1389,"NA",0,0,0,0,0,0,0,0,0,1
"1390",1390,"2",0,1,0,0,0,0,0,0,0,0
"1391",1391,"1",1,0,0,0,0,0,0,0,0,0
"1392",1392,"2",0,1,0,0,0,0,0,0,0,0
"1393",1393,"NA",0,0,0,0,0,0,0,0,0,1
"1394",1394,"2",0,1,0,0,0,0,0,0,0,0
"1395",1395,"NA",0,0,0,0,0,0,0,0,0,1
"1396",1396,"NA",0,0,0,0,0,0,0,0,0,1
"1397",1397,"1",1,0,0,0,0,0,0,0,0,0
"1398",1398,"NA",0,0,0,0,0,0,0,0,0,1
"1399",1399,"NA",0,0,0,0,0,0,0,0,0,1
"1400",1400,"1",1,0,0,0,0,0,0,0,0,0
"1401",1401,"NA",0,0,0,0,0,0,0,0,0,1
"1402",1402,"NA",0,0,0,0,0,0,0,0,0,1
"1403",1403,"NA",0,0,0,0,0,0,0,0,0,1
"1404",1404,"1",1,0,0,0,0,0,0,0,0,0
"1405",1405,"1",1,0,0,0,0,0,0,0,0,0
"1406",1406,"NA",0,0,0,0,0,0,0,0,0,1
"1407",1407,"1",1,0,0,0,0,0,0,0,0,0
"1408",1408,"NA",0,0,0,0,0,0,0,0,0,1
"1409",1409,"NA",0,0,0,0,0,0,0,0,0,1
"1410",1410,"NA",0,0,0,0,0,0,0,0,0,1
"1411",1411,"NA",0,0,0,0,0,0,0,0,0,1
"1412",1412,"NA",0,0,0,0,0,0,0,0,0,1
"1413",1413,"NA",0,0,0,0,0,0,0,0,0,1
"1414",1414,"NA",0,0,0,0,0,0,0,0,0,1
"1415",1415,"1",1,0,0,0,0,0,0,0,0,0
"1416",1416,"NA",0,0,0,0,0,0,0,0,0,1
"1417",1417,"1",1,0,0,0,0,0,0,0,0,0
"1418",1418,"NA",0,0,0,0,0,0,0,0,0,1
"1419",1419,"NA",0,0,0,0,0,0,0,0,0,1
"1420",1420,"NA",0,0,0,0,0,0,0,0,0,1
"1421",1421,"NA",0,0,0,0,0,0,0,0,0,1
"1422",1422,"NA",0,0,0,0,0,0,0,0,0,1
"1423",1423,"NA",0,0,0,0,0,0,0,0,0,1
"1424",1424,"1",1,0,0,0,0,0,0,0,0,0
"1425",1425,"NA",0,0,0,0,0,0,0,0,0,1
"1426",1426,"2",0,1,0,0,0,0,0,0,0,0
"1427",1427,"NA",0,0,0,0,0,0,0,0,0,1
"1428",1428,"NA",0,0,0,0,0,0,0,0,0,1
"1429",1429,"NA",0,0,0,0,0,0,0,0,0,1
"1430",1430,"NA",0,0,0,0,0,0,0,0,0,1
"1431",1431,"NA",0,0,0,0,0,0,0,0,0,1
"1432",1432,"NA",0,0,0,0,0,0,0,0,0,1
"1433",1433,"NA",0,0,0,0,0,0,0,0,0,1
"1434",1434,"2",0,1,0,0,0,0,0,0,0,0
"1435",1435,"NA",0,0,0,0,0,0,0,0,0,1
"1436",1436,"1",1,0,0,0,0,0,0,0,0,0
"1437",1437,"1",1,0,0,0,0,0,0,0,0,0
"1438",1438,"2",0,1,0,0,0,0,0,0,0,0
"1439",1439,"1",1,0,0,0,0,0,0,0,0,0
"1440",1440,"1",1,0,0,0,0,0,0,0,0,0
"1441",1441,"NA",0,0,0,0,0,0,0,0,0,1
"1442",1442,"NA",0,0,0,0,0,0,0,0,0,1
"1443",1443,"1",1,0,0,0,0,0,0,0,0,0
"1444",1444,"3",0,0,1,0,0,0,0,0,0,0
"1445",1445,"2",0,1,0,0,0,0,0,0,0,0
"1446",1446,"NA",0,0,0,0,0,0,0,0,0,1
"1447",1447,"NA",0,0,0,0,0,0,0,0,0,1
"1448",1448,"1",1,0,0,0,0,0,0,0,0,0
"1449",1449,"NA",0,0,0,0,0,0,0,0,0,1
"1450",1450,"NA",0,0,0,0,0,0,0,0,0,1
"1451",1451,"NA",0,0,0,0,0,0,0,0,0,1
"1452",1452,"2",0,1,0,0,0,0,0,0,0,0
"1453",1453,"NA",0,0,0,0,0,0,0,0,0,1
"1454",1454,"NA",0,0,0,0,0,0,0,0,0,1
"1455",1455,"NA",0,0,0,0,0,0,0,0,0,1
"1456",1456,"NA",0,0,0,0,0,0,0,0,0,1
"1457",1457,"NA",0,0,0,0,0,0,0,0,0,1
"1458",1458,"NA",0,0,0,0,0,0,0,0,0,1
"1459",1459,"2",0,1,0,0,0,0,0,0,0,0
"1460",1460,"2",0,1,0,0,0,0,0,0,0,0
"1461",1461,"NA",0,0,0,0,0,0,0,0,0,1
"1462",1462,"1",1,0,0,0,0,0,0,0,0,0
"1463",1463,"NA",0,0,0,0,0,0,0,0,0,1
"1464",1464,"1",1,0,0,0,0,0,0,0,0,0
"1465",1465,"1",1,0,0,0,0,0,0,0,0,0
"1466",1466,"NA",0,0,0,0,0,0,0,0,0,1
"1467",1467,"NA",0,0,0,0,0,0,0,0,0,1
"1468",1468,"NA",0,0,0,0,0,0,0,0,0,1
"1469",1469,"1",1,0,0,0,0,0,0,0,0,0
"1470",1470,"1",1,0,0,0,0,0,0,0,0,0
"1471",1471,"NA",0,0,0,0,0,0,0,0,0,1
"1472",1472,"NA",0,0,0,0,0,0,0,0,0,1
"1473",1473,"NA",0,0,0,0,0,0,0,0,0,1
"1474",1474,"NA",0,0,0,0,0,0,0,0,0,1
"1475",1475,"2",0,1,0,0,0,0,0,0,0,0
"1476",1476,"1",1,0,0,0,0,0,0,0,0,0
"1477",1477,"NA",0,0,0,0,0,0,0,0,0,1
"1478",1478,"NA",0,0,0,0,0,0,0,0,0,1
"1479",1479,"NA",0,0,0,0,0,0,0,0,0,1
"1480",1480,"1",1,0,0,0,0,0,0,0,0,0
"1481",1481,"3",0,0,1,0,0,0,0,0,0,0
"1482",1482,"1",1,0,0,0,0,0,0,0,0,0
"1483",1483,"1",1,0,0,0,0,0,0,0,0,0
"1484",1484,"NA",0,0,0,0,0,0,0,0,0,1
"1485",1485,"NA",0,0,0,0,0,0,0,0,0,1
"1486",1486,"NA",0,0,0,0,0,0,0,0,0,1
"1487",1487,"NA",0,0,0,0,0,0,0,0,0,1
"1488",1488,"NA",0,0,0,0,0,0,0,0,0,1
"1489",1489,"1",1,0,0,0,0,0,0,0,0,0
"1490",1490,"1",1,0,0,0,0,0,0,0,0,0
"1491",1491,"1",1,0,0,0,0,0,0,0,0,0
"1492",1492,"1",1,0,0,0,0,0,0,0,0,0
"1493",1493,"NA",0,0,0,0,0,0,0,0,0,1
"1494",1494,"NA",0,0,0,0,0,0,0,0,0,1
"1495",1495,"NA",0,0,0,0,0,0,0,0,0,1
"1496",1496,"NA",0,0,0,0,0,0,0,0,0,1
"1497",1497,"NA",0,0,0,0,0,0,0,0,0,1
"1498",1498,"2",0,1,0,0,0,0,0,0,0,0
"1499",1499,"NA",0,0,0,0,0,0,0,0,0,1
"1500",1500,"NA",0,0,0,0,0,0,0,0,0,1
"1501",1501,"2",0,1,0,0,0,0,0,0,0,0
"1502",1502,"2",0,1,0,0,0,0,0,0,0,0
"1503",1503,"1",1,0,0,0,0,0,0,0,0,0
"1504",1504,"NA",0,0,0,0,0,0,0,0,0,1
"1505",1505,"NA",0,0,0,0,0,0,0,0,0,1
"1506",1506,"NA",0,0,0,0,0,0,0,0,0,1
"1507",1507,"NA",0,0,0,0,0,0,0,0,0,1
"1508",1508,"NA",0,0,0,0,0,0,0,0,0,1
"1509",1509,"1",1,0,0,0,0,0,0,0,0,0
"1510",1510,"NA",0,0,0,0,0,0,0,0,0,1
"1511",1511,"1",1,0,0,0,0,0,0,0,0,0
"1512",1512,"1",1,0,0,0,0,0,0,0,0,0
"1513",1513,"NA",0,0,0,0,0,0,0,0,0,1
"1514",1514,"1",1,0,0,0,0,0,0,0,0,0
"1515",1515,"NA",0,0,0,0,0,0,0,0,0,1
"1516",1516,"NA",0,0,0,0,0,0,0,0,0,1
"1517",1517,"NA",0,0,0,0,0,0,0,0,0,1
"1518",1518,"NA",0,0,0,0,0,0,0,0,0,1
"1519",1519,"NA",0,0,0,0,0,0,0,0,0,1
"1520",1520,"NA",0,0,0,0,0,0,0,0,0,1
"1521",1521,"NA",0,0,0,0,0,0,0,0,0,1
"1522",1522,"NA",0,0,0,0,0,0,0,0,0,1
"1523",1523,"NA",0,0,0,0,0,0,0,0,0,1
"1524",1524,"NA",0,0,0,0,0,0,0,0,0,1
"1525",1525,"2",0,1,0,0,0,0,0,0,0,0
"1526",1526,"2",0,1,0,0,0,0,0,0,0,0
"1527",1527,"NA",0,0,0,0,0,0,0,0,0,1
"1528",1528,"2",0,1,0,0,0,0,0,0,0,0
"1529",1529,"NA",0,0,0,0,0,0,0,0,0,1
"1530",1530,"NA",0,0,0,0,0,0,0,0,0,1
"1531",1531,"NA",0,0,0,0,0,0,0,0,0,1
"1532",1532,"NA",0,0,0,0,0,0,0,0,0,1
"1533",1533,"NA",0,0,0,0,0,0,0,0,0,1
"1534",1534,"NA",0,0,0,0,0,0,0,0,0,1
"1535",1535,"NA",0,0,0,0,0,0,0,0,0,1
"1536",1536,"NA",0,0,0,0,0,0,0,0,0,1
"1537",1537,"1",1,0,0,0,0,0,0,0,0,0
"1538",1538,"NA",0,0,0,0,0,0,0,0,0,1
"1539",1539,"NA",0,0,0,0,0,0,0,0,0,1
"1540",1540,"1",1,0,0,0,0,0,0,0,0,0
"1541",1541,"NA",0,0,0,0,0,0,0,0,0,1
"1542",1542,"NA",0,0,0,0,0,0,0,0,0,1
"1543",1543,"1",1,0,0,0,0,0,0,0,0,0
"1544",1544,"1",1,0,0,0,0,0,0,0,0,0
"1545",1545,"1",1,0,0,0,0,0,0,0,0,0
"1546",1546,"6",0,0,0,0,0,1,0,0,0,0
"1547",1547,"NA",0,0,0,0,0,0,0,0,0,1
"1548",1548,"NA",0,0,0,0,0,0,0,0,0,1
"1549",1549,"NA",0,0,0,0,0,0,0,0,0,1
"1550",1550,"NA",0,0,0,0,0,0,0,0,0,1
"1551",1551,"NA",0,0,0,0,0,0,0,0,0,1
"1552",1552,"NA",0,0,0,0,0,0,0,0,0,1
"1553",1553,"NA",0,0,0,0,0,0,0,0,0,1
"1554",1554,"NA",0,0,0,0,0,0,0,0,0,1
"1555",1555,"1",1,0,0,0,0,0,0,0,0,0
"1556",1556,"NA",0,0,0,0,0,0,0,0,0,1
"1557",1557,"NA",0,0,0,0,0,0,0,0,0,1
"1558",1558,"4",0,0,0,1,0,0,0,0,0,0
"1559",1559,"3",0,0,1,0,0,0,0,0,0,0
"1560",1560,"NA",0,0,0,0,0,0,0,0,0,1
"1561",1561,"1",1,0,0,0,0,0,0,0,0,0
"1562",1562,"NA",0,0,0,0,0,0,0,0,0,1
"1563",1563,"NA",0,0,0,0,0,0,0,0,0,1
"1564",1564,"NA",0,0,0,0,0,0,0,0,0,1
"1565",1565,"NA",0,0,0,0,0,0,0,0,0,1
"1566",1566,"NA",0,0,0,0,0,0,0,0,0,1
"1567",1567,"NA",0,0,0,0,0,0,0,0,0,1
"1568",1568,"2",0,1,0,0,0,0,0,0,0,0
"1569",1569,"NA",0,0,0,0,0,0,0,0,0,1
"1570",1570,"1",1,0,0,0,0,0,0,0,0,0
"1571",1571,"2",0,1,0,0,0,0,0,0,0,0
"1572",1572,"1",1,0,0,0,0,0,0,0,0,0
"1573",1573,"1",1,0,0,0,0,0,0,0,0,0
"1574",1574,"1",1,0,0,0,0,0,0,0,0,0
"1575",1575,"2",0,1,0,0,0,0,0,0,0,0
"1576",1576,"NA",0,0,0,0,0,0,0,0,0,1
"1577",1577,"1",1,0,0,0,0,0,0,0,0,0
"1578",1578,"NA",0,0,0,0,0,0,0,0,0,1
"1579",1579,"NA",0,0,0,0,0,0,0,0,0,1
"1580",1580,"NA",0,0,0,0,0,0,0,0,0,1
"1581",1581,"NA",0,0,0,0,0,0,0,0,0,1
"1582",1582,"NA",0,0,0,0,0,0,0,0,0,1
"1583",1583,"1",1,0,0,0,0,0,0,0,0,0
"1584",1584,"5",0,0,0,0,1,0,0,0,0,0
"1585",1585,"NA",0,0,0,0,0,0,0,0,0,1
"1586",1586,"NA",0,0,0,0,0,0,0,0,0,1
"1587",1587,"1",1,0,0,0,0,0,0,0,0,0
"1588",1588,"NA",0,0,0,0,0,0,0,0,0,1
"1589",1589,"1",1,0,0,0,0,0,0,0,0,0
"1590",1590,"NA",0,0,0,0,0,0,0,0,0,1
"1591",1591,"1",1,0,0,0,0,0,0,0,0,0
"1592",1592,"1",1,0,0,0,0,0,0,0,0,0
"1593",1593,"NA",0,0,0,0,0,0,0,0,0,1
"1594",1594,"NA",0,0,0,0,0,0,0,0,0,1
"1595",1595,"NA",0,0,0,0,0,0,0,0,0,1
"1596",1596,"NA",0,0,0,0,0,0,0,0,0,1
"1597",1597,"NA",0,0,0,0,0,0,0,0,0,1
"1598",1598,"NA",0,0,0,0,0,0,0,0,0,1
"1599",1599,"NA",0,0,0,0,0,0,0,0,0,1
"1600",1600,"NA",0,0,0,0,0,0,0,0,0,1
"1601",1601,"NA",0,0,0,0,0,0,0,0,0,1
"1602",1602,"1",1,0,0,0,0,0,0,0,0,0
"1603",1603,"NA",0,0,0,0,0,0,0,0,0,1
"1604",1604,"NA",0,0,0,0,0,0,0,0,0,1
"1605",1605,"NA",0,0,0,0,0,0,0,0,0,1
"1606",1606,"NA",0,0,0,0,0,0,0,0,0,1
"1607",1607,"NA",0,0,0,0,0,0,0,0,0,1
"1608",1608,"NA",0,0,0,0,0,0,0,0,0,1
"1609",1609,"1",1,0,0,0,0,0,0,0,0,0
"1610",1610,"NA",0,0,0,0,0,0,0,0,0,1
"1611",1611,"NA",0,0,0,0,0,0,0,0,0,1
"1612",1612,"1",1,0,0,0,0,0,0,0,0,0
"1613",1613,"1",1,0,0,0,0,0,0,0,0,0
"1614",1614,"1",1,0,0,0,0,0,0,0,0,0
"1615",1615,"NA",0,0,0,0,0,0,0,0,0,1
"1616",1616,"NA",0,0,0,0,0,0,0,0,0,1
"1617",1617,"1",1,0,0,0,0,0,0,0,0,0
"1618",1618,"NA",0,0,0,0,0,0,0,0,0,1
"1619",1619,"NA",0,0,0,0,0,0,0,0,0,1
"1620",1620,"1",1,0,0,0,0,0,0,0,0,0
"1621",1621,"1",1,0,0,0,0,0,0,0,0,0
"1622",1622,"NA",0,0,0,0,0,0,0,0,0,1
"1623",1623,"1",1,0,0,0,0,0,0,0,0,0
"1624",1624,"2",0,1,0,0,0,0,0,0,0,0
"1625",1625,"NA",0,0,0,0,0,0,0,0,0,1
"1626",1626,"NA",0,0,0,0,0,0,0,0,0,1
"1627",1627,"1",1,0,0,0,0,0,0,0,0,0
"1628",1628,"1",1,0,0,0,0,0,0,0,0,0
"1629",1629,"4",0,0,0,1,0,0,0,0,0,0
"1630",1630,"1",1,0,0,0,0,0,0,0,0,0
"1631",1631,"NA",0,0,0,0,0,0,0,0,0,1
"1632",1632,"NA",0,0,0,0,0,0,0,0,0,1
"1633",1633,"NA",0,0,0,0,0,0,0,0,0,1
"1634",1634,"NA",0,0,0,0,0,0,0,0,0,1
"1635",1635,"NA",0,0,0,0,0,0,0,0,0,1
"1636",1636,"1",1,0,0,0,0,0,0,0,0,0
"1637",1637,"1",1,0,0,0,0,0,0,0,0,0
"1638",1638,"NA",0,0,0,0,0,0,0,0,0,1
"1639",1639,"1",1,0,0,0,0,0,0,0,0,0
"1640",1640,"NA",0,0,0,0,0,0,0,0,0,1
"1641",1641,"2",0,1,0,0,0,0,0,0,0,0
"1642",1642,"NA",0,0,0,0,0,0,0,0,0,1
"1643",1643,"3",0,0,1,0,0,0,0,0,0,0
"1644",1644,"1",1,0,0,0,0,0,0,0,0,0
"1645",1645,"1",1,0,0,0,0,0,0,0,0,0
"1646",1646,"1",1,0,0,0,0,0,0,0,0,0
"1647",1647,"NA",0,0,0,0,0,0,0,0,0,1
"1648",1648,"NA",0,0,0,0,0,0,0,0,0,1
"1649",1649,"1",1,0,0,0,0,0,0,0,0,0
"1650",1650,"NA",0,0,0,0,0,0,0,0,0,1
"1651",1651,"2",0,1,0,0,0,0,0,0,0,0
"1652",1652,"1",1,0,0,0,0,0,0,0,0,0
"1653",1653,"NA",0,0,0,0,0,0,0,0,0,1
"1654",1654,"NA",0,0,0,0,0,0,0,0,0,1
"1655",1655,"NA",0,0,0,0,0,0,0,0,0,1
"1656",1656,"1",1,0,0,0,0,0,0,0,0,0
"1657",1657,"NA",0,0,0,0,0,0,0,0,0,1
"1658",1658,"NA",0,0,0,0,0,0,0,0,0,1
"1659",1659,"2",0,1,0,0,0,0,0,0,0,0
"1660",1660,"NA",0,0,0,0,0,0,0,0,0,1
"1661",1661,"NA",0,0,0,0,0,0,0,0,0,1
"1662",1662,"3",0,0,1,0,0,0,0,0,0,0
"1663",1663,"NA",0,0,0,0,0,0,0,0,0,1
"1664",1664,"NA",0,0,0,0,0,0,0,0,0,1
"1665",1665,"2",0,1,0,0,0,0,0,0,0,0
"1666",1666,"1",1,0,0,0,0,0,0,0,0,0
"1667",1667,"NA",0,0,0,0,0,0,0,0,0,1
"1668",1668,"NA",0,0,0,0,0,0,0,0,0,1
"1669",1669,"NA",0,0,0,0,0,0,0,0,0,1
"1670",1670,"1",1,0,0,0,0,0,0,0,0,0
"1671",1671,"NA",0,0,0,0,0,0,0,0,0,1
"1672",1672,"1",1,0,0,0,0,0,0,0,0,0
"1673",1673,"4",0,0,0,1,0,0,0,0,0,0
"1674",1674,"NA",0,0,0,0,0,0,0,0,0,1
"1675",1675,"2",0,1,0,0,0,0,0,0,0,0
"1676",1676,"NA",0,0,0,0,0,0,0,0,0,1
"1677",1677,"NA",0,0,0,0,0,0,0,0,0,1
"1678",1678,"NA",0,0,0,0,0,0,0,0,0,1
"1679",1679,"NA",0,0,0,0,0,0,0,0,0,1
"1680",1680,"1",1,0,0,0,0,0,0,0,0,0
"1681",1681,"NA",0,0,0,0,0,0,0,0,0,1
"1682",1682,"NA",0,0,0,0,0,0,0,0,0,1
"1683",1683,"1",1,0,0,0,0,0,0,0,0,0
"1684",1684,"1",1,0,0,0,0,0,0,0,0,0
"1685",1685,"1",1,0,0,0,0,0,0,0,0,0
"1686",1686,"1",1,0,0,0,0,0,0,0,0,0
"1687",1687,"NA",0,0,0,0,0,0,0,0,0,1
"1688",1688,"NA",0,0,0,0,0,0,0,0,0,1
"1689",1689,"1",1,0,0,0,0,0,0,0,0,0
"1690",1690,"2",0,1,0,0,0,0,0,0,0,0
"1691",1691,"NA",0,0,0,0,0,0,0,0,0,1
"1692",1692,"1",1,0,0,0,0,0,0,0,0,0
"1693",1693,"NA",0,0,0,0,0,0,0,0,0,1
"1694",1694,"NA",0,0,0,0,0,0,0,0,0,1
"1695",1695,"NA",0,0,0,0,0,0,0,0,0,1
"1696",1696,"1",1,0,0,0,0,0,0,0,0,0
"1697",1697,"NA",0,0,0,0,0,0,0,0,0,1
"1698",1698,"NA",0,0,0,0,0,0,0,0,0,1
"1699",1699,"NA",0,0,0,0,0,0,0,0,0,1
"1700",1700,"1",1,0,0,0,0,0,0,0,0,0
"1701",1701,"1",1,0,0,0,0,0,0,0,0,0
"1702",1702,"NA",0,0,0,0,0,0,0,0,0,1
"1703",1703,"NA",0,0,0,0,0,0,0,0,0,1
"1704",1704,"1",1,0,0,0,0,0,0,0,0,0
"1705",1705,"NA",0,0,0,0,0,0,0,0,0,1
"1706",1706,"NA",0,0,0,0,0,0,0,0,0,1
"1707",1707,"1",1,0,0,0,0,0,0,0,0,0
"1708",1708,"NA",0,0,0,0,0,0,0,0,0,1
"1709",1709,"NA",0,0,0,0,0,0,0,0,0,1
"1710",1710,"NA",0,0,0,0,0,0,0,0,0,1
"1711",1711,"NA",0,0,0,0,0,0,0,0,0,1
"1712",1712,"1",1,0,0,0,0,0,0,0,0,0
"1713",1713,"NA",0,0,0,0,0,0,0,0,0,1
"1714",1714,"NA",0,0,0,0,0,0,0,0,0,1
"1715",1715,"NA",0,0,0,0,0,0,0,0,0,1
"1716",1716,"1",1,0,0,0,0,0,0,0,0,0
"1717",1717,"NA",0,0,0,0,0,0,0,0,0,1
"1718",1718,"NA",0,0,0,0,0,0,0,0,0,1
"1719",1719,"NA",0,0,0,0,0,0,0,0,0,1
"1720",1720,"NA",0,0,0,0,0,0,0,0,0,1
"1721",1721,"2",0,1,0,0,0,0,0,0,0,0
"1722",1722,"NA",0,0,0,0,0,0,0,0,0,1
"1723",1723,"1",1,0,0,0,0,0,0,0,0,0
"1724",1724,"1",1,0,0,0,0,0,0,0,0,0
"1725",1725,"NA",0,0,0,0,0,0,0,0,0,1
"1726",1726,"1",1,0,0,0,0,0,0,0,0,0
"1727",1727,"1",1,0,0,0,0,0,0,0,0,0
"1728",1728,"NA",0,0,0,0,0,0,0,0,0,1
"1729",1729,"NA",0,0,0,0,0,0,0,0,0,1
"1730",1730,"NA",0,0,0,0,0,0,0,0,0,1
"1731",1731,"1",1,0,0,0,0,0,0,0,0,0
"1732",1732,"1",1,0,0,0,0,0,0,0,0,0
"1733",1733,"1",1,0,0,0,0,0,0,0,0,0
"1734",1734,"NA",0,0,0,0,0,0,0,0,0,1
"1735",1735,"NA",0,0,0,0,0,0,0,0,0,1
"1736",1736,"NA",0,0,0,0,0,0,0,0,0,1
"1737",1737,"1",1,0,0,0,0,0,0,0,0,0
"1738",1738,"NA",0,0,0,0,0,0,0,0,0,1
"1739",1739,"NA",0,0,0,0,0,0,0,0,0,1
"1740",1740,"1",1,0,0,0,0,0,0,0,0,0
"1741",1741,"1",1,0,0,0,0,0,0,0,0,0
"1742",1742,"NA",0,0,0,0,0,0,0,0,0,1
"1743",1743,"1",1,0,0,0,0,0,0,0,0,0
"1744",1744,"NA",0,0,0,0,0,0,0,0,0,1
"1745",1745,"NA",0,0,0,0,0,0,0,0,0,1
"1746",1746,"NA",0,0,0,0,0,0,0,0,0,1
"1747",1747,"1",1,0,0,0,0,0,0,0,0,0
"1748",1748,"NA",0,0,0,0,0,0,0,0,0,1
"1749",1749,"1",1,0,0,0,0,0,0,0,0,0
"1750",1750,"NA",0,0,0,0,0,0,0,0,0,1
"1751",1751,"1",1,0,0,0,0,0,0,0,0,0
"1752",1752,"NA",0,0,0,0,0,0,0,0,0,1
"1753",1753,"NA",0,0,0,0,0,0,0,0,0,1
"1754",1754,"2",0,1,0,0,0,0,0,0,0,0
"1755",1755,"NA",0,0,0,0,0,0,0,0,0,1
"1756",1756,"NA",0,0,0,0,0,0,0,0,0,1
"1757",1757,"NA",0,0,0,0,0,0,0,0,0,1
"1758",1758,"NA",0,0,0,0,0,0,0,0,0,1
"1759",1759,"NA",0,0,0,0,0,0,0,0,0,1
"1760",1760,"NA",0,0,0,0,0,0,0,0,0,1
"1761",1761,"NA",0,0,0,0,0,0,0,0,0,1
"1762",1762,"1",1,0,0,0,0,0,0,0,0,0
"1763",1763,"NA",0,0,0,0,0,0,0,0,0,1
"1764",1764,"NA",0,0,0,0,0,0,0,0,0,1
"1765",1765,"NA",0,0,0,0,0,0,0,0,0,1
"1766",1766,"1",1,0,0,0,0,0,0,0,0,0
"1767",1767,"NA",0,0,0,0,0,0,0,0,0,1
"1768",1768,"1",1,0,0,0,0,0,0,0,0,0
"1769",1769,"NA",0,0,0,0,0,0,0,0,0,1
"1770",1770,"NA",0,0,0,0,0,0,0,0,0,1
"1771",1771,"NA",0,0,0,0,0,0,0,0,0,1
"1772",1772,"NA",0,0,0,0,0,0,0,0,0,1
"1773",1773,"NA",0,0,0,0,0,0,0,0,0,1
"1774",1774,"NA",0,0,0,0,0,0,0,0,0,1
"1775",1775,"2",0,1,0,0,0,0,0,0,0,0
"1776",1776,"NA",0,0,0,0,0,0,0,0,0,1
"1777",1777,"NA",0,0,0,0,0,0,0,0,0,1
"1778",1778,"NA",0,0,0,0,0,0,0,0,0,1
"1779",1779,"NA",0,0,0,0,0,0,0,0,0,1
"1780",1780,"1",1,0,0,0,0,0,0,0,0,0
"1781",1781,"NA",0,0,0,0,0,0,0,0,0,1
"1782",1782,"1",1,0,0,0,0,0,0,0,0,0
"1783",1783,"NA",0,0,0,0,0,0,0,0,0,1
"1784",1784,"NA",0,0,0,0,0,0,0,0,0,1
"1785",1785,"1",1,0,0,0,0,0,0,0,0,0
"1786",1786,"NA",0,0,0,0,0,0,0,0,0,1
"1787",1787,"1",1,0,0,0,0,0,0,0,0,0
"1788",1788,"NA",0,0,0,0,0,0,0,0,0,1
"1789",1789,"1",1,0,0,0,0,0,0,0,0,0
"1790",1790,"NA",0,0,0,0,0,0,0,0,0,1
"1791",1791,"NA",0,0,0,0,0,0,0,0,0,1
"1792",1792,"1",1,0,0,0,0,0,0,0,0,0
"1793",1793,"NA",0,0,0,0,0,0,0,0,0,1
"1794",1794,"NA",0,0,0,0,0,0,0,0,0,1
"1795",1795,"1",1,0,0,0,0,0,0,0,0,0
"1796",1796,"NA",0,0,0,0,0,0,0,0,0,1
"1797",1797,"2",0,1,0,0,0,0,0,0,0,0
"1798",1798,"1",1,0,0,0,0,0,0,0,0,0
"1799",1799,"NA",0,0,0,0,0,0,0,0,0,1
"1800",1800,"NA",0,0,0,0,0,0,0,0,0,1
"1801",1801,"3",0,0,1,0,0,0,0,0,0,0
"1802",1802,"NA",0,0,0,0,0,0,0,0,0,1
"1803",1803,"NA",0,0,0,0,0,0,0,0,0,1
"1804",1804,"NA",0,0,0,0,0,0,0,0,0,1
"1805",1805,"NA",0,0,0,0,0,0,0,0,0,1
"1806",1806,"NA",0,0,0,0,0,0,0,0,0,1
"1807",1807,"NA",0,0,0,0,0,0,0,0,0,1
"1808",1808,"1",1,0,0,0,0,0,0,0,0,0
"1809",1809,"1",1,0,0,0,0,0,0,0,0,0
"1810",1810,"NA",0,0,0,0,0,0,0,0,0,1
"1811",1811,"1",1,0,0,0,0,0,0,0,0,0
"1812",1812,"2",0,1,0,0,0,0,0,0,0,0
"1813",1813,"NA",0,0,0,0,0,0,0,0,0,1
"1814",1814,"NA",0,0,0,0,0,0,0,0,0,1
"1815",1815,"NA",0,0,0,0,0,0,0,0,0,1
"1816",1816,"NA",0,0,0,0,0,0,0,0,0,1
"1817",1817,"NA",0,0,0,0,0,0,0,0,0,1
"1818",1818,"NA",0,0,0,0,0,0,0,0,0,1
"1819",1819,"NA",0,0,0,0,0,0,0,0,0,1
"1820",1820,"NA",0,0,0,0,0,0,0,0,0,1
"1821",1821,"1",1,0,0,0,0,0,0,0,0,0
"1822",1822,"1",1,0,0,0,0,0,0,0,0,0
"1823",1823,"NA",0,0,0,0,0,0,0,0,0,1
"1824",1824,"NA",0,0,0,0,0,0,0,0,0,1
"1825",1825,"1",1,0,0,0,0,0,0,0,0,0
"1826",1826,"NA",0,0,0,0,0,0,0,0,0,1
"1827",1827,"NA",0,0,0,0,0,0,0,0,0,1
"1828",1828,"NA",0,0,0,0,0,0,0,0,0,1
"1829",1829,"1",1,0,0,0,0,0,0,0,0,0
"1830",1830,"NA",0,0,0,0,0,0,0,0,0,1
"1831",1831,"NA",0,0,0,0,0,0,0,0,0,1
"1832",1832,"1",1,0,0,0,0,0,0,0,0,0
"1833",1833,"NA",0,0,0,0,0,0,0,0,0,1
"1834",1834,"2",0,1,0,0,0,0,0,0,0,0
"1835",1835,"NA",0,0,0,0,0,0,0,0,0,1
"1836",1836,"NA",0,0,0,0,0,0,0,0,0,1
"1837",1837,"NA",0,0,0,0,0,0,0,0,0,1
"1838",1838,"1",1,0,0,0,0,0,0,0,0,0
"1839",1839,"NA",0,0,0,0,0,0,0,0,0,1
"1840",1840,"NA",0,0,0,0,0,0,0,0,0,1
"1841",1841,"NA",0,0,0,0,0,0,0,0,0,1
"1842",1842,"NA",0,0,0,0,0,0,0,0,0,1
"1843",1843,"NA",0,0,0,0,0,0,0,0,0,1
"1844",1844,"NA",0,0,0,0,0,0,0,0,0,1
"1845",1845,"1",1,0,0,0,0,0,0,0,0,0
"1846",1846,"1",1,0,0,0,0,0,0,0,0,0
"1847",1847,"1",1,0,0,0,0,0,0,0,0,0
"1848",1848,"1",1,0,0,0,0,0,0,0,0,0
"1849",1849,"NA",0,0,0,0,0,0,0,0,0,1
"1850",1850,"NA",0,0,0,0,0,0,0,0,0,1
"1851",1851,"4",0,0,0,1,0,0,0,0,0,0
"1852",1852,"NA",0,0,0,0,0,0,0,0,0,1
"1853",1853,"NA",0,0,0,0,0,0,0,0,0,1
"1854",1854,"NA",0,0,0,0,0,0,0,0,0,1
"1855",1855,"NA",0,0,0,0,0,0,0,0,0,1
"1856",1856,"1",1,0,0,0,0,0,0,0,0,0
"1857",1857,"NA",0,0,0,0,0,0,0,0,0,1
"1858",1858,"NA",0,0,0,0,0,0,0,0,0,1
"1859",1859,"1",1,0,0,0,0,0,0,0,0,0
"1860",1860,"1",1,0,0,0,0,0,0,0,0,0
"1861",1861,"NA",0,0,0,0,0,0,0,0,0,1
"1862",1862,"NA",0,0,0,0,0,0,0,0,0,1
"1863",1863,"NA",0,0,0,0,0,0,0,0,0,1
"1864",1864,"1",1,0,0,0,0,0,0,0,0,0
"1865",1865,"NA",0,0,0,0,0,0,0,0,0,1
"1866",1866,"NA",0,0,0,0,0,0,0,0,0,1
"1867",1867,"NA",0,0,0,0,0,0,0,0,0,1
"1868",1868,"2",0,1,0,0,0,0,0,0,0,0
"1869",1869,"1",1,0,0,0,0,0,0,0,0,0
"1870",1870,"NA",0,0,0,0,0,0,0,0,0,1
"1871",1871,"1",1,0,0,0,0,0,0,0,0,0
"1872",1872,"NA",0,0,0,0,0,0,0,0,0,1
"1873",1873,"1",1,0,0,0,0,0,0,0,0,0
"1874",1874,"NA",0,0,0,0,0,0,0,0,0,1
"1875",1875,"NA",0,0,0,0,0,0,0,0,0,1
"1876",1876,"NA",0,0,0,0,0,0,0,0,0,1
"1877",1877,"NA",0,0,0,0,0,0,0,0,0,1
"1878",1878,"2",0,1,0,0,0,0,0,0,0,0
"1879",1879,"NA",0,0,0,0,0,0,0,0,0,1
"1880",1880,"1",1,0,0,0,0,0,0,0,0,0
"1881",1881,"NA",0,0,0,0,0,0,0,0,0,1
"1882",1882,"1",1,0,0,0,0,0,0,0,0,0
"1883",1883,"2",0,1,0,0,0,0,0,0,0,0
"1884",1884,"NA",0,0,0,0,0,0,0,0,0,1
"1885",1885,"NA",0,0,0,0,0,0,0,0,0,1
"1886",1886,"NA",0,0,0,0,0,0,0,0,0,1
"1887",1887,"NA",0,0,0,0,0,0,0,0,0,1
"1888",1888,"NA",0,0,0,0,0,0,0,0,0,1
"1889",1889,"1",1,0,0,0,0,0,0,0,0,0
"1890",1890,"NA",0,0,0,0,0,0,0,0,0,1
"1891",1891,"NA",0,0,0,0,0,0,0,0,0,1
"1892",1892,"NA",0,0,0,0,0,0,0,0,0,1
"1893",1893,"NA",0,0,0,0,0,0,0,0,0,1
"1894",1894,"1",1,0,0,0,0,0,0,0,0,0
"1895",1895,"NA",0,0,0,0,0,0,0,0,0,1
"1896",1896,"NA",0,0,0,0,0,0,0,0,0,1
"1897",1897,"NA",0,0,0,0,0,0,0,0,0,1
"1898",1898,"NA",0,0,0,0,0,0,0,0,0,1
"1899",1899,"NA",0,0,0,0,0,0,0,0,0,1
"1900",1900,"1",1,0,0,0,0,0,0,0,0,0
"1901",1901,"NA",0,0,0,0,0,0,0,0,0,1
"1902",1902,"NA",0,0,0,0,0,0,0,0,0,1
"1903",1903,"NA",0,0,0,0,0,0,0,0,0,1
"1904",1904,"NA",0,0,0,0,0,0,0,0,0,1
"1905",1905,"1",1,0,0,0,0,0,0,0,0,0
"1906",1906,"NA",0,0,0,0,0,0,0,0,0,1
"1907",1907,"NA",0,0,0,0,0,0,0,0,0,1
"1908",1908,"1",1,0,0,0,0,0,0,0,0,0
"1909",1909,"1",1,0,0,0,0,0,0,0,0,0
"1910",1910,"NA",0,0,0,0,0,0,0,0,0,1
"1911",1911,"1",1,0,0,0,0,0,0,0,0,0
"1912",1912,"2",0,1,0,0,0,0,0,0,0,0
"1913",1913,"NA",0,0,0,0,0,0,0,0,0,1
"1914",1914,"1",1,0,0,0,0,0,0,0,0,0
"1915",1915,"1",1,0,0,0,0,0,0,0,0,0
"1916",1916,"NA",0,0,0,0,0,0,0,0,0,1
"1917",1917,"1",1,0,0,0,0,0,0,0,0,0
"1918",1918,"NA",0,0,0,0,0,0,0,0,0,1
"1919",1919,"NA",0,0,0,0,0,0,0,0,0,1
"1920",1920,"NA",0,0,0,0,0,0,0,0,0,1
"1921",1921,"NA",0,0,0,0,0,0,0,0,0,1
"1922",1922,"NA",0,0,0,0,0,0,0,0,0,1
"1923",1923,"NA",0,0,0,0,0,0,0,0,0,1
"1924",1924,"1",1,0,0,0,0,0,0,0,0,0
"1925",1925,"NA",0,0,0,0,0,0,0,0,0,1
"1926",1926,"1",1,0,0,0,0,0,0,0,0,0
"1927",1927,"NA",0,0,0,0,0,0,0,0,0,1
"1928",1928,"NA",0,0,0,0,0,0,0,0,0,1
"1929",1929,"NA",0,0,0,0,0,0,0,0,0,1
"1930",1930,"NA",0,0,0,0,0,0,0,0,0,1
"1931",1931,"NA",0,0,0,0,0,0,0,0,0,1
"1932",1932,"NA",0,0,0,0,0,0,0,0,0,1
"1933",1933,"2",0,1,0,0,0,0,0,0,0,0
"1934",1934,"NA",0,0,0,0,0,0,0,0,0,1
"1935",1935,"2",0,1,0,0,0,0,0,0,0,0
"1936",1936,"NA",0,0,0,0,0,0,0,0,0,1
"1937",1937,"1",1,0,0,0,0,0,0,0,0,0
"1938",1938,"1",1,0,0,0,0,0,0,0,0,0
"1939",1939,"NA",0,0,0,0,0,0,0,0,0,1
"1940",1940,"NA",0,0,0,0,0,0,0,0,0,1
"1941",1941,"1",1,0,0,0,0,0,0,0,0,0
"1942",1942,"NA",0,0,0,0,0,0,0,0,0,1
"1943",1943,"NA",0,0,0,0,0,0,0,0,0,1
"1944",1944,"NA",0,0,0,0,0,0,0,0,0,1
"1945",1945,"NA",0,0,0,0,0,0,0,0,0,1
"1946",1946,"NA",0,0,0,0,0,0,0,0,0,1
"1947",1947,"NA",0,0,0,0,0,0,0,0,0,1
"1948",1948,"1",1,0,0,0,0,0,0,0,0,0
"1949",1949,"1",1,0,0,0,0,0,0,0,0,0
"1950",1950,"NA",0,0,0,0,0,0,0,0,0,1
"1951",1951,"NA",0,0,0,0,0,0,0,0,0,1
"1952",1952,"NA",0,0,0,0,0,0,0,0,0,1
"1953",1953,"NA",0,0,0,0,0,0,0,0,0,1
"1954",1954,"NA",0,0,0,0,0,0,0,0,0,1
"1955",1955,"NA",0,0,0,0,0,0,0,0,0,1
"1956",1956,"NA",0,0,0,0,0,0,0,0,0,1
"1957",1957,"NA",0,0,0,0,0,0,0,0,0,1
"1958",1958,"NA",0,0,0,0,0,0,0,0,0,1
"1959",1959,"NA",0,0,0,0,0,0,0,0,0,1
"1960",1960,"1",1,0,0,0,0,0,0,0,0,0
"1961",1961,"NA",0,0,0,0,0,0,0,0,0,1
"1962",1962,"NA",0,0,0,0,0,0,0,0,0,1
"1963",1963,"NA",0,0,0,0,0,0,0,0,0,1
"1964",1964,"1",1,0,0,0,0,0,0,0,0,0
"1965",1965,"2",0,1,0,0,0,0,0,0,0,0
"1966",1966,"1",1,0,0,0,0,0,0,0,0,0
"1967",1967,"NA",0,0,0,0,0,0,0,0,0,1
"1968",1968,"1",1,0,0,0,0,0,0,0,0,0
"1969",1969,"NA",0,0,0,0,0,0,0,0,0,1
"1970",1970,"NA",0,0,0,0,0,0,0,0,0,1
"1971",1971,"NA",0,0,0,0,0,0,0,0,0,1
"1972",1972,"NA",0,0,0,0,0,0,0,0,0,1
"1973",1973,"NA",0,0,0,0,0,0,0,0,0,1
"1974",1974,"1",1,0,0,0,0,0,0,0,0,0
"1975",1975,"NA",0,0,0,0,0,0,0,0,0,1
"1976",1976,"NA",0,0,0,0,0,0,0,0,0,1
"1977",1977,"1",1,0,0,0,0,0,0,0,0,0
"1978",1978,"NA",0,0,0,0,0,0,0,0,0,1
"1979",1979,"NA",0,0,0,0,0,0,0,0,0,1
"1980",1980,"NA",0,0,0,0,0,0,0,0,0,1
"1981",1981,"NA",0,0,0,0,0,0,0,0,0,1
"1982",1982,"NA",0,0,0,0,0,0,0,0,0,1
"1983",1983,"NA",0,0,0,0,0,0,0,0,0,1
"1984",1984,"NA",0,0,0,0,0,0,0,0,0,1
"1985",1985,"NA",0,0,0,0,0,0,0,0,0,1
"1986",1986,"NA",0,0,0,0,0,0,0,0,0,1
"1987",1987,"NA",0,0,0,0,0,0,0,0,0,1
"1988",1988,"NA",0,0,0,0,0,0,0,0,0,1
"1989",1989,"NA",0,0,0,0,0,0,0,0,0,1
"1990",1990,"5",0,0,0,0,1,0,0,0,0,0
"1991",1991,"NA",0,0,0,0,0,0,0,0,0,1
"1992",1992,"NA",0,0,0,0,0,0,0,0,0,1
"1993",1993,"NA",0,0,0,0,0,0,0,0,0,1
"1994",1994,"1",1,0,0,0,0,0,0,0,0,0
"1995",1995,"NA",0,0,0,0,0,0,0,0,0,1
"1996",1996,"NA",0,0,0,0,0,0,0,0,0,1
"1997",1997,"NA",0,0,0,0,0,0,0,0,0,1
"1998",1998,"NA",0,0,0,0,0,0,0,0,0,1
"1999",1999,"1",1,0,0,0,0,0,0,0,0,0
"2000",2000,"NA",0,0,0,0,0,0,0,0,0,1
