"","id","noi","category","category_1to5","category_5to10","category_10to15","category_15to20","category_20+","category_NA"
"1",1,"3","1to5",1,0,0,0,0,0
"2",2,"11","10to15",0,0,1,0,0,0
"3",3,"16","15to20",0,0,0,1,0,0
"4",4,"15","10to15",0,0,1,0,0,0
"5",5,"9","5to10",0,1,0,0,0,0
"6",6,"22","20+",0,0,0,0,1,0
"7",7,"23","20+",0,0,0,0,1,0
"8",8,"4","1to5",1,0,0,0,0,0
"9",9,"NA","NA",0,0,0,0,0,1
"10",10,"13","10to15",0,0,1,0,0,0
"11",11,"2","1to5",1,0,0,0,0,0
"12",12,"10","5to10",0,1,0,0,0,0
"13",13,"64","20+",0,0,0,0,1,0
"14",14,"3","1to5",1,0,0,0,0,0
"15",15,"2","1to5",1,0,0,0,0,0
"16",16,"27","20+",0,0,0,0,1,0
"17",17,"34","20+",0,0,0,0,1,0
"18",18,"NA","NA",0,0,0,0,0,1
"19",19,"5","1to5",1,0,0,0,0,0
"20",20,"35","20+",0,0,0,0,1,0
"21",21,"4","1to5",1,0,0,0,0,0
"22",22,"27","20+",0,0,0,0,1,0
"23",23,"3","1to5",1,0,0,0,0,0
"24",24,"3","1to5",1,0,0,0,0,0
"25",25,"23","20+",0,0,0,0,1,0
"26",26,"16","15to20",0,0,0,1,0,0
"27",27,"6","5to10",0,1,0,0,0,0
"28",28,"13","10to15",0,0,1,0,0,0
"29",29,"10","5to10",0,1,0,0,0,0
"30",30,"20","15to20",0,0,0,1,0,0
"31",31,"5","1to5",1,0,0,0,0,0
"32",32,"28","20+",0,0,0,0,1,0
"33",33,"5","1to5",1,0,0,0,0,0
"34",34,"5","1to5",1,0,0,0,0,0
"35",35,"1","1to5",1,0,0,0,0,0
"36",36,"19","15to20",0,0,0,1,0,0
"37",37,"3","1to5",1,0,0,0,0,0
"38",38,"26","20+",0,0,0,0,1,0
"39",39,"13","10to15",0,0,1,0,0,0
"40",40,"1","1to5",1,0,0,0,0,0
"41",41,"NA","NA",0,0,0,0,0,1
"42",42,"1","1to5",1,0,0,0,0,0
"43",43,"2","1to5",1,0,0,0,0,0
"44",44,"7","5to10",0,1,0,0,0,0
"45",45,"3","1to5",1,0,0,0,0,0
"46",46,"6","5to10",0,1,0,0,0,0
"47",47,"18","15to20",0,0,0,1,0,0
"48",48,"14","10to15",0,0,1,0,0,0
"49",49,"7","5to10",0,1,0,0,0,0
"50",50,"12","10to15",0,0,1,0,0,0
"51",51,"4","1to5",1,0,0,0,0,0
"52",52,"3","1to5",1,0,0,0,0,0
"53",53,"9","5to10",0,1,0,0,0,0
"54",54,"5","1to5",1,0,0,0,0,0
"55",55,"9","5to10",0,1,0,0,0,0
"56",56,"6","5to10",0,1,0,0,0,0
"57",57,"17","15to20",0,0,0,1,0,0
"58",58,"16","15to20",0,0,0,1,0,0
"59",59,"5","1to5",1,0,0,0,0,0
"60",60,"NA","NA",0,0,0,0,0,1
"61",61,"7","5to10",0,1,0,0,0,0
"62",62,"35","20+",0,0,0,0,1,0
"63",63,"NA","NA",0,0,0,0,0,1
"64",64,"17","15to20",0,0,0,1,0,0
"65",65,"8","5to10",0,1,0,0,0,0
"66",66,"7","5to10",0,1,0,0,0,0
"67",67,"7","5to10",0,1,0,0,0,0
"68",68,"13","10to15",0,0,1,0,0,0
"69",69,"8","5to10",0,1,0,0,0,0
"70",70,"2","1to5",1,0,0,0,0,0
"71",71,"19","15to20",0,0,0,1,0,0
"72",72,"16","15to20",0,0,0,1,0,0
"73",73,"2","1to5",1,0,0,0,0,0
"74",74,"12","10to15",0,0,1,0,0,0
"75",75,"19","15to20",0,0,0,1,0,0
"76",76,"10","5to10",0,1,0,0,0,0
"77",77,"4","1to5",1,0,0,0,0,0
"78",78,"15","10to15",0,0,1,0,0,0
"79",79,"2","1to5",1,0,0,0,0,0
"80",80,"6","5to10",0,1,0,0,0,0
"81",81,"23","20+",0,0,0,0,1,0
"82",82,"6","5to10",0,1,0,0,0,0
"83",83,"1","1to5",1,0,0,0,0,0
"84",84,"6","5to10",0,1,0,0,0,0
"85",85,"3","1to5",1,0,0,0,0,0
"86",86,"1","1to5",1,0,0,0,0,0
"87",87,"3","1to5",1,0,0,0,0,0
"88",88,"12","10to15",0,0,1,0,0,0
"89",89,"7","5to10",0,1,0,0,0,0
"90",90,"13","10to15",0,0,1,0,0,0
"91",91,"7","5to10",0,1,0,0,0,0
"92",92,"4","1to5",1,0,0,0,0,0
"93",93,"12","10to15",0,0,1,0,0,0
"94",94,"18","15to20",0,0,0,1,0,0
"95",95,"14","10to15",0,0,1,0,0,0
"96",96,"23","20+",0,0,0,0,1,0
"97",97,"9","5to10",0,1,0,0,0,0
"98",98,"10","5to10",0,1,0,0,0,0
"99",99,"23","20+",0,0,0,0,1,0
"100",100,"11","10to15",0,0,1,0,0,0
"101",101,"9","5to10",0,1,0,0,0,0
"102",102,"23","20+",0,0,0,0,1,0
"103",103,"15","10to15",0,0,1,0,0,0
"104",104,"30","20+",0,0,0,0,1,0
"105",105,"14","10to15",0,0,1,0,0,0
"106",106,"9","5to10",0,1,0,0,0,0
"107",107,"28","20+",0,0,0,0,1,0
"108",108,"10","5to10",0,1,0,0,0,0
"109",109,"10","5to10",0,1,0,0,0,0
"110",110,"1","1to5",1,0,0,0,0,0
"111",111,"28","20+",0,0,0,0,1,0
"112",112,"5","1to5",1,0,0,0,0,0
"113",113,"5","1to5",1,0,0,0,0,0
"114",114,"13","10to15",0,0,1,0,0,0
"115",115,"7","5to10",0,1,0,0,0,0
"116",116,"3","1to5",1,0,0,0,0,0
"117",117,"4","1to5",1,0,0,0,0,0
"118",118,"19","15to20",0,0,0,1,0,0
"119",119,"14","10to15",0,0,1,0,0,0
"120",120,"18","15to20",0,0,0,1,0,0
"121",121,"19","15to20",0,0,0,1,0,0
"122",122,"13","10to15",0,0,1,0,0,0
"123",123,"19","15to20",0,0,0,1,0,0
"124",124,"7","5to10",0,1,0,0,0,0
"125",125,"16","15to20",0,0,0,1,0,0
"126",126,"7","5to10",0,1,0,0,0,0
"127",127,"14","10to15",0,0,1,0,0,0
"128",128,"3","1to5",1,0,0,0,0,0
"129",129,"13","10to15",0,0,1,0,0,0
"130",130,"7","5to10",0,1,0,0,0,0
"131",131,"9","5to10",0,1,0,0,0,0
"132",132,"4","1to5",1,0,0,0,0,0
"133",133,"32","20+",0,0,0,0,1,0
"134",134,"26","20+",0,0,0,0,1,0
"135",135,"1","1to5",1,0,0,0,0,0
"136",136,"12","10to15",0,0,1,0,0,0
"137",137,"6","5to10",0,1,0,0,0,0
"138",138,"10","5to10",0,1,0,0,0,0
"139",139,"1","1to5",1,0,0,0,0,0
"140",140,"4","1to5",1,0,0,0,0,0
"141",141,"NA","NA",0,0,0,0,0,1
"142",142,"11","10to15",0,0,1,0,0,0
"143",143,"15","10to15",0,0,1,0,0,0
"144",144,"3","1to5",1,0,0,0,0,0
"145",145,"3","1to5",1,0,0,0,0,0
"146",146,"10","5to10",0,1,0,0,0,0
"147",147,"3","1to5",1,0,0,0,0,0
"148",148,"10","5to10",0,1,0,0,0,0
"149",149,"20","15to20",0,0,0,1,0,0
"150",150,"4","1to5",1,0,0,0,0,0
"151",151,"20","15to20",0,0,0,1,0,0
"152",152,"11","10to15",0,0,1,0,0,0
"153",153,"1","1to5",1,0,0,0,0,0
"154",154,"3","1to5",1,0,0,0,0,0
"155",155,"9","5to10",0,1,0,0,0,0
"156",156,"19","15to20",0,0,0,1,0,0
"157",157,"11","10to15",0,0,1,0,0,0
"158",158,"13","10to15",0,0,1,0,0,0
"159",159,"1","1to5",1,0,0,0,0,0
"160",160,"1","1to5",1,0,0,0,0,0
"161",161,"8","5to10",0,1,0,0,0,0
"162",162,"1","1to5",1,0,0,0,0,0
"163",163,"2","1to5",1,0,0,0,0,0
"164",164,"2","1to5",1,0,0,0,0,0
"165",165,"NA","NA",0,0,0,0,0,1
"166",166,"9","5to10",0,1,0,0,0,0
"167",167,"1","1to5",1,0,0,0,0,0
"168",168,"1","1to5",1,0,0,0,0,0
"169",169,"10","5to10",0,1,0,0,0,0
"170",170,"21","20+",0,0,0,0,1,0
"171",171,"8","5to10",0,1,0,0,0,0
"172",172,"8","5to10",0,1,0,0,0,0
"173",173,"1","1to5",1,0,0,0,0,0
"174",174,"3","1to5",1,0,0,0,0,0
"175",175,"35","20+",0,0,0,0,1,0
"176",176,"24","20+",0,0,0,0,1,0
"177",177,"10","5to10",0,1,0,0,0,0
"178",178,"6","5to10",0,1,0,0,0,0
"179",179,"NA","NA",0,0,0,0,0,1
"180",180,"4","1to5",1,0,0,0,0,0
"181",181,"23","20+",0,0,0,0,1,0
"182",182,"15","10to15",0,0,1,0,0,0
"183",183,"NA","NA",0,0,0,0,0,1
"184",184,"12","10to15",0,0,1,0,0,0
"185",185,"12","10to15",0,0,1,0,0,0
"186",186,"9","5to10",0,1,0,0,0,0
"187",187,"12","10to15",0,0,1,0,0,0
"188",188,"10","5to10",0,1,0,0,0,0
"189",189,"4","1to5",1,0,0,0,0,0
"190",190,"1","1to5",1,0,0,0,0,0
"191",191,"11","10to15",0,0,1,0,0,0
"192",192,"6","5to10",0,1,0,0,0,0
"193",193,"16","15to20",0,0,0,1,0,0
"194",194,"8","5to10",0,1,0,0,0,0
"195",195,"1","1to5",1,0,0,0,0,0
"196",196,"2","1to5",1,0,0,0,0,0
"197",197,"3","1to5",1,0,0,0,0,0
"198",198,"4","1to5",1,0,0,0,0,0
"199",199,"2","1to5",1,0,0,0,0,0
"200",200,"11","10to15",0,0,1,0,0,0
"201",201,"14","10to15",0,0,1,0,0,0
"202",202,"5","1to5",1,0,0,0,0,0
"203",203,"14","10to15",0,0,1,0,0,0
"204",204,"23","20+",0,0,0,0,1,0
"205",205,"10","5to10",0,1,0,0,0,0
"206",206,"18","15to20",0,0,0,1,0,0
"207",207,"8","5to10",0,1,0,0,0,0
"208",208,"3","1to5",1,0,0,0,0,0
"209",209,"6","5to10",0,1,0,0,0,0
"210",210,"2","1to5",1,0,0,0,0,0
"211",211,"1","1to5",1,0,0,0,0,0
"212",212,"4","1to5",1,0,0,0,0,0
"213",213,"2","1to5",1,0,0,0,0,0
"214",214,"4","1to5",1,0,0,0,0,0
"215",215,"3","1to5",1,0,0,0,0,0
"216",216,"3","1to5",1,0,0,0,0,0
"217",217,"9","5to10",0,1,0,0,0,0
"218",218,"9","5to10",0,1,0,0,0,0
"219",219,"3","1to5",1,0,0,0,0,0
"220",220,"3","1to5",1,0,0,0,0,0
"221",221,"12","10to15",0,0,1,0,0,0
"222",222,"17","15to20",0,0,0,1,0,0
"223",223,"17","15to20",0,0,0,1,0,0
"224",224,"28","20+",0,0,0,0,1,0
"225",225,"7","5to10",0,1,0,0,0,0
"226",226,"12","10to15",0,0,1,0,0,0
"227",227,"9","5to10",0,1,0,0,0,0
"228",228,"18","15to20",0,0,0,1,0,0
"229",229,"2","1to5",1,0,0,0,0,0
"230",230,"11","10to15",0,0,1,0,0,0
"231",231,"11","10to15",0,0,1,0,0,0
"232",232,"11","10to15",0,0,1,0,0,0
"233",233,"4","1to5",1,0,0,0,0,0
"234",234,"18","15to20",0,0,0,1,0,0
"235",235,"4","1to5",1,0,0,0,0,0
"236",236,"NA","NA",0,0,0,0,0,1
"237",237,"13","10to15",0,0,1,0,0,0
"238",238,"14","10to15",0,0,1,0,0,0
"239",239,"10","5to10",0,1,0,0,0,0
"240",240,"19","15to20",0,0,0,1,0,0
"241",241,"27","20+",0,0,0,0,1,0
"242",242,"3","1to5",1,0,0,0,0,0
"243",243,"10","5to10",0,1,0,0,0,0
"244",244,"12","10to15",0,0,1,0,0,0
"245",245,"8","5to10",0,1,0,0,0,0
"246",246,"5","1to5",1,0,0,0,0,0
"247",247,"2","1to5",1,0,0,0,0,0
"248",248,"9","5to10",0,1,0,0,0,0
"249",249,"6","5to10",0,1,0,0,0,0
"250",250,"18","15to20",0,0,0,1,0,0
"251",251,"10","5to10",0,1,0,0,0,0
"252",252,"10","5to10",0,1,0,0,0,0
"253",253,"10","5to10",0,1,0,0,0,0
"254",254,"8","5to10",0,1,0,0,0,0
"255",255,"8","5to10",0,1,0,0,0,0
"256",256,"1","1to5",1,0,0,0,0,0
"257",257,"11","10to15",0,0,1,0,0,0
"258",258,"2","1to5",1,0,0,0,0,0
"259",259,"4","1to5",1,0,0,0,0,0
"260",260,"3","1to5",1,0,0,0,0,0
"261",261,"3","1to5",1,0,0,0,0,0
"262",262,"1","1to5",1,0,0,0,0,0
"263",263,"11","10to15",0,0,1,0,0,0
"264",264,"5","1to5",1,0,0,0,0,0
"265",265,"NA","NA",0,0,0,0,0,1
"266",266,"11","10to15",0,0,1,0,0,0
"267",267,"7","5to10",0,1,0,0,0,0
"268",268,"5","1to5",1,0,0,0,0,0
"269",269,"6","5to10",0,1,0,0,0,0
"270",270,"6","5to10",0,1,0,0,0,0
"271",271,"7","5to10",0,1,0,0,0,0
"272",272,"3","1to5",1,0,0,0,0,0
"273",273,"7","5to10",0,1,0,0,0,0
"274",274,"2","1to5",1,0,0,0,0,0
"275",275,"3","1to5",1,0,0,0,0,0
"276",276,"3","1to5",1,0,0,0,0,0
"277",277,"19","15to20",0,0,0,1,0,0
"278",278,"5","1to5",1,0,0,0,0,0
"279",279,"6","5to10",0,1,0,0,0,0
"280",280,"NA","NA",0,0,0,0,0,1
"281",281,"4","1to5",1,0,0,0,0,0
"282",282,"1","1to5",1,0,0,0,0,0
"283",283,"5","1to5",1,0,0,0,0,0
"284",284,"13","10to15",0,0,1,0,0,0
"285",285,"15","10to15",0,0,1,0,0,0
"286",286,"2","1to5",1,0,0,0,0,0
"287",287,"1","1to5",1,0,0,0,0,0
"288",288,"6","5to10",0,1,0,0,0,0
"289",289,"3","1to5",1,0,0,0,0,0
"290",290,"41","20+",0,0,0,0,1,0
"291",291,"4","1to5",1,0,0,0,0,0
"292",292,"14","10to15",0,0,1,0,0,0
"293",293,"11","10to15",0,0,1,0,0,0
"294",294,"15","10to15",0,0,1,0,0,0
"295",295,"4","1to5",1,0,0,0,0,0
"296",296,"NA","NA",0,0,0,0,0,1
"297",297,"NA","NA",0,0,0,0,0,1
"298",298,"2","1to5",1,0,0,0,0,0
"299",299,"10","5to10",0,1,0,0,0,0
"300",300,"18","15to20",0,0,0,1,0,0
"301",301,"20","15to20",0,0,0,1,0,0
"302",302,"1","1to5",1,0,0,0,0,0
"303",303,"3","1to5",1,0,0,0,0,0
"304",304,"1","1to5",1,0,0,0,0,0
"305",305,"1","1to5",1,0,0,0,0,0
"306",306,"NA","NA",0,0,0,0,0,1
"307",307,"11","10to15",0,0,1,0,0,0
"308",308,"6","5to10",0,1,0,0,0,0
"309",309,"1","1to5",1,0,0,0,0,0
"310",310,"1","1to5",1,0,0,0,0,0
"311",311,"6","5to10",0,1,0,0,0,0
"312",312,"2","1to5",1,0,0,0,0,0
"313",313,"10","5to10",0,1,0,0,0,0
"314",314,"1","1to5",1,0,0,0,0,0
"315",315,"4","1to5",1,0,0,0,0,0
"316",316,"18","15to20",0,0,0,1,0,0
"317",317,"8","5to10",0,1,0,0,0,0
"318",318,"5","1to5",1,0,0,0,0,0
"319",319,"7","5to10",0,1,0,0,0,0
"320",320,"NA","NA",0,0,0,0,0,1
"321",321,"7","5to10",0,1,0,0,0,0
"322",322,"8","5to10",0,1,0,0,0,0
"323",323,"13","10to15",0,0,1,0,0,0
"324",324,"7","5to10",0,1,0,0,0,0
"325",325,"5","1to5",1,0,0,0,0,0
"326",326,"2","1to5",1,0,0,0,0,0
"327",327,"7","5to10",0,1,0,0,0,0
"328",328,"11","10to15",0,0,1,0,0,0
"329",329,"9","5to10",0,1,0,0,0,0
"330",330,"2","1to5",1,0,0,0,0,0
"331",331,"19","15to20",0,0,0,1,0,0
"332",332,"11","10to15",0,0,1,0,0,0
"333",333,"9","5to10",0,1,0,0,0,0
"334",334,"NA","NA",0,0,0,0,0,1
"335",335,"7","5to10",0,1,0,0,0,0
"336",336,"9","5to10",0,1,0,0,0,0
"337",337,"12","10to15",0,0,1,0,0,0
"338",338,"2","1to5",1,0,0,0,0,0
"339",339,"22","20+",0,0,0,0,1,0
"340",340,"5","1to5",1,0,0,0,0,0
"341",341,"9","5to10",0,1,0,0,0,0
"342",342,"11","10to15",0,0,1,0,0,0
"343",343,"4","1to5",1,0,0,0,0,0
"344",344,"3","1to5",1,0,0,0,0,0
"345",345,"13","10to15",0,0,1,0,0,0
"346",346,"10","5to10",0,1,0,0,0,0
"347",347,"3","1to5",1,0,0,0,0,0
"348",348,"6","5to10",0,1,0,0,0,0
"349",349,"18","15to20",0,0,0,1,0,0
"350",350,"3","1to5",1,0,0,0,0,0
"351",351,"1","1to5",1,0,0,0,0,0
"352",352,"1","1to5",1,0,0,0,0,0
"353",353,"1","1to5",1,0,0,0,0,0
"354",354,"NA","NA",0,0,0,0,0,1
"355",355,"18","15to20",0,0,0,1,0,0
"356",356,"23","20+",0,0,0,0,1,0
"357",357,"NA","NA",0,0,0,0,0,1
"358",358,"1","1to5",1,0,0,0,0,0
"359",359,"15","10to15",0,0,1,0,0,0
"360",360,"6","5to10",0,1,0,0,0,0
"361",361,"9","5to10",0,1,0,0,0,0
"362",362,"1","1to5",1,0,0,0,0,0
"363",363,"15","10to15",0,0,1,0,0,0
"364",364,"1","1to5",1,0,0,0,0,0
"365",365,"5","1to5",1,0,0,0,0,0
"366",366,"11","10to15",0,0,1,0,0,0
"367",367,"8","5to10",0,1,0,0,0,0
"368",368,"8","5to10",0,1,0,0,0,0
"369",369,"6","5to10",0,1,0,0,0,0
"370",370,"7","5to10",0,1,0,0,0,0
"371",371,"61","20+",0,0,0,0,1,0
"372",372,"2","1to5",1,0,0,0,0,0
"373",373,"2","1to5",1,0,0,0,0,0
"374",374,"32","20+",0,0,0,0,1,0
"375",375,"2","1to5",1,0,0,0,0,0
"376",376,"NA","NA",0,0,0,0,0,1
"377",377,"7","5to10",0,1,0,0,0,0
"378",378,"2","1to5",1,0,0,0,0,0
"379",379,"2","1to5",1,0,0,0,0,0
"380",380,"2","1to5",1,0,0,0,0,0
"381",381,"7","5to10",0,1,0,0,0,0
"382",382,"2","1to5",1,0,0,0,0,0
"383",383,"NA","NA",0,0,0,0,0,1
"384",384,"5","1to5",1,0,0,0,0,0
"385",385,"5","1to5",1,0,0,0,0,0
"386",386,"NA","NA",0,0,0,0,0,1
"387",387,"8","5to10",0,1,0,0,0,0
"388",388,"13","10to15",0,0,1,0,0,0
"389",389,"4","1to5",1,0,0,0,0,0
"390",390,"12","10to15",0,0,1,0,0,0
"391",391,"2","1to5",1,0,0,0,0,0
"392",392,"3","1to5",1,0,0,0,0,0
"393",393,"9","5to10",0,1,0,0,0,0
"394",394,"NA","NA",0,0,0,0,0,1
"395",395,"4","1to5",1,0,0,0,0,0
"396",396,"2","1to5",1,0,0,0,0,0
"397",397,"4","1to5",1,0,0,0,0,0
"398",398,"6","5to10",0,1,0,0,0,0
"399",399,"14","10to15",0,0,1,0,0,0
"400",400,"15","10to15",0,0,1,0,0,0
"401",401,"14","10to15",0,0,1,0,0,0
"402",402,"14","10to15",0,0,1,0,0,0
"403",403,"1","1to5",1,0,0,0,0,0
"404",404,"3","1to5",1,0,0,0,0,0
"405",405,"3","1to5",1,0,0,0,0,0
"406",406,"NA","NA",0,0,0,0,0,1
"407",407,"13","10to15",0,0,1,0,0,0
"408",408,"4","1to5",1,0,0,0,0,0
"409",409,"5","1to5",1,0,0,0,0,0
"410",410,"26","20+",0,0,0,0,1,0
"411",411,"4","1to5",1,0,0,0,0,0
"412",412,"4","1to5",1,0,0,0,0,0
"413",413,"4","1to5",1,0,0,0,0,0
"414",414,"9","5to10",0,1,0,0,0,0
"415",415,"NA","NA",0,0,0,0,0,1
"416",416,"13","10to15",0,0,1,0,0,0
"417",417,"2","1to5",1,0,0,0,0,0
"418",418,"1","1to5",1,0,0,0,0,0
"419",419,"1","1to5",1,0,0,0,0,0
"420",420,"1","1to5",1,0,0,0,0,0
"421",421,"3","1to5",1,0,0,0,0,0
"422",422,"7","5to10",0,1,0,0,0,0
"423",423,"NA","NA",0,0,0,0,0,1
"424",424,"1","1to5",1,0,0,0,0,0
"425",425,"11","10to15",0,0,1,0,0,0
"426",426,"NA","NA",0,0,0,0,0,1
"427",427,"5","1to5",1,0,0,0,0,0
"428",428,"12","10to15",0,0,1,0,0,0
"429",429,"5","1to5",1,0,0,0,0,0
"430",430,"14","10to15",0,0,1,0,0,0
"431",431,"4","1to5",1,0,0,0,0,0
"432",432,"1","1to5",1,0,0,0,0,0
"433",433,"NA","NA",0,0,0,0,0,1
"434",434,"2","1to5",1,0,0,0,0,0
"435",435,"9","5to10",0,1,0,0,0,0
"436",436,"21","20+",0,0,0,0,1,0
"437",437,"11","10to15",0,0,1,0,0,0
"438",438,"7","5to10",0,1,0,0,0,0
"439",439,"3","1to5",1,0,0,0,0,0
"440",440,"9","5to10",0,1,0,0,0,0
"441",441,"3","1to5",1,0,0,0,0,0
"442",442,"13","10to15",0,0,1,0,0,0
"443",443,"1","1to5",1,0,0,0,0,0
"444",444,"2","1to5",1,0,0,0,0,0
"445",445,"2","1to5",1,0,0,0,0,0
"446",446,"7","5to10",0,1,0,0,0,0
"447",447,"2","1to5",1,0,0,0,0,0
"448",448,"15","10to15",0,0,1,0,0,0
"449",449,"22","20+",0,0,0,0,1,0
"450",450,"4","1to5",1,0,0,0,0,0
"451",451,"4","1to5",1,0,0,0,0,0
"452",452,"11","10to15",0,0,1,0,0,0
"453",453,"9","5to10",0,1,0,0,0,0
"454",454,"4","1to5",1,0,0,0,0,0
"455",455,"1","1to5",1,0,0,0,0,0
"456",456,"11","10to15",0,0,1,0,0,0
"457",457,"5","1to5",1,0,0,0,0,0
"458",458,"19","15to20",0,0,0,1,0,0
"459",459,"15","10to15",0,0,1,0,0,0
"460",460,"11","10to15",0,0,1,0,0,0
"461",461,"3","1to5",1,0,0,0,0,0
"462",462,"2","1to5",1,0,0,0,0,0
"463",463,"11","10to15",0,0,1,0,0,0
"464",464,"4","1to5",1,0,0,0,0,0
"465",465,"17","15to20",0,0,0,1,0,0
"466",466,"5","1to5",1,0,0,0,0,0
"467",467,"9","5to10",0,1,0,0,0,0
"468",468,"13","10to15",0,0,1,0,0,0
"469",469,"2","1to5",1,0,0,0,0,0
"470",470,"1","1to5",1,0,0,0,0,0
"471",471,"2","1to5",1,0,0,0,0,0
"472",472,"5","1to5",1,0,0,0,0,0
"473",473,"1","1to5",1,0,0,0,0,0
"474",474,"NA","NA",0,0,0,0,0,1
"475",475,"4","1to5",1,0,0,0,0,0
"476",476,"8","5to10",0,1,0,0,0,0
"477",477,"4","1to5",1,0,0,0,0,0
"478",478,"11","10to15",0,0,1,0,0,0
"479",479,"1","1to5",1,0,0,0,0,0
"480",480,"3","1to5",1,0,0,0,0,0
"481",481,"4","1to5",1,0,0,0,0,0
"482",482,"10","5to10",0,1,0,0,0,0
"483",483,"NA","NA",0,0,0,0,0,1
"484",484,"13","10to15",0,0,1,0,0,0
"485",485,"2","1to5",1,0,0,0,0,0
"486",486,"7","5to10",0,1,0,0,0,0
"487",487,"1","1to5",1,0,0,0,0,0
"488",488,"3","1to5",1,0,0,0,0,0
"489",489,"2","1to5",1,0,0,0,0,0
"490",490,"NA","NA",0,0,0,0,0,1
"491",491,"3","1to5",1,0,0,0,0,0
"492",492,"13","10to15",0,0,1,0,0,0
"493",493,"3","1to5",1,0,0,0,0,0
"494",494,"5","1to5",1,0,0,0,0,0
"495",495,"10","5to10",0,1,0,0,0,0
"496",496,"6","5to10",0,1,0,0,0,0
"497",497,"11","10to15",0,0,1,0,0,0
"498",498,"22","20+",0,0,0,0,1,0
"499",499,"2","1to5",1,0,0,0,0,0
"500",500,"10","5to10",0,1,0,0,0,0
"501",501,"5","1to5",1,0,0,0,0,0
"502",502,"12","10to15",0,0,1,0,0,0
"503",503,"9","5to10",0,1,0,0,0,0
"504",504,"11","10to15",0,0,1,0,0,0
"505",505,"NA","NA",0,0,0,0,0,1
"506",506,"2","1to5",1,0,0,0,0,0
"507",507,"10","5to10",0,1,0,0,0,0
"508",508,"4","1to5",1,0,0,0,0,0
"509",509,"1","1to5",1,0,0,0,0,0
"510",510,"3","1to5",1,0,0,0,0,0
"511",511,"2","1to5",1,0,0,0,0,0
"512",512,"13","10to15",0,0,1,0,0,0
"513",513,"8","5to10",0,1,0,0,0,0
"514",514,"1","1to5",1,0,0,0,0,0
"515",515,"2","1to5",1,0,0,0,0,0
"516",516,"26","20+",0,0,0,0,1,0
"517",517,"8","5to10",0,1,0,0,0,0
"518",518,"2","1to5",1,0,0,0,0,0
"519",519,"NA","NA",0,0,0,0,0,1
"520",520,"19","15to20",0,0,0,1,0,0
"521",521,"2","1to5",1,0,0,0,0,0
"522",522,"3","1to5",1,0,0,0,0,0
"523",523,"18","15to20",0,0,0,1,0,0
"524",524,"2","1to5",1,0,0,0,0,0
"525",525,"16","15to20",0,0,0,1,0,0
"526",526,"5","1to5",1,0,0,0,0,0
"527",527,"5","1to5",1,0,0,0,0,0
"528",528,"2","1to5",1,0,0,0,0,0
"529",529,"2","1to5",1,0,0,0,0,0
"530",530,"5","1to5",1,0,0,0,0,0
"531",531,"3","1to5",1,0,0,0,0,0
"532",532,"3","1to5",1,0,0,0,0,0
"533",533,"8","5to10",0,1,0,0,0,0
"534",534,"2","1to5",1,0,0,0,0,0
"535",535,"2","1to5",1,0,0,0,0,0
"536",536,"3","1to5",1,0,0,0,0,0
"537",537,"NA","NA",0,0,0,0,0,1
"538",538,"1","1to5",1,0,0,0,0,0
"539",539,"3","1to5",1,0,0,0,0,0
"540",540,"7","5to10",0,1,0,0,0,0
"541",541,"7","5to10",0,1,0,0,0,0
"542",542,"3","1to5",1,0,0,0,0,0
"543",543,"6","5to10",0,1,0,0,0,0
"544",544,"1","1to5",1,0,0,0,0,0
"545",545,"NA","NA",0,0,0,0,0,1
"546",546,"11","10to15",0,0,1,0,0,0
"547",547,"3","1to5",1,0,0,0,0,0
"548",548,"5","1to5",1,0,0,0,0,0
"549",549,"4","1to5",1,0,0,0,0,0
"550",550,"9","5to10",0,1,0,0,0,0
"551",551,"24","20+",0,0,0,0,1,0
"552",552,"3","1to5",1,0,0,0,0,0
"553",553,"NA","NA",0,0,0,0,0,1
"554",554,"1","1to5",1,0,0,0,0,0
"555",555,"1","1to5",1,0,0,0,0,0
"556",556,"11","10to15",0,0,1,0,0,0
"557",557,"2","1to5",1,0,0,0,0,0
"558",558,"4","1to5",1,0,0,0,0,0
"559",559,"5","1to5",1,0,0,0,0,0
"560",560,"4","1to5",1,0,0,0,0,0
"561",561,"4","1to5",1,0,0,0,0,0
"562",562,"3","1to5",1,0,0,0,0,0
"563",563,"11","10to15",0,0,1,0,0,0
"564",564,"2","1to5",1,0,0,0,0,0
"565",565,"3","1to5",1,0,0,0,0,0
"566",566,"4","1to5",1,0,0,0,0,0
"567",567,"8","5to10",0,1,0,0,0,0
"568",568,"5","1to5",1,0,0,0,0,0
"569",569,"NA","NA",0,0,0,0,0,1
"570",570,"2","1to5",1,0,0,0,0,0
"571",571,"3","1to5",1,0,0,0,0,0
"572",572,"NA","NA",0,0,0,0,0,1
"573",573,"15","10to15",0,0,1,0,0,0
"574",574,"7","5to10",0,1,0,0,0,0
"575",575,"1","1to5",1,0,0,0,0,0
"576",576,"4","1to5",1,0,0,0,0,0
"577",577,"3","1to5",1,0,0,0,0,0
"578",578,"1","1to5",1,0,0,0,0,0
"579",579,"1","1to5",1,0,0,0,0,0
"580",580,"2","1to5",1,0,0,0,0,0
"581",581,"1","1to5",1,0,0,0,0,0
"582",582,"4","1to5",1,0,0,0,0,0
"583",583,"3","1to5",1,0,0,0,0,0
"584",584,"2","1to5",1,0,0,0,0,0
"585",585,"4","1to5",1,0,0,0,0,0
"586",586,"9","5to10",0,1,0,0,0,0
"587",587,"3","1to5",1,0,0,0,0,0
"588",588,"4","1to5",1,0,0,0,0,0
"589",589,"3","1to5",1,0,0,0,0,0
"590",590,"NA","NA",0,0,0,0,0,1
"591",591,"8","5to10",0,1,0,0,0,0
"592",592,"5","1to5",1,0,0,0,0,0
"593",593,"NA","NA",0,0,0,0,0,1
"594",594,"2","1to5",1,0,0,0,0,0
"595",595,"15","10to15",0,0,1,0,0,0
"596",596,"2","1to5",1,0,0,0,0,0
"597",597,"2","1to5",1,0,0,0,0,0
"598",598,"11","10to15",0,0,1,0,0,0
"599",599,"10","5to10",0,1,0,0,0,0
"600",600,"3","1to5",1,0,0,0,0,0
"601",601,"5","1to5",1,0,0,0,0,0
"602",602,"5","1to5",1,0,0,0,0,0
"603",603,"8","5to10",0,1,0,0,0,0
"604",604,"20","15to20",0,0,0,1,0,0
"605",605,"13","10to15",0,0,1,0,0,0
"606",606,"15","10to15",0,0,1,0,0,0
"607",607,"NA","NA",0,0,0,0,0,1
"608",608,"1","1to5",1,0,0,0,0,0
"609",609,"1","1to5",1,0,0,0,0,0
"610",610,"19","15to20",0,0,0,1,0,0
"611",611,"10","5to10",0,1,0,0,0,0
"612",612,"NA","NA",0,0,0,0,0,1
"613",613,"9","5to10",0,1,0,0,0,0
"614",614,"9","5to10",0,1,0,0,0,0
"615",615,"4","1to5",1,0,0,0,0,0
"616",616,"11","10to15",0,0,1,0,0,0
"617",617,"12","10to15",0,0,1,0,0,0
"618",618,"1","1to5",1,0,0,0,0,0
"619",619,"NA","NA",0,0,0,0,0,1
"620",620,"8","5to10",0,1,0,0,0,0
"621",621,"6","5to10",0,1,0,0,0,0
"622",622,"1","1to5",1,0,0,0,0,0
"623",623,"7","5to10",0,1,0,0,0,0
"624",624,"20","15to20",0,0,0,1,0,0
"625",625,"3","1to5",1,0,0,0,0,0
"626",626,"4","1to5",1,0,0,0,0,0
"627",627,"2","1to5",1,0,0,0,0,0
"628",628,"2","1to5",1,0,0,0,0,0
"629",629,"13","10to15",0,0,1,0,0,0
"630",630,"1","1to5",1,0,0,0,0,0
"631",631,"3","1to5",1,0,0,0,0,0
"632",632,"4","1to5",1,0,0,0,0,0
"633",633,"3","1to5",1,0,0,0,0,0
"634",634,"1","1to5",1,0,0,0,0,0
"635",635,"12","10to15",0,0,1,0,0,0
"636",636,"4","1to5",1,0,0,0,0,0
"637",637,"4","1to5",1,0,0,0,0,0
"638",638,"3","1to5",1,0,0,0,0,0
"639",639,"6","5to10",0,1,0,0,0,0
"640",640,"2","1to5",1,0,0,0,0,0
"641",641,"3","1to5",1,0,0,0,0,0
"642",642,"2","1to5",1,0,0,0,0,0
"643",643,"3","1to5",1,0,0,0,0,0
"644",644,"8","5to10",0,1,0,0,0,0
"645",645,"1","1to5",1,0,0,0,0,0
"646",646,"2","1to5",1,0,0,0,0,0
"647",647,"7","5to10",0,1,0,0,0,0
"648",648,"6","5to10",0,1,0,0,0,0
"649",649,"13","10to15",0,0,1,0,0,0
"650",650,"6","5to10",0,1,0,0,0,0
"651",651,"NA","NA",0,0,0,0,0,1
"652",652,"1","1to5",1,0,0,0,0,0
"653",653,"NA","NA",0,0,0,0,0,1
"654",654,"1","1to5",1,0,0,0,0,0
"655",655,"7","5to10",0,1,0,0,0,0
"656",656,"1","1to5",1,0,0,0,0,0
"657",657,"4","1to5",1,0,0,0,0,0
"658",658,"7","5to10",0,1,0,0,0,0
"659",659,"2","1to5",1,0,0,0,0,0
"660",660,"5","1to5",1,0,0,0,0,0
"661",661,"5","1to5",1,0,0,0,0,0
"662",662,"5","1to5",1,0,0,0,0,0
"663",663,"2","1to5",1,0,0,0,0,0
"664",664,"1","1to5",1,0,0,0,0,0
"665",665,"13","10to15",0,0,1,0,0,0
"666",666,"16","15to20",0,0,0,1,0,0
"667",667,"4","1to5",1,0,0,0,0,0
"668",668,"8","5to10",0,1,0,0,0,0
"669",669,"2","1to5",1,0,0,0,0,0
"670",670,"4","1to5",1,0,0,0,0,0
"671",671,"5","1to5",1,0,0,0,0,0
"672",672,"3","1to5",1,0,0,0,0,0
"673",673,"6","5to10",0,1,0,0,0,0
"674",674,"3","1to5",1,0,0,0,0,0
"675",675,"16","15to20",0,0,0,1,0,0
"676",676,"NA","NA",0,0,0,0,0,1
"677",677,"25","20+",0,0,0,0,1,0
"678",678,"8","5to10",0,1,0,0,0,0
"679",679,"4","1to5",1,0,0,0,0,0
"680",680,"5","1to5",1,0,0,0,0,0
"681",681,"6","5to10",0,1,0,0,0,0
"682",682,"6","5to10",0,1,0,0,0,0
"683",683,"21","20+",0,0,0,0,1,0
"684",684,"NA","NA",0,0,0,0,0,1
"685",685,"9","5to10",0,1,0,0,0,0
"686",686,"20","15to20",0,0,0,1,0,0
"687",687,"7","5to10",0,1,0,0,0,0
"688",688,"1","1to5",1,0,0,0,0,0
"689",689,"6","5to10",0,1,0,0,0,0
"690",690,"NA","NA",0,0,0,0,0,1
"691",691,"3","1to5",1,0,0,0,0,0
"692",692,"1","1to5",1,0,0,0,0,0
"693",693,"2","1to5",1,0,0,0,0,0
"694",694,"5","1to5",1,0,0,0,0,0
"695",695,"1","1to5",1,0,0,0,0,0
"696",696,"14","10to15",0,0,1,0,0,0
"697",697,"2","1to5",1,0,0,0,0,0
"698",698,"1","1to5",1,0,0,0,0,0
"699",699,"1","1to5",1,0,0,0,0,0
"700",700,"3","1to5",1,0,0,0,0,0
"701",701,"1","1to5",1,0,0,0,0,0
"702",702,"2","1to5",1,0,0,0,0,0
"703",703,"1","1to5",1,0,0,0,0,0
"704",704,"1","1to5",1,0,0,0,0,0
"705",705,"7","5to10",0,1,0,0,0,0
"706",706,"10","5to10",0,1,0,0,0,0
"707",707,"5","1to5",1,0,0,0,0,0
"708",708,"NA","NA",0,0,0,0,0,1
"709",709,"4","1to5",1,0,0,0,0,0
"710",710,"2","1to5",1,0,0,0,0,0
"711",711,"7","5to10",0,1,0,0,0,0
"712",712,"15","10to15",0,0,1,0,0,0
"713",713,"1","1to5",1,0,0,0,0,0
"714",714,"2","1to5",1,0,0,0,0,0
"715",715,"14","10to15",0,0,1,0,0,0
"716",716,"8","5to10",0,1,0,0,0,0
"717",717,"10","5to10",0,1,0,0,0,0
"718",718,"3","1to5",1,0,0,0,0,0
"719",719,"6","5to10",0,1,0,0,0,0
"720",720,"3","1to5",1,0,0,0,0,0
"721",721,"10","5to10",0,1,0,0,0,0
"722",722,"7","5to10",0,1,0,0,0,0
"723",723,"9","5to10",0,1,0,0,0,0
"724",724,"2","1to5",1,0,0,0,0,0
"725",725,"2","1to5",1,0,0,0,0,0
"726",726,"2","1to5",1,0,0,0,0,0
"727",727,"NA","NA",0,0,0,0,0,1
"728",728,"3","1to5",1,0,0,0,0,0
"729",729,"5","1to5",1,0,0,0,0,0
"730",730,"7","5to10",0,1,0,0,0,0
"731",731,"3","1to5",1,0,0,0,0,0
"732",732,"10","5to10",0,1,0,0,0,0
"733",733,"NA","NA",0,0,0,0,0,1
"734",734,"3","1to5",1,0,0,0,0,0
"735",735,"NA","NA",0,0,0,0,0,1
"736",736,"2","1to5",1,0,0,0,0,0
"737",737,"2","1to5",1,0,0,0,0,0
"738",738,"5","1to5",1,0,0,0,0,0
"739",739,"3","1to5",1,0,0,0,0,0
"740",740,"10","5to10",0,1,0,0,0,0
"741",741,"3","1to5",1,0,0,0,0,0
"742",742,"2","1to5",1,0,0,0,0,0
"743",743,"NA","NA",0,0,0,0,0,1
"744",744,"NA","NA",0,0,0,0,0,1
"745",745,"2","1to5",1,0,0,0,0,0
"746",746,"NA","NA",0,0,0,0,0,1
"747",747,"5","1to5",1,0,0,0,0,0
"748",748,"NA","NA",0,0,0,0,0,1
"749",749,"7","5to10",0,1,0,0,0,0
"750",750,"2","1to5",1,0,0,0,0,0
"751",751,"3","1to5",1,0,0,0,0,0
"752",752,"4","1to5",1,0,0,0,0,0
"753",753,"NA","NA",0,0,0,0,0,1
"754",754,"8","5to10",0,1,0,0,0,0
"755",755,"4","1to5",1,0,0,0,0,0
"756",756,"NA","NA",0,0,0,0,0,1
"757",757,"4","1to5",1,0,0,0,0,0
"758",758,"6","5to10",0,1,0,0,0,0
"759",759,"7","5to10",0,1,0,0,0,0
"760",760,"10","5to10",0,1,0,0,0,0
"761",761,"3","1to5",1,0,0,0,0,0
"762",762,"2","1to5",1,0,0,0,0,0
"763",763,"1","1to5",1,0,0,0,0,0
"764",764,"1","1to5",1,0,0,0,0,0
"765",765,"7","5to10",0,1,0,0,0,0
"766",766,"NA","NA",0,0,0,0,0,1
"767",767,"1","1to5",1,0,0,0,0,0
"768",768,"1","1to5",1,0,0,0,0,0
"769",769,"1","1to5",1,0,0,0,0,0
"770",770,"1","1to5",1,0,0,0,0,0
"771",771,"4","1to5",1,0,0,0,0,0
"772",772,"11","10to15",0,0,1,0,0,0
"773",773,"1","1to5",1,0,0,0,0,0
"774",774,"1","1to5",1,0,0,0,0,0
"775",775,"5","1to5",1,0,0,0,0,0
"776",776,"9","5to10",0,1,0,0,0,0
"777",777,"4","1to5",1,0,0,0,0,0
"778",778,"5","1to5",1,0,0,0,0,0
"779",779,"3","1to5",1,0,0,0,0,0
"780",780,"11","10to15",0,0,1,0,0,0
"781",781,"12","10to15",0,0,1,0,0,0
"782",782,"1","1to5",1,0,0,0,0,0
"783",783,"5","1to5",1,0,0,0,0,0
"784",784,"1","1to5",1,0,0,0,0,0
"785",785,"1","1to5",1,0,0,0,0,0
"786",786,"4","1to5",1,0,0,0,0,0
"787",787,"1","1to5",1,0,0,0,0,0
"788",788,"3","1to5",1,0,0,0,0,0
"789",789,"5","1to5",1,0,0,0,0,0
"790",790,"2","1to5",1,0,0,0,0,0
"791",791,"3","1to5",1,0,0,0,0,0
"792",792,"4","1to5",1,0,0,0,0,0
"793",793,"1","1to5",1,0,0,0,0,0
"794",794,"9","5to10",0,1,0,0,0,0
"795",795,"4","1to5",1,0,0,0,0,0
"796",796,"1","1to5",1,0,0,0,0,0
"797",797,"5","1to5",1,0,0,0,0,0
"798",798,"1","1to5",1,0,0,0,0,0
"799",799,"2","1to5",1,0,0,0,0,0
"800",800,"4","1to5",1,0,0,0,0,0
"801",801,"11","10to15",0,0,1,0,0,0
"802",802,"6","5to10",0,1,0,0,0,0
"803",803,"NA","NA",0,0,0,0,0,1
"804",804,"2","1to5",1,0,0,0,0,0
"805",805,"5","1to5",1,0,0,0,0,0
"806",806,"8","5to10",0,1,0,0,0,0
"807",807,"NA","NA",0,0,0,0,0,1
"808",808,"NA","NA",0,0,0,0,0,1
"809",809,"11","10to15",0,0,1,0,0,0
"810",810,"5","1to5",1,0,0,0,0,0
"811",811,"9","5to10",0,1,0,0,0,0
"812",812,"6","5to10",0,1,0,0,0,0
"813",813,"2","1to5",1,0,0,0,0,0
"814",814,"1","1to5",1,0,0,0,0,0
"815",815,"12","10to15",0,0,1,0,0,0
"816",816,"9","5to10",0,1,0,0,0,0
"817",817,"6","5to10",0,1,0,0,0,0
"818",818,"3","1to5",1,0,0,0,0,0
"819",819,"8","5to10",0,1,0,0,0,0
"820",820,"7","5to10",0,1,0,0,0,0
"821",821,"2","1to5",1,0,0,0,0,0
"822",822,"NA","NA",0,0,0,0,0,1
"823",823,"NA","NA",0,0,0,0,0,1
"824",824,"1","1to5",1,0,0,0,0,0
"825",825,"3","1to5",1,0,0,0,0,0
"826",826,"2","1to5",1,0,0,0,0,0
"827",827,"3","1to5",1,0,0,0,0,0
"828",828,"6","5to10",0,1,0,0,0,0
"829",829,"4","1to5",1,0,0,0,0,0
"830",830,"7","5to10",0,1,0,0,0,0
"831",831,"NA","NA",0,0,0,0,0,1
"832",832,"1","1to5",1,0,0,0,0,0
"833",833,"9","5to10",0,1,0,0,0,0
"834",834,"5","1to5",1,0,0,0,0,0
"835",835,"4","1to5",1,0,0,0,0,0
"836",836,"2","1to5",1,0,0,0,0,0
"837",837,"1","1to5",1,0,0,0,0,0
"838",838,"6","5to10",0,1,0,0,0,0
"839",839,"6","5to10",0,1,0,0,0,0
"840",840,"16","15to20",0,0,0,1,0,0
"841",841,"5","1to5",1,0,0,0,0,0
"842",842,"1","1to5",1,0,0,0,0,0
"843",843,"7","5to10",0,1,0,0,0,0
"844",844,"25","20+",0,0,0,0,1,0
"845",845,"4","1to5",1,0,0,0,0,0
"846",846,"2","1to5",1,0,0,0,0,0
"847",847,"2","1to5",1,0,0,0,0,0
"848",848,"4","1to5",1,0,0,0,0,0
"849",849,"3","1to5",1,0,0,0,0,0
"850",850,"2","1to5",1,0,0,0,0,0
"851",851,"3","1to5",1,0,0,0,0,0
"852",852,"16","15to20",0,0,0,1,0,0
"853",853,"6","5to10",0,1,0,0,0,0
"854",854,"NA","NA",0,0,0,0,0,1
"855",855,"5","1to5",1,0,0,0,0,0
"856",856,"NA","NA",0,0,0,0,0,1
"857",857,"2","1to5",1,0,0,0,0,0
"858",858,"NA","NA",0,0,0,0,0,1
"859",859,"1","1to5",1,0,0,0,0,0
"860",860,"2","1to5",1,0,0,0,0,0
"861",861,"1","1to5",1,0,0,0,0,0
"862",862,"NA","NA",0,0,0,0,0,1
"863",863,"2","1to5",1,0,0,0,0,0
"864",864,"1","1to5",1,0,0,0,0,0
"865",865,"3","1to5",1,0,0,0,0,0
"866",866,"1","1to5",1,0,0,0,0,0
"867",867,"1","1to5",1,0,0,0,0,0
"868",868,"7","5to10",0,1,0,0,0,0
"869",869,"6","5to10",0,1,0,0,0,0
"870",870,"NA","NA",0,0,0,0,0,1
"871",871,"8","5to10",0,1,0,0,0,0
"872",872,"3","1to5",1,0,0,0,0,0
"873",873,"9","5to10",0,1,0,0,0,0
"874",874,"4","1to5",1,0,0,0,0,0
"875",875,"8","5to10",0,1,0,0,0,0
"876",876,"4","1to5",1,0,0,0,0,0
"877",877,"1","1to5",1,0,0,0,0,0
"878",878,"5","1to5",1,0,0,0,0,0
"879",879,"1","1to5",1,0,0,0,0,0
"880",880,"5","1to5",1,0,0,0,0,0
"881",881,"3","1to5",1,0,0,0,0,0
"882",882,"1","1to5",1,0,0,0,0,0
"883",883,"6","5to10",0,1,0,0,0,0
"884",884,"3","1to5",1,0,0,0,0,0
"885",885,"2","1to5",1,0,0,0,0,0
"886",886,"NA","NA",0,0,0,0,0,1
"887",887,"1","1to5",1,0,0,0,0,0
"888",888,"1","1to5",1,0,0,0,0,0
"889",889,"2","1to5",1,0,0,0,0,0
"890",890,"7","5to10",0,1,0,0,0,0
"891",891,"2","1to5",1,0,0,0,0,0
"892",892,"3","1to5",1,0,0,0,0,0
"893",893,"12","10to15",0,0,1,0,0,0
"894",894,"1","1to5",1,0,0,0,0,0
"895",895,"1","1to5",1,0,0,0,0,0
"896",896,"4","1to5",1,0,0,0,0,0
"897",897,"6","5to10",0,1,0,0,0,0
"898",898,"2","1to5",1,0,0,0,0,0
"899",899,"NA","NA",0,0,0,0,0,1
"900",900,"6","5to10",0,1,0,0,0,0
"901",901,"NA","NA",0,0,0,0,0,1
"902",902,"8","5to10",0,1,0,0,0,0
"903",903,"NA","NA",0,0,0,0,0,1
"904",904,"2","1to5",1,0,0,0,0,0
"905",905,"3","1to5",1,0,0,0,0,0
"906",906,"1","1to5",1,0,0,0,0,0
"907",907,"1","1to5",1,0,0,0,0,0
"908",908,"4","1to5",1,0,0,0,0,0
"909",909,"7","5to10",0,1,0,0,0,0
"910",910,"15","10to15",0,0,1,0,0,0
"911",911,"3","1to5",1,0,0,0,0,0
"912",912,"1","1to5",1,0,0,0,0,0
"913",913,"2","1to5",1,0,0,0,0,0
"914",914,"2","1to5",1,0,0,0,0,0
"915",915,"NA","NA",0,0,0,0,0,1
"916",916,"NA","NA",0,0,0,0,0,1
"917",917,"NA","NA",0,0,0,0,0,1
"918",918,"2","1to5",1,0,0,0,0,0
"919",919,"3","1to5",1,0,0,0,0,0
"920",920,"13","10to15",0,0,1,0,0,0
"921",921,"NA","NA",0,0,0,0,0,1
"922",922,"2","1to5",1,0,0,0,0,0
"923",923,"3","1to5",1,0,0,0,0,0
"924",924,"NA","NA",0,0,0,0,0,1
"925",925,"5","1to5",1,0,0,0,0,0
"926",926,"8","5to10",0,1,0,0,0,0
"927",927,"6","5to10",0,1,0,0,0,0
"928",928,"6","5to10",0,1,0,0,0,0
"929",929,"NA","NA",0,0,0,0,0,1
"930",930,"5","1to5",1,0,0,0,0,0
"931",931,"7","5to10",0,1,0,0,0,0
"932",932,"NA","NA",0,0,0,0,0,1
"933",933,"4","1to5",1,0,0,0,0,0
"934",934,"NA","NA",0,0,0,0,0,1
"935",935,"NA","NA",0,0,0,0,0,1
"936",936,"1","1to5",1,0,0,0,0,0
"937",937,"3","1to5",1,0,0,0,0,0
"938",938,"NA","NA",0,0,0,0,0,1
"939",939,"4","1to5",1,0,0,0,0,0
"940",940,"9","5to10",0,1,0,0,0,0
"941",941,"1","1to5",1,0,0,0,0,0
"942",942,"NA","NA",0,0,0,0,0,1
"943",943,"2","1to5",1,0,0,0,0,0
"944",944,"1","1to5",1,0,0,0,0,0
"945",945,"4","1to5",1,0,0,0,0,0
"946",946,"NA","NA",0,0,0,0,0,1
"947",947,"2","1to5",1,0,0,0,0,0
"948",948,"6","5to10",0,1,0,0,0,0
"949",949,"NA","NA",0,0,0,0,0,1
"950",950,"NA","NA",0,0,0,0,0,1
"951",951,"7","5to10",0,1,0,0,0,0
"952",952,"2","1to5",1,0,0,0,0,0
"953",953,"1","1to5",1,0,0,0,0,0
"954",954,"4","1to5",1,0,0,0,0,0
"955",955,"NA","NA",0,0,0,0,0,1
"956",956,"NA","NA",0,0,0,0,0,1
"957",957,"NA","NA",0,0,0,0,0,1
"958",958,"NA","NA",0,0,0,0,0,1
"959",959,"4","1to5",1,0,0,0,0,0
"960",960,"NA","NA",0,0,0,0,0,1
"961",961,"NA","NA",0,0,0,0,0,1
"962",962,"6","5to10",0,1,0,0,0,0
"963",963,"NA","NA",0,0,0,0,0,1
"964",964,"1","1to5",1,0,0,0,0,0
"965",965,"21","20+",0,0,0,0,1,0
"966",966,"4","1to5",1,0,0,0,0,0
"967",967,"2","1to5",1,0,0,0,0,0
"968",968,"3","1to5",1,0,0,0,0,0
"969",969,"1","1to5",1,0,0,0,0,0
"970",970,"8","5to10",0,1,0,0,0,0
"971",971,"6","5to10",0,1,0,0,0,0
"972",972,"6","5to10",0,1,0,0,0,0
"973",973,"NA","NA",0,0,0,0,0,1
"974",974,"4","1to5",1,0,0,0,0,0
"975",975,"2","1to5",1,0,0,0,0,0
"976",976,"4","1to5",1,0,0,0,0,0
"977",977,"12","10to15",0,0,1,0,0,0
"978",978,"12","10to15",0,0,1,0,0,0
"979",979,"8","5to10",0,1,0,0,0,0
"980",980,"5","1to5",1,0,0,0,0,0
"981",981,"5","1to5",1,0,0,0,0,0
"982",982,"3","1to5",1,0,0,0,0,0
"983",983,"5","1to5",1,0,0,0,0,0
"984",984,"8","5to10",0,1,0,0,0,0
"985",985,"NA","NA",0,0,0,0,0,1
"986",986,"1","1to5",1,0,0,0,0,0
"987",987,"1","1to5",1,0,0,0,0,0
"988",988,"1","1to5",1,0,0,0,0,0
"989",989,"NA","NA",0,0,0,0,0,1
"990",990,"NA","NA",0,0,0,0,0,1
"991",991,"1","1to5",1,0,0,0,0,0
"992",992,"2","1to5",1,0,0,0,0,0
"993",993,"10","5to10",0,1,0,0,0,0
"994",994,"NA","NA",0,0,0,0,0,1
"995",995,"3","1to5",1,0,0,0,0,0
"996",996,"5","1to5",1,0,0,0,0,0
"997",997,"6","5to10",0,1,0,0,0,0
"998",998,"4","1to5",1,0,0,0,0,0
"999",999,"1","1to5",1,0,0,0,0,0
"1000",1000,"1","1to5",1,0,0,0,0,0
"1001",1001,"1","1to5",1,0,0,0,0,0
"1002",1002,"5","1to5",1,0,0,0,0,0
"1003",1003,"8","5to10",0,1,0,0,0,0
"1004",1004,"1","1to5",1,0,0,0,0,0
"1005",1005,"5","1to5",1,0,0,0,0,0
"1006",1006,"5","1to5",1,0,0,0,0,0
"1007",1007,"6","5to10",0,1,0,0,0,0
"1008",1008,"1","1to5",1,0,0,0,0,0
"1009",1009,"7","5to10",0,1,0,0,0,0
"1010",1010,"6","5to10",0,1,0,0,0,0
"1011",1011,"6","5to10",0,1,0,0,0,0
"1012",1012,"3","1to5",1,0,0,0,0,0
"1013",1013,"3","1to5",1,0,0,0,0,0
"1014",1014,"4","1to5",1,0,0,0,0,0
"1015",1015,"3","1to5",1,0,0,0,0,0
"1016",1016,"NA","NA",0,0,0,0,0,1
"1017",1017,"2","1to5",1,0,0,0,0,0
"1018",1018,"2","1to5",1,0,0,0,0,0
"1019",1019,"10","5to10",0,1,0,0,0,0
"1020",1020,"7","5to10",0,1,0,0,0,0
"1021",1021,"16","15to20",0,0,0,1,0,0
"1022",1022,"16","15to20",0,0,0,1,0,0
"1023",1023,"6","5to10",0,1,0,0,0,0
"1024",1024,"3","1to5",1,0,0,0,0,0
"1025",1025,"3","1to5",1,0,0,0,0,0
"1026",1026,"2","1to5",1,0,0,0,0,0
"1027",1027,"2","1to5",1,0,0,0,0,0
"1028",1028,"1","1to5",1,0,0,0,0,0
"1029",1029,"NA","NA",0,0,0,0,0,1
"1030",1030,"2","1to5",1,0,0,0,0,0
"1031",1031,"9","5to10",0,1,0,0,0,0
"1032",1032,"NA","NA",0,0,0,0,0,1
"1033",1033,"NA","NA",0,0,0,0,0,1
"1034",1034,"12","10to15",0,0,1,0,0,0
"1035",1035,"2","1to5",1,0,0,0,0,0
"1036",1036,"3","1to5",1,0,0,0,0,0
"1037",1037,"9","5to10",0,1,0,0,0,0
"1038",1038,"4","1to5",1,0,0,0,0,0
"1039",1039,"1","1to5",1,0,0,0,0,0
"1040",1040,"7","5to10",0,1,0,0,0,0
"1041",1041,"3","1to5",1,0,0,0,0,0
"1042",1042,"6","5to10",0,1,0,0,0,0
"1043",1043,"NA","NA",0,0,0,0,0,1
"1044",1044,"8","5to10",0,1,0,0,0,0
"1045",1045,"5","1to5",1,0,0,0,0,0
"1046",1046,"7","5to10",0,1,0,0,0,0
"1047",1047,"NA","NA",0,0,0,0,0,1
"1048",1048,"2","1to5",1,0,0,0,0,0
"1049",1049,"3","1to5",1,0,0,0,0,0
"1050",1050,"2","1to5",1,0,0,0,0,0
"1051",1051,"2","1to5",1,0,0,0,0,0
"1052",1052,"5","1to5",1,0,0,0,0,0
"1053",1053,"8","5to10",0,1,0,0,0,0
"1054",1054,"7","5to10",0,1,0,0,0,0
"1055",1055,"NA","NA",0,0,0,0,0,1
"1056",1056,"2","1to5",1,0,0,0,0,0
"1057",1057,"4","1to5",1,0,0,0,0,0
"1058",1058,"NA","NA",0,0,0,0,0,1
"1059",1059,"NA","NA",0,0,0,0,0,1
"1060",1060,"1","1to5",1,0,0,0,0,0
"1061",1061,"3","1to5",1,0,0,0,0,0
"1062",1062,"1","1to5",1,0,0,0,0,0
"1063",1063,"NA","NA",0,0,0,0,0,1
"1064",1064,"NA","NA",0,0,0,0,0,1
"1065",1065,"NA","NA",0,0,0,0,0,1
"1066",1066,"16","15to20",0,0,0,1,0,0
"1067",1067,"1","1to5",1,0,0,0,0,0
"1068",1068,"NA","NA",0,0,0,0,0,1
"1069",1069,"2","1to5",1,0,0,0,0,0
"1070",1070,"1","1to5",1,0,0,0,0,0
"1071",1071,"1","1to5",1,0,0,0,0,0
"1072",1072,"7","5to10",0,1,0,0,0,0
"1073",1073,"1","1to5",1,0,0,0,0,0
"1074",1074,"5","1to5",1,0,0,0,0,0
"1075",1075,"8","5to10",0,1,0,0,0,0
"1076",1076,"5","1to5",1,0,0,0,0,0
"1077",1077,"1","1to5",1,0,0,0,0,0
"1078",1078,"4","1to5",1,0,0,0,0,0
"1079",1079,"10","5to10",0,1,0,0,0,0
"1080",1080,"1","1to5",1,0,0,0,0,0
"1081",1081,"NA","NA",0,0,0,0,0,1
"1082",1082,"NA","NA",0,0,0,0,0,1
"1083",1083,"NA","NA",0,0,0,0,0,1
"1084",1084,"2","1to5",1,0,0,0,0,0
"1085",1085,"1","1to5",1,0,0,0,0,0
"1086",1086,"2","1to5",1,0,0,0,0,0
"1087",1087,"6","5to10",0,1,0,0,0,0
"1088",1088,"NA","NA",0,0,0,0,0,1
"1089",1089,"3","1to5",1,0,0,0,0,0
"1090",1090,"6","5to10",0,1,0,0,0,0
"1091",1091,"1","1to5",1,0,0,0,0,0
"1092",1092,"10","5to10",0,1,0,0,0,0
"1093",1093,"4","1to5",1,0,0,0,0,0
"1094",1094,"1","1to5",1,0,0,0,0,0
"1095",1095,"NA","NA",0,0,0,0,0,1
"1096",1096,"1","1to5",1,0,0,0,0,0
"1097",1097,"9","5to10",0,1,0,0,0,0
"1098",1098,"3","1to5",1,0,0,0,0,0
"1099",1099,"3","1to5",1,0,0,0,0,0
"1100",1100,"1","1to5",1,0,0,0,0,0
"1101",1101,"1","1to5",1,0,0,0,0,0
"1102",1102,"4","1to5",1,0,0,0,0,0
"1103",1103,"13","10to15",0,0,1,0,0,0
"1104",1104,"NA","NA",0,0,0,0,0,1
"1105",1105,"1","1to5",1,0,0,0,0,0
"1106",1106,"NA","NA",0,0,0,0,0,1
"1107",1107,"NA","NA",0,0,0,0,0,1
"1108",1108,"1","1to5",1,0,0,0,0,0
"1109",1109,"1","1to5",1,0,0,0,0,0
"1110",1110,"3","1to5",1,0,0,0,0,0
"1111",1111,"8","5to10",0,1,0,0,0,0
"1112",1112,"6","5to10",0,1,0,0,0,0
"1113",1113,"6","5to10",0,1,0,0,0,0
"1114",1114,"5","1to5",1,0,0,0,0,0
"1115",1115,"6","5to10",0,1,0,0,0,0
"1116",1116,"NA","NA",0,0,0,0,0,1
"1117",1117,"4","1to5",1,0,0,0,0,0
"1118",1118,"7","5to10",0,1,0,0,0,0
"1119",1119,"1","1to5",1,0,0,0,0,0
"1120",1120,"2","1to5",1,0,0,0,0,0
"1121",1121,"8","5to10",0,1,0,0,0,0
"1122",1122,"4","1to5",1,0,0,0,0,0
"1123",1123,"2","1to5",1,0,0,0,0,0
"1124",1124,"13","10to15",0,0,1,0,0,0
"1125",1125,"1","1to5",1,0,0,0,0,0
"1126",1126,"NA","NA",0,0,0,0,0,1
"1127",1127,"1","1to5",1,0,0,0,0,0
"1128",1128,"NA","NA",0,0,0,0,0,1
"1129",1129,"NA","NA",0,0,0,0,0,1
"1130",1130,"2","1to5",1,0,0,0,0,0
"1131",1131,"2","1to5",1,0,0,0,0,0
"1132",1132,"NA","NA",0,0,0,0,0,1
"1133",1133,"NA","NA",0,0,0,0,0,1
"1134",1134,"7","5to10",0,1,0,0,0,0
"1135",1135,"6","5to10",0,1,0,0,0,0
"1136",1136,"8","5to10",0,1,0,0,0,0
"1137",1137,"5","1to5",1,0,0,0,0,0
"1138",1138,"1","1to5",1,0,0,0,0,0
"1139",1139,"4","1to5",1,0,0,0,0,0
"1140",1140,"NA","NA",0,0,0,0,0,1
"1141",1141,"2","1to5",1,0,0,0,0,0
"1142",1142,"1","1to5",1,0,0,0,0,0
"1143",1143,"2","1to5",1,0,0,0,0,0
"1144",1144,"1","1to5",1,0,0,0,0,0
"1145",1145,"9","5to10",0,1,0,0,0,0
"1146",1146,"4","1to5",1,0,0,0,0,0
"1147",1147,"1","1to5",1,0,0,0,0,0
"1148",1148,"6","5to10",0,1,0,0,0,0
"1149",1149,"1","1to5",1,0,0,0,0,0
"1150",1150,"3","1to5",1,0,0,0,0,0
"1151",1151,"5","1to5",1,0,0,0,0,0
"1152",1152,"NA","NA",0,0,0,0,0,1
"1153",1153,"6","5to10",0,1,0,0,0,0
"1154",1154,"5","1to5",1,0,0,0,0,0
"1155",1155,"3","1to5",1,0,0,0,0,0
"1156",1156,"NA","NA",0,0,0,0,0,1
"1157",1157,"NA","NA",0,0,0,0,0,1
"1158",1158,"4","1to5",1,0,0,0,0,0
"1159",1159,"NA","NA",0,0,0,0,0,1
"1160",1160,"9","5to10",0,1,0,0,0,0
"1161",1161,"3","1to5",1,0,0,0,0,0
"1162",1162,"1","1to5",1,0,0,0,0,0
"1163",1163,"1","1to5",1,0,0,0,0,0
"1164",1164,"14","10to15",0,0,1,0,0,0
"1165",1165,"NA","NA",0,0,0,0,0,1
"1166",1166,"NA","NA",0,0,0,0,0,1
"1167",1167,"8","5to10",0,1,0,0,0,0
"1168",1168,"NA","NA",0,0,0,0,0,1
"1169",1169,"3","1to5",1,0,0,0,0,0
"1170",1170,"NA","NA",0,0,0,0,0,1
"1171",1171,"5","1to5",1,0,0,0,0,0
"1172",1172,"2","1to5",1,0,0,0,0,0
"1173",1173,"2","1to5",1,0,0,0,0,0
"1174",1174,"2","1to5",1,0,0,0,0,0
"1175",1175,"5","1to5",1,0,0,0,0,0
"1176",1176,"5","1to5",1,0,0,0,0,0
"1177",1177,"4","1to5",1,0,0,0,0,0
"1178",1178,"4","1to5",1,0,0,0,0,0
"1179",1179,"2","1to5",1,0,0,0,0,0
"1180",1180,"2","1to5",1,0,0,0,0,0
"1181",1181,"NA","NA",0,0,0,0,0,1
"1182",1182,"NA","NA",0,0,0,0,0,1
"1183",1183,"9","5to10",0,1,0,0,0,0
"1184",1184,"NA","NA",0,0,0,0,0,1
"1185",1185,"NA","NA",0,0,0,0,0,1
"1186",1186,"NA","NA",0,0,0,0,0,1
"1187",1187,"3","1to5",1,0,0,0,0,0
"1188",1188,"5","1to5",1,0,0,0,0,0
"1189",1189,"3","1to5",1,0,0,0,0,0
"1190",1190,"1","1to5",1,0,0,0,0,0
"1191",1191,"5","1to5",1,0,0,0,0,0
"1192",1192,"15","10to15",0,0,1,0,0,0
"1193",1193,"NA","NA",0,0,0,0,0,1
"1194",1194,"1","1to5",1,0,0,0,0,0
"1195",1195,"9","5to10",0,1,0,0,0,0
"1196",1196,"1","1to5",1,0,0,0,0,0
"1197",1197,"NA","NA",0,0,0,0,0,1
"1198",1198,"13","10to15",0,0,1,0,0,0
"1199",1199,"9","5to10",0,1,0,0,0,0
"1200",1200,"NA","NA",0,0,0,0,0,1
"1201",1201,"2","1to5",1,0,0,0,0,0
"1202",1202,"NA","NA",0,0,0,0,0,1
"1203",1203,"2","1to5",1,0,0,0,0,0
"1204",1204,"2","1to5",1,0,0,0,0,0
"1205",1205,"2","1to5",1,0,0,0,0,0
"1206",1206,"4","1to5",1,0,0,0,0,0
"1207",1207,"1","1to5",1,0,0,0,0,0
"1208",1208,"1","1to5",1,0,0,0,0,0
"1209",1209,"3","1to5",1,0,0,0,0,0
"1210",1210,"NA","NA",0,0,0,0,0,1
"1211",1211,"2","1to5",1,0,0,0,0,0
"1212",1212,"2","1to5",1,0,0,0,0,0
"1213",1213,"1","1to5",1,0,0,0,0,0
"1214",1214,"3","1to5",1,0,0,0,0,0
"1215",1215,"7","5to10",0,1,0,0,0,0
"1216",1216,"NA","NA",0,0,0,0,0,1
"1217",1217,"2","1to5",1,0,0,0,0,0
"1218",1218,"20","15to20",0,0,0,1,0,0
"1219",1219,"10","5to10",0,1,0,0,0,0
"1220",1220,"6","5to10",0,1,0,0,0,0
"1221",1221,"10","5to10",0,1,0,0,0,0
"1222",1222,"NA","NA",0,0,0,0,0,1
"1223",1223,"1","1to5",1,0,0,0,0,0
"1224",1224,"9","5to10",0,1,0,0,0,0
"1225",1225,"16","15to20",0,0,0,1,0,0
"1226",1226,"1","1to5",1,0,0,0,0,0
"1227",1227,"6","5to10",0,1,0,0,0,0
"1228",1228,"8","5to10",0,1,0,0,0,0
"1229",1229,"4","1to5",1,0,0,0,0,0
"1230",1230,"NA","NA",0,0,0,0,0,1
"1231",1231,"9","5to10",0,1,0,0,0,0
"1232",1232,"24","20+",0,0,0,0,1,0
"1233",1233,"2","1to5",1,0,0,0,0,0
"1234",1234,"NA","NA",0,0,0,0,0,1
"1235",1235,"NA","NA",0,0,0,0,0,1
"1236",1236,"5","1to5",1,0,0,0,0,0
"1237",1237,"1","1to5",1,0,0,0,0,0
"1238",1238,"NA","NA",0,0,0,0,0,1
"1239",1239,"5","1to5",1,0,0,0,0,0
"1240",1240,"14","10to15",0,0,1,0,0,0
"1241",1241,"3","1to5",1,0,0,0,0,0
"1242",1242,"7","5to10",0,1,0,0,0,0
"1243",1243,"NA","NA",0,0,0,0,0,1
"1244",1244,"4","1to5",1,0,0,0,0,0
"1245",1245,"7","5to10",0,1,0,0,0,0
"1246",1246,"NA","NA",0,0,0,0,0,1
"1247",1247,"NA","NA",0,0,0,0,0,1
"1248",1248,"3","1to5",1,0,0,0,0,0
"1249",1249,"NA","NA",0,0,0,0,0,1
"1250",1250,"6","5to10",0,1,0,0,0,0
"1251",1251,"2","1to5",1,0,0,0,0,0
"1252",1252,"NA","NA",0,0,0,0,0,1
"1253",1253,"2","1to5",1,0,0,0,0,0
"1254",1254,"1","1to5",1,0,0,0,0,0
"1255",1255,"1","1to5",1,0,0,0,0,0
"1256",1256,"NA","NA",0,0,0,0,0,1
"1257",1257,"NA","NA",0,0,0,0,0,1
"1258",1258,"NA","NA",0,0,0,0,0,1
"1259",1259,"3","1to5",1,0,0,0,0,0
"1260",1260,"NA","NA",0,0,0,0,0,1
"1261",1261,"32","20+",0,0,0,0,1,0
"1262",1262,"6","5to10",0,1,0,0,0,0
"1263",1263,"NA","NA",0,0,0,0,0,1
"1264",1264,"NA","NA",0,0,0,0,0,1
"1265",1265,"1","1to5",1,0,0,0,0,0
"1266",1266,"5","1to5",1,0,0,0,0,0
"1267",1267,"13","10to15",0,0,1,0,0,0
"1268",1268,"1","1to5",1,0,0,0,0,0
"1269",1269,"1","1to5",1,0,0,0,0,0
"1270",1270,"NA","NA",0,0,0,0,0,1
"1271",1271,"12","10to15",0,0,1,0,0,0
"1272",1272,"NA","NA",0,0,0,0,0,1
"1273",1273,"3","1to5",1,0,0,0,0,0
"1274",1274,"4","1to5",1,0,0,0,0,0
"1275",1275,"5","1to5",1,0,0,0,0,0
"1276",1276,"7","5to10",0,1,0,0,0,0
"1277",1277,"3","1to5",1,0,0,0,0,0
"1278",1278,"14","10to15",0,0,1,0,0,0
"1279",1279,"1","1to5",1,0,0,0,0,0
"1280",1280,"2","1to5",1,0,0,0,0,0
"1281",1281,"4","1to5",1,0,0,0,0,0
"1282",1282,"1","1to5",1,0,0,0,0,0
"1283",1283,"8","5to10",0,1,0,0,0,0
"1284",1284,"4","1to5",1,0,0,0,0,0
"1285",1285,"NA","NA",0,0,0,0,0,1
"1286",1286,"3","1to5",1,0,0,0,0,0
"1287",1287,"1","1to5",1,0,0,0,0,0
"1288",1288,"3","1to5",1,0,0,0,0,0
"1289",1289,"4","1to5",1,0,0,0,0,0
"1290",1290,"13","10to15",0,0,1,0,0,0
"1291",1291,"1","1to5",1,0,0,0,0,0
"1292",1292,"NA","NA",0,0,0,0,0,1
"1293",1293,"2","1to5",1,0,0,0,0,0
"1294",1294,"11","10to15",0,0,1,0,0,0
"1295",1295,"1","1to5",1,0,0,0,0,0
"1296",1296,"1","1to5",1,0,0,0,0,0
"1297",1297,"8","5to10",0,1,0,0,0,0
"1298",1298,"NA","NA",0,0,0,0,0,1
"1299",1299,"NA","NA",0,0,0,0,0,1
"1300",1300,"NA","NA",0,0,0,0,0,1
"1301",1301,"NA","NA",0,0,0,0,0,1
"1302",1302,"2","1to5",1,0,0,0,0,0
"1303",1303,"5","1to5",1,0,0,0,0,0
"1304",1304,"NA","NA",0,0,0,0,0,1
"1305",1305,"16","15to20",0,0,0,1,0,0
"1306",1306,"3","1to5",1,0,0,0,0,0
"1307",1307,"21","20+",0,0,0,0,1,0
"1308",1308,"1","1to5",1,0,0,0,0,0
"1309",1309,"NA","NA",0,0,0,0,0,1
"1310",1310,"NA","NA",0,0,0,0,0,1
"1311",1311,"1","1to5",1,0,0,0,0,0
"1312",1312,"5","1to5",1,0,0,0,0,0
"1313",1313,"3","1to5",1,0,0,0,0,0
"1314",1314,"NA","NA",0,0,0,0,0,1
"1315",1315,"1","1to5",1,0,0,0,0,0
"1316",1316,"NA","NA",0,0,0,0,0,1
"1317",1317,"NA","NA",0,0,0,0,0,1
"1318",1318,"13","10to15",0,0,1,0,0,0
"1319",1319,"3","1to5",1,0,0,0,0,0
"1320",1320,"1","1to5",1,0,0,0,0,0
"1321",1321,"NA","NA",0,0,0,0,0,1
"1322",1322,"1","1to5",1,0,0,0,0,0
"1323",1323,"4","1to5",1,0,0,0,0,0
"1324",1324,"NA","NA",0,0,0,0,0,1
"1325",1325,"3","1to5",1,0,0,0,0,0
"1326",1326,"2","1to5",1,0,0,0,0,0
"1327",1327,"3","1to5",1,0,0,0,0,0
"1328",1328,"2","1to5",1,0,0,0,0,0
"1329",1329,"NA","NA",0,0,0,0,0,1
"1330",1330,"1","1to5",1,0,0,0,0,0
"1331",1331,"1","1to5",1,0,0,0,0,0
"1332",1332,"1","1to5",1,0,0,0,0,0
"1333",1333,"NA","NA",0,0,0,0,0,1
"1334",1334,"8","5to10",0,1,0,0,0,0
"1335",1335,"9","5to10",0,1,0,0,0,0
"1336",1336,"NA","NA",0,0,0,0,0,1
"1337",1337,"NA","NA",0,0,0,0,0,1
"1338",1338,"3","1to5",1,0,0,0,0,0
"1339",1339,"2","1to5",1,0,0,0,0,0
"1340",1340,"NA","NA",0,0,0,0,0,1
"1341",1341,"2","1to5",1,0,0,0,0,0
"1342",1342,"4","1to5",1,0,0,0,0,0
"1343",1343,"1","1to5",1,0,0,0,0,0
"1344",1344,"1","1to5",1,0,0,0,0,0
"1345",1345,"2","1to5",1,0,0,0,0,0
"1346",1346,"5","1to5",1,0,0,0,0,0
"1347",1347,"NA","NA",0,0,0,0,0,1
"1348",1348,"1","1to5",1,0,0,0,0,0
"1349",1349,"1","1to5",1,0,0,0,0,0
"1350",1350,"1","1to5",1,0,0,0,0,0
"1351",1351,"3","1to5",1,0,0,0,0,0
"1352",1352,"1","1to5",1,0,0,0,0,0
"1353",1353,"1","1to5",1,0,0,0,0,0
"1354",1354,"NA","NA",0,0,0,0,0,1
"1355",1355,"13","10to15",0,0,1,0,0,0
"1356",1356,"1","1to5",1,0,0,0,0,0
"1357",1357,"2","1to5",1,0,0,0,0,0
"1358",1358,"1","1to5",1,0,0,0,0,0
"1359",1359,"7","5to10",0,1,0,0,0,0
"1360",1360,"2","1to5",1,0,0,0,0,0
"1361",1361,"4","1to5",1,0,0,0,0,0
"1362",1362,"NA","NA",0,0,0,0,0,1
"1363",1363,"1","1to5",1,0,0,0,0,0
"1364",1364,"NA","NA",0,0,0,0,0,1
"1365",1365,"NA","NA",0,0,0,0,0,1
"1366",1366,"1","1to5",1,0,0,0,0,0
"1367",1367,"2","1to5",1,0,0,0,0,0
"1368",1368,"5","1to5",1,0,0,0,0,0
"1369",1369,"1","1to5",1,0,0,0,0,0
"1370",1370,"1","1to5",1,0,0,0,0,0
"1371",1371,"2","1to5",1,0,0,0,0,0
"1372",1372,"2","1to5",1,0,0,0,0,0
"1373",1373,"4","1to5",1,0,0,0,0,0
"1374",1374,"NA","NA",0,0,0,0,0,1
"1375",1375,"5","1to5",1,0,0,0,0,0
"1376",1376,"25","20+",0,0,0,0,1,0
"1377",1377,"3","1to5",1,0,0,0,0,0
"1378",1378,"7","5to10",0,1,0,0,0,0
"1379",1379,"NA","NA",0,0,0,0,0,1
"1380",1380,"4","1to5",1,0,0,0,0,0
"1381",1381,"NA","NA",0,0,0,0,0,1
"1382",1382,"NA","NA",0,0,0,0,0,1
"1383",1383,"NA","NA",0,0,0,0,0,1
"1384",1384,"NA","NA",0,0,0,0,0,1
"1385",1385,"NA","NA",0,0,0,0,0,1
"1386",1386,"2","1to5",1,0,0,0,0,0
"1387",1387,"NA","NA",0,0,0,0,0,1
"1388",1388,"6","5to10",0,1,0,0,0,0
"1389",1389,"NA","NA",0,0,0,0,0,1
"1390",1390,"4","1to5",1,0,0,0,0,0
"1391",1391,"6","5to10",0,1,0,0,0,0
"1392",1392,"2","1to5",1,0,0,0,0,0
"1393",1393,"NA","NA",0,0,0,0,0,1
"1394",1394,"2","1to5",1,0,0,0,0,0
"1395",1395,"NA","NA",0,0,0,0,0,1
"1396",1396,"NA","NA",0,0,0,0,0,1
"1397",1397,"1","1to5",1,0,0,0,0,0
"1398",1398,"2","1to5",1,0,0,0,0,0
"1399",1399,"3","1to5",1,0,0,0,0,0
"1400",1400,"9","5to10",0,1,0,0,0,0
"1401",1401,"NA","NA",0,0,0,0,0,1
"1402",1402,"1","1to5",1,0,0,0,0,0
"1403",1403,"4","1to5",1,0,0,0,0,0
"1404",1404,"1","1to5",1,0,0,0,0,0
"1405",1405,"1","1to5",1,0,0,0,0,0
"1406",1406,"NA","NA",0,0,0,0,0,1
"1407",1407,"1","1to5",1,0,0,0,0,0
"1408",1408,"NA","NA",0,0,0,0,0,1
"1409",1409,"2","1to5",1,0,0,0,0,0
"1410",1410,"NA","NA",0,0,0,0,0,1
"1411",1411,"NA","NA",0,0,0,0,0,1
"1412",1412,"5","1to5",1,0,0,0,0,0
"1413",1413,"9","5to10",0,1,0,0,0,0
"1414",1414,"1","1to5",1,0,0,0,0,0
"1415",1415,"1","1to5",1,0,0,0,0,0
"1416",1416,"NA","NA",0,0,0,0,0,1
"1417",1417,"1","1to5",1,0,0,0,0,0
"1418",1418,"NA","NA",0,0,0,0,0,1
"1419",1419,"NA","NA",0,0,0,0,0,1
"1420",1420,"1","1to5",1,0,0,0,0,0
"1421",1421,"NA","NA",0,0,0,0,0,1
"1422",1422,"1","1to5",1,0,0,0,0,0
"1423",1423,"NA","NA",0,0,0,0,0,1
"1424",1424,"1","1to5",1,0,0,0,0,0
"1425",1425,"NA","NA",0,0,0,0,0,1
"1426",1426,"4","1to5",1,0,0,0,0,0
"1427",1427,"NA","NA",0,0,0,0,0,1
"1428",1428,"NA","NA",0,0,0,0,0,1
"1429",1429,"NA","NA",0,0,0,0,0,1
"1430",1430,"2","1to5",1,0,0,0,0,0
"1431",1431,"NA","NA",0,0,0,0,0,1
"1432",1432,"NA","NA",0,0,0,0,0,1
"1433",1433,"NA","NA",0,0,0,0,0,1
"1434",1434,"2","1to5",1,0,0,0,0,0
"1435",1435,"2","1to5",1,0,0,0,0,0
"1436",1436,"3","1to5",1,0,0,0,0,0
"1437",1437,"5","1to5",1,0,0,0,0,0
"1438",1438,"3","1to5",1,0,0,0,0,0
"1439",1439,"1","1to5",1,0,0,0,0,0
"1440",1440,"3","1to5",1,0,0,0,0,0
"1441",1441,"6","5to10",0,1,0,0,0,0
"1442",1442,"9","5to10",0,1,0,0,0,0
"1443",1443,"1","1to5",1,0,0,0,0,0
"1444",1444,"3","1to5",1,0,0,0,0,0
"1445",1445,"3","1to5",1,0,0,0,0,0
"1446",1446,"NA","NA",0,0,0,0,0,1
"1447",1447,"NA","NA",0,0,0,0,0,1
"1448",1448,"2","1to5",1,0,0,0,0,0
"1449",1449,"NA","NA",0,0,0,0,0,1
"1450",1450,"1","1to5",1,0,0,0,0,0
"1451",1451,"NA","NA",0,0,0,0,0,1
"1452",1452,"7","5to10",0,1,0,0,0,0
"1453",1453,"NA","NA",0,0,0,0,0,1
"1454",1454,"NA","NA",0,0,0,0,0,1
"1455",1455,"1","1to5",1,0,0,0,0,0
"1456",1456,"1","1to5",1,0,0,0,0,0
"1457",1457,"2","1to5",1,0,0,0,0,0
"1458",1458,"NA","NA",0,0,0,0,0,1
"1459",1459,"2","1to5",1,0,0,0,0,0
"1460",1460,"4","1to5",1,0,0,0,0,0
"1461",1461,"NA","NA",0,0,0,0,0,1
"1462",1462,"10","5to10",0,1,0,0,0,0
"1463",1463,"NA","NA",0,0,0,0,0,1
"1464",1464,"1","1to5",1,0,0,0,0,0
"1465",1465,"1","1to5",1,0,0,0,0,0
"1466",1466,"NA","NA",0,0,0,0,0,1
"1467",1467,"1","1to5",1,0,0,0,0,0
"1468",1468,"NA","NA",0,0,0,0,0,1
"1469",1469,"2","1to5",1,0,0,0,0,0
"1470",1470,"8","5to10",0,1,0,0,0,0
"1471",1471,"NA","NA",0,0,0,0,0,1
"1472",1472,"NA","NA",0,0,0,0,0,1
"1473",1473,"3","1to5",1,0,0,0,0,0
"1474",1474,"1","1to5",1,0,0,0,0,0
"1475",1475,"2","1to5",1,0,0,0,0,0
"1476",1476,"1","1to5",1,0,0,0,0,0
"1477",1477,"NA","NA",0,0,0,0,0,1
"1478",1478,"NA","NA",0,0,0,0,0,1
"1479",1479,"8","5to10",0,1,0,0,0,0
"1480",1480,"1","1to5",1,0,0,0,0,0
"1481",1481,"5","1to5",1,0,0,0,0,0
"1482",1482,"1","1to5",1,0,0,0,0,0
"1483",1483,"1","1to5",1,0,0,0,0,0
"1484",1484,"NA","NA",0,0,0,0,0,1
"1485",1485,"NA","NA",0,0,0,0,0,1
"1486",1486,"1","1to5",1,0,0,0,0,0
"1487",1487,"1","1to5",1,0,0,0,0,0
"1488",1488,"3","1to5",1,0,0,0,0,0
"1489",1489,"7","5to10",0,1,0,0,0,0
"1490",1490,"5","1to5",1,0,0,0,0,0
"1491",1491,"4","1to5",1,0,0,0,0,0
"1492",1492,"19","15to20",0,0,0,1,0,0
"1493",1493,"5","1to5",1,0,0,0,0,0
"1494",1494,"2","1to5",1,0,0,0,0,0
"1495",1495,"NA","NA",0,0,0,0,0,1
"1496",1496,"NA","NA",0,0,0,0,0,1
"1497",1497,"2","1to5",1,0,0,0,0,0
"1498",1498,"3","1to5",1,0,0,0,0,0
"1499",1499,"8","5to10",0,1,0,0,0,0
"1500",1500,"2","1to5",1,0,0,0,0,0
"1501",1501,"7","5to10",0,1,0,0,0,0
"1502",1502,"4","1to5",1,0,0,0,0,0
"1503",1503,"2","1to5",1,0,0,0,0,0
"1504",1504,"NA","NA",0,0,0,0,0,1
"1505",1505,"2","1to5",1,0,0,0,0,0
"1506",1506,"NA","NA",0,0,0,0,0,1
"1507",1507,"1","1to5",1,0,0,0,0,0
"1508",1508,"NA","NA",0,0,0,0,0,1
"1509",1509,"7","5to10",0,1,0,0,0,0
"1510",1510,"NA","NA",0,0,0,0,0,1
"1511",1511,"1","1to5",1,0,0,0,0,0
"1512",1512,"1","1to5",1,0,0,0,0,0
"1513",1513,"2","1to5",1,0,0,0,0,0
"1514",1514,"1","1to5",1,0,0,0,0,0
"1515",1515,"NA","NA",0,0,0,0,0,1
"1516",1516,"1","1to5",1,0,0,0,0,0
"1517",1517,"NA","NA",0,0,0,0,0,1
"1518",1518,"NA","NA",0,0,0,0,0,1
"1519",1519,"NA","NA",0,0,0,0,0,1
"1520",1520,"NA","NA",0,0,0,0,0,1
"1521",1521,"1","1to5",1,0,0,0,0,0
"1522",1522,"2","1to5",1,0,0,0,0,0
"1523",1523,"NA","NA",0,0,0,0,0,1
"1524",1524,"NA","NA",0,0,0,0,0,1
"1525",1525,"6","5to10",0,1,0,0,0,0
"1526",1526,"2","1to5",1,0,0,0,0,0
"1527",1527,"NA","NA",0,0,0,0,0,1
"1528",1528,"2","1to5",1,0,0,0,0,0
"1529",1529,"NA","NA",0,0,0,0,0,1
"1530",1530,"NA","NA",0,0,0,0,0,1
"1531",1531,"NA","NA",0,0,0,0,0,1
"1532",1532,"NA","NA",0,0,0,0,0,1
"1533",1533,"NA","NA",0,0,0,0,0,1
"1534",1534,"NA","NA",0,0,0,0,0,1
"1535",1535,"NA","NA",0,0,0,0,0,1
"1536",1536,"NA","NA",0,0,0,0,0,1
"1537",1537,"1","1to5",1,0,0,0,0,0
"1538",1538,"NA","NA",0,0,0,0,0,1
"1539",1539,"NA","NA",0,0,0,0,0,1
"1540",1540,"3","1to5",1,0,0,0,0,0
"1541",1541,"NA","NA",0,0,0,0,0,1
"1542",1542,"2","1to5",1,0,0,0,0,0
"1543",1543,"1","1to5",1,0,0,0,0,0
"1544",1544,"1","1to5",1,0,0,0,0,0
"1545",1545,"2","1to5",1,0,0,0,0,0
"1546",1546,"8","5to10",0,1,0,0,0,0
"1547",1547,"NA","NA",0,0,0,0,0,1
"1548",1548,"6","5to10",0,1,0,0,0,0
"1549",1549,"NA","NA",0,0,0,0,0,1
"1550",1550,"NA","NA",0,0,0,0,0,1
"1551",1551,"NA","NA",0,0,0,0,0,1
"1552",1552,"NA","NA",0,0,0,0,0,1
"1553",1553,"2","1to5",1,0,0,0,0,0
"1554",1554,"5","1to5",1,0,0,0,0,0
"1555",1555,"13","10to15",0,0,1,0,0,0
"1556",1556,"NA","NA",0,0,0,0,0,1
"1557",1557,"1","1to5",1,0,0,0,0,0
"1558",1558,"5","1to5",1,0,0,0,0,0
"1559",1559,"5","1to5",1,0,0,0,0,0
"1560",1560,"2","1to5",1,0,0,0,0,0
"1561",1561,"2","1to5",1,0,0,0,0,0
"1562",1562,"7","5to10",0,1,0,0,0,0
"1563",1563,"1","1to5",1,0,0,0,0,0
"1564",1564,"1","1to5",1,0,0,0,0,0
"1565",1565,"NA","NA",0,0,0,0,0,1
"1566",1566,"NA","NA",0,0,0,0,0,1
"1567",1567,"NA","NA",0,0,0,0,0,1
"1568",1568,"2","1to5",1,0,0,0,0,0
"1569",1569,"NA","NA",0,0,0,0,0,1
"1570",1570,"1","1to5",1,0,0,0,0,0
"1571",1571,"3","1to5",1,0,0,0,0,0
"1572",1572,"3","1to5",1,0,0,0,0,0
"1573",1573,"1","1to5",1,0,0,0,0,0
"1574",1574,"5","1to5",1,0,0,0,0,0
"1575",1575,"5","1to5",1,0,0,0,0,0
"1576",1576,"NA","NA",0,0,0,0,0,1
"1577",1577,"1","1to5",1,0,0,0,0,0
"1578",1578,"NA","NA",0,0,0,0,0,1
"1579",1579,"NA","NA",0,0,0,0,0,1
"1580",1580,"NA","NA",0,0,0,0,0,1
"1581",1581,"NA","NA",0,0,0,0,0,1
"1582",1582,"NA","NA",0,0,0,0,0,1
"1583",1583,"1","1to5",1,0,0,0,0,0
"1584",1584,"9","5to10",0,1,0,0,0,0
"1585",1585,"1","1to5",1,0,0,0,0,0
"1586",1586,"NA","NA",0,0,0,0,0,1
"1587",1587,"3","1to5",1,0,0,0,0,0
"1588",1588,"NA","NA",0,0,0,0,0,1
"1589",1589,"1","1to5",1,0,0,0,0,0
"1590",1590,"NA","NA",0,0,0,0,0,1
"1591",1591,"11","10to15",0,0,1,0,0,0
"1592",1592,"1","1to5",1,0,0,0,0,0
"1593",1593,"NA","NA",0,0,0,0,0,1
"1594",1594,"2","1to5",1,0,0,0,0,0
"1595",1595,"NA","NA",0,0,0,0,0,1
"1596",1596,"2","1to5",1,0,0,0,0,0
"1597",1597,"NA","NA",0,0,0,0,0,1
"1598",1598,"1","1to5",1,0,0,0,0,0
"1599",1599,"1","1to5",1,0,0,0,0,0
"1600",1600,"NA","NA",0,0,0,0,0,1
"1601",1601,"2","1to5",1,0,0,0,0,0
"1602",1602,"5","1to5",1,0,0,0,0,0
"1603",1603,"NA","NA",0,0,0,0,0,1
"1604",1604,"NA","NA",0,0,0,0,0,1
"1605",1605,"1","1to5",1,0,0,0,0,0
"1606",1606,"1","1to5",1,0,0,0,0,0
"1607",1607,"1","1to5",1,0,0,0,0,0
"1608",1608,"1","1to5",1,0,0,0,0,0
"1609",1609,"9","5to10",0,1,0,0,0,0
"1610",1610,"3","1to5",1,0,0,0,0,0
"1611",1611,"NA","NA",0,0,0,0,0,1
"1612",1612,"2","1to5",1,0,0,0,0,0
"1613",1613,"4","1to5",1,0,0,0,0,0
"1614",1614,"1","1to5",1,0,0,0,0,0
"1615",1615,"NA","NA",0,0,0,0,0,1
"1616",1616,"NA","NA",0,0,0,0,0,1
"1617",1617,"4","1to5",1,0,0,0,0,0
"1618",1618,"1","1to5",1,0,0,0,0,0
"1619",1619,"3","1to5",1,0,0,0,0,0
"1620",1620,"1","1to5",1,0,0,0,0,0
"1621",1621,"1","1to5",1,0,0,0,0,0
"1622",1622,"NA","NA",0,0,0,0,0,1
"1623",1623,"3","1to5",1,0,0,0,0,0
"1624",1624,"12","10to15",0,0,1,0,0,0
"1625",1625,"1","1to5",1,0,0,0,0,0
"1626",1626,"NA","NA",0,0,0,0,0,1
"1627",1627,"4","1to5",1,0,0,0,0,0
"1628",1628,"10","5to10",0,1,0,0,0,0
"1629",1629,"11","10to15",0,0,1,0,0,0
"1630",1630,"1","1to5",1,0,0,0,0,0
"1631",1631,"NA","NA",0,0,0,0,0,1
"1632",1632,"NA","NA",0,0,0,0,0,1
"1633",1633,"14","10to15",0,0,1,0,0,0
"1634",1634,"5","1to5",1,0,0,0,0,0
"1635",1635,"2","1to5",1,0,0,0,0,0
"1636",1636,"1","1to5",1,0,0,0,0,0
"1637",1637,"2","1to5",1,0,0,0,0,0
"1638",1638,"NA","NA",0,0,0,0,0,1
"1639",1639,"1","1to5",1,0,0,0,0,0
"1640",1640,"1","1to5",1,0,0,0,0,0
"1641",1641,"3","1to5",1,0,0,0,0,0
"1642",1642,"1","1to5",1,0,0,0,0,0
"1643",1643,"11","10to15",0,0,1,0,0,0
"1644",1644,"2","1to5",1,0,0,0,0,0
"1645",1645,"3","1to5",1,0,0,0,0,0
"1646",1646,"1","1to5",1,0,0,0,0,0
"1647",1647,"3","1to5",1,0,0,0,0,0
"1648",1648,"NA","NA",0,0,0,0,0,1
"1649",1649,"3","1to5",1,0,0,0,0,0
"1650",1650,"4","1to5",1,0,0,0,0,0
"1651",1651,"4","1to5",1,0,0,0,0,0
"1652",1652,"1","1to5",1,0,0,0,0,0
"1653",1653,"NA","NA",0,0,0,0,0,1
"1654",1654,"NA","NA",0,0,0,0,0,1
"1655",1655,"NA","NA",0,0,0,0,0,1
"1656",1656,"8","5to10",0,1,0,0,0,0
"1657",1657,"NA","NA",0,0,0,0,0,1
"1658",1658,"14","10to15",0,0,1,0,0,0
"1659",1659,"2","1to5",1,0,0,0,0,0
"1660",1660,"NA","NA",0,0,0,0,0,1
"1661",1661,"NA","NA",0,0,0,0,0,1
"1662",1662,"8","5to10",0,1,0,0,0,0
"1663",1663,"NA","NA",0,0,0,0,0,1
"1664",1664,"1","1to5",1,0,0,0,0,0
"1665",1665,"2","1to5",1,0,0,0,0,0
"1666",1666,"2","1to5",1,0,0,0,0,0
"1667",1667,"NA","NA",0,0,0,0,0,1
"1668",1668,"NA","NA",0,0,0,0,0,1
"1669",1669,"NA","NA",0,0,0,0,0,1
"1670",1670,"3","1to5",1,0,0,0,0,0
"1671",1671,"NA","NA",0,0,0,0,0,1
"1672",1672,"1","1to5",1,0,0,0,0,0
"1673",1673,"8","5to10",0,1,0,0,0,0
"1674",1674,"1","1to5",1,0,0,0,0,0
"1675",1675,"2","1to5",1,0,0,0,0,0
"1676",1676,"NA","NA",0,0,0,0,0,1
"1677",1677,"1","1to5",1,0,0,0,0,0
"1678",1678,"1","1to5",1,0,0,0,0,0
"1679",1679,"NA","NA",0,0,0,0,0,1
"1680",1680,"7","5to10",0,1,0,0,0,0
"1681",1681,"NA","NA",0,0,0,0,0,1
"1682",1682,"1","1to5",1,0,0,0,0,0
"1683",1683,"3","1to5",1,0,0,0,0,0
"1684",1684,"6","5to10",0,1,0,0,0,0
"1685",1685,"5","1to5",1,0,0,0,0,0
"1686",1686,"2","1to5",1,0,0,0,0,0
"1687",1687,"NA","NA",0,0,0,0,0,1
"1688",1688,"2","1to5",1,0,0,0,0,0
"1689",1689,"1","1to5",1,0,0,0,0,0
"1690",1690,"19","15to20",0,0,0,1,0,0
"1691",1691,"NA","NA",0,0,0,0,0,1
"1692",1692,"3","1to5",1,0,0,0,0,0
"1693",1693,"1","1to5",1,0,0,0,0,0
"1694",1694,"NA","NA",0,0,0,0,0,1
"1695",1695,"2","1to5",1,0,0,0,0,0
"1696",1696,"1","1to5",1,0,0,0,0,0
"1697",1697,"10","5to10",0,1,0,0,0,0
"1698",1698,"NA","NA",0,0,0,0,0,1
"1699",1699,"NA","NA",0,0,0,0,0,1
"1700",1700,"8","5to10",0,1,0,0,0,0
"1701",1701,"1","1to5",1,0,0,0,0,0
"1702",1702,"NA","NA",0,0,0,0,0,1
"1703",1703,"4","1to5",1,0,0,0,0,0
"1704",1704,"7","5to10",0,1,0,0,0,0
"1705",1705,"NA","NA",0,0,0,0,0,1
"1706",1706,"NA","NA",0,0,0,0,0,1
"1707",1707,"1","1to5",1,0,0,0,0,0
"1708",1708,"NA","NA",0,0,0,0,0,1
"1709",1709,"NA","NA",0,0,0,0,0,1
"1710",1710,"NA","NA",0,0,0,0,0,1
"1711",1711,"NA","NA",0,0,0,0,0,1
"1712",1712,"2","1to5",1,0,0,0,0,0
"1713",1713,"NA","NA",0,0,0,0,0,1
"1714",1714,"NA","NA",0,0,0,0,0,1
"1715",1715,"2","1to5",1,0,0,0,0,0
"1716",1716,"1","1to5",1,0,0,0,0,0
"1717",1717,"1","1to5",1,0,0,0,0,0
"1718",1718,"2","1to5",1,0,0,0,0,0
"1719",1719,"NA","NA",0,0,0,0,0,1
"1720",1720,"NA","NA",0,0,0,0,0,1
"1721",1721,"5","1to5",1,0,0,0,0,0
"1722",1722,"2","1to5",1,0,0,0,0,0
"1723",1723,"2","1to5",1,0,0,0,0,0
"1724",1724,"2","1to5",1,0,0,0,0,0
"1725",1725,"5","1to5",1,0,0,0,0,0
"1726",1726,"2","1to5",1,0,0,0,0,0
"1727",1727,"1","1to5",1,0,0,0,0,0
"1728",1728,"NA","NA",0,0,0,0,0,1
"1729",1729,"NA","NA",0,0,0,0,0,1
"1730",1730,"2","1to5",1,0,0,0,0,0
"1731",1731,"1","1to5",1,0,0,0,0,0
"1732",1732,"1","1to5",1,0,0,0,0,0
"1733",1733,"3","1to5",1,0,0,0,0,0
"1734",1734,"1","1to5",1,0,0,0,0,0
"1735",1735,"NA","NA",0,0,0,0,0,1
"1736",1736,"NA","NA",0,0,0,0,0,1
"1737",1737,"1","1to5",1,0,0,0,0,0
"1738",1738,"NA","NA",0,0,0,0,0,1
"1739",1739,"NA","NA",0,0,0,0,0,1
"1740",1740,"1","1to5",1,0,0,0,0,0
"1741",1741,"3","1to5",1,0,0,0,0,0
"1742",1742,"NA","NA",0,0,0,0,0,1
"1743",1743,"6","5to10",0,1,0,0,0,0
"1744",1744,"NA","NA",0,0,0,0,0,1
"1745",1745,"2","1to5",1,0,0,0,0,0
"1746",1746,"NA","NA",0,0,0,0,0,1
"1747",1747,"2","1to5",1,0,0,0,0,0
"1748",1748,"NA","NA",0,0,0,0,0,1
"1749",1749,"1","1to5",1,0,0,0,0,0
"1750",1750,"1","1to5",1,0,0,0,0,0
"1751",1751,"1","1to5",1,0,0,0,0,0
"1752",1752,"NA","NA",0,0,0,0,0,1
"1753",1753,"NA","NA",0,0,0,0,0,1
"1754",1754,"5","1to5",1,0,0,0,0,0
"1755",1755,"3","1to5",1,0,0,0,0,0
"1756",1756,"2","1to5",1,0,0,0,0,0
"1757",1757,"NA","NA",0,0,0,0,0,1
"1758",1758,"3","1to5",1,0,0,0,0,0
"1759",1759,"NA","NA",0,0,0,0,0,1
"1760",1760,"NA","NA",0,0,0,0,0,1
"1761",1761,"NA","NA",0,0,0,0,0,1
"1762",1762,"1","1to5",1,0,0,0,0,0
"1763",1763,"1","1to5",1,0,0,0,0,0
"1764",1764,"NA","NA",0,0,0,0,0,1
"1765",1765,"NA","NA",0,0,0,0,0,1
"1766",1766,"1","1to5",1,0,0,0,0,0
"1767",1767,"NA","NA",0,0,0,0,0,1
"1768",1768,"10","5to10",0,1,0,0,0,0
"1769",1769,"1","1to5",1,0,0,0,0,0
"1770",1770,"2","1to5",1,0,0,0,0,0
"1771",1771,"1","1to5",1,0,0,0,0,0
"1772",1772,"2","1to5",1,0,0,0,0,0
"1773",1773,"NA","NA",0,0,0,0,0,1
"1774",1774,"NA","NA",0,0,0,0,0,1
"1775",1775,"9","5to10",0,1,0,0,0,0
"1776",1776,"4","1to5",1,0,0,0,0,0
"1777",1777,"NA","NA",0,0,0,0,0,1
"1778",1778,"NA","NA",0,0,0,0,0,1
"1779",1779,"NA","NA",0,0,0,0,0,1
"1780",1780,"1","1to5",1,0,0,0,0,0
"1781",1781,"NA","NA",0,0,0,0,0,1
"1782",1782,"1","1to5",1,0,0,0,0,0
"1783",1783,"2","1to5",1,0,0,0,0,0
"1784",1784,"NA","NA",0,0,0,0,0,1
"1785",1785,"1","1to5",1,0,0,0,0,0
"1786",1786,"NA","NA",0,0,0,0,0,1
"1787",1787,"2","1to5",1,0,0,0,0,0
"1788",1788,"5","1to5",1,0,0,0,0,0
"1789",1789,"1","1to5",1,0,0,0,0,0
"1790",1790,"NA","NA",0,0,0,0,0,1
"1791",1791,"NA","NA",0,0,0,0,0,1
"1792",1792,"1","1to5",1,0,0,0,0,0
"1793",1793,"NA","NA",0,0,0,0,0,1
"1794",1794,"NA","NA",0,0,0,0,0,1
"1795",1795,"1","1to5",1,0,0,0,0,0
"1796",1796,"3","1to5",1,0,0,0,0,0
"1797",1797,"4","1to5",1,0,0,0,0,0
"1798",1798,"3","1to5",1,0,0,0,0,0
"1799",1799,"4","1to5",1,0,0,0,0,0
"1800",1800,"NA","NA",0,0,0,0,0,1
"1801",1801,"5","1to5",1,0,0,0,0,0
"1802",1802,"NA","NA",0,0,0,0,0,1
"1803",1803,"NA","NA",0,0,0,0,0,1
"1804",1804,"NA","NA",0,0,0,0,0,1
"1805",1805,"4","1to5",1,0,0,0,0,0
"1806",1806,"NA","NA",0,0,0,0,0,1
"1807",1807,"NA","NA",0,0,0,0,0,1
"1808",1808,"2","1to5",1,0,0,0,0,0
"1809",1809,"1","1to5",1,0,0,0,0,0
"1810",1810,"2","1to5",1,0,0,0,0,0
"1811",1811,"2","1to5",1,0,0,0,0,0
"1812",1812,"5","1to5",1,0,0,0,0,0
"1813",1813,"1","1to5",1,0,0,0,0,0
"1814",1814,"1","1to5",1,0,0,0,0,0
"1815",1815,"NA","NA",0,0,0,0,0,1
"1816",1816,"3","1to5",1,0,0,0,0,0
"1817",1817,"6","5to10",0,1,0,0,0,0
"1818",1818,"NA","NA",0,0,0,0,0,1
"1819",1819,"3","1to5",1,0,0,0,0,0
"1820",1820,"NA","NA",0,0,0,0,0,1
"1821",1821,"1","1to5",1,0,0,0,0,0
"1822",1822,"2","1to5",1,0,0,0,0,0
"1823",1823,"1","1to5",1,0,0,0,0,0
"1824",1824,"2","1to5",1,0,0,0,0,0
"1825",1825,"5","1to5",1,0,0,0,0,0
"1826",1826,"2","1to5",1,0,0,0,0,0
"1827",1827,"2","1to5",1,0,0,0,0,0
"1828",1828,"3","1to5",1,0,0,0,0,0
"1829",1829,"1","1to5",1,0,0,0,0,0
"1830",1830,"4","1to5",1,0,0,0,0,0
"1831",1831,"4","1to5",1,0,0,0,0,0
"1832",1832,"3","1to5",1,0,0,0,0,0
"1833",1833,"3","1to5",1,0,0,0,0,0
"1834",1834,"2","1to5",1,0,0,0,0,0
"1835",1835,"1","1to5",1,0,0,0,0,0
"1836",1836,"NA","NA",0,0,0,0,0,1
"1837",1837,"1","1to5",1,0,0,0,0,0
"1838",1838,"2","1to5",1,0,0,0,0,0
"1839",1839,"NA","NA",0,0,0,0,0,1
"1840",1840,"NA","NA",0,0,0,0,0,1
"1841",1841,"2","1to5",1,0,0,0,0,0
"1842",1842,"4","1to5",1,0,0,0,0,0
"1843",1843,"NA","NA",0,0,0,0,0,1
"1844",1844,"NA","NA",0,0,0,0,0,1
"1845",1845,"1","1to5",1,0,0,0,0,0
"1846",1846,"1","1to5",1,0,0,0,0,0
"1847",1847,"2","1to5",1,0,0,0,0,0
"1848",1848,"4","1to5",1,0,0,0,0,0
"1849",1849,"NA","NA",0,0,0,0,0,1
"1850",1850,"NA","NA",0,0,0,0,0,1
"1851",1851,"7","5to10",0,1,0,0,0,0
"1852",1852,"2","1to5",1,0,0,0,0,0
"1853",1853,"NA","NA",0,0,0,0,0,1
"1854",1854,"2","1to5",1,0,0,0,0,0
"1855",1855,"NA","NA",0,0,0,0,0,1
"1856",1856,"3","1to5",1,0,0,0,0,0
"1857",1857,"NA","NA",0,0,0,0,0,1
"1858",1858,"NA","NA",0,0,0,0,0,1
"1859",1859,"1","1to5",1,0,0,0,0,0
"1860",1860,"1","1to5",1,0,0,0,0,0
"1861",1861,"3","1to5",1,0,0,0,0,0
"1862",1862,"NA","NA",0,0,0,0,0,1
"1863",1863,"7","5to10",0,1,0,0,0,0
"1864",1864,"1","1to5",1,0,0,0,0,0
"1865",1865,"1","1to5",1,0,0,0,0,0
"1866",1866,"2","1to5",1,0,0,0,0,0
"1867",1867,"NA","NA",0,0,0,0,0,1
"1868",1868,"2","1to5",1,0,0,0,0,0
"1869",1869,"1","1to5",1,0,0,0,0,0
"1870",1870,"NA","NA",0,0,0,0,0,1
"1871",1871,"1","1to5",1,0,0,0,0,0
"1872",1872,"3","1to5",1,0,0,0,0,0
"1873",1873,"2","1to5",1,0,0,0,0,0
"1874",1874,"3","1to5",1,0,0,0,0,0
"1875",1875,"NA","NA",0,0,0,0,0,1
"1876",1876,"1","1to5",1,0,0,0,0,0
"1877",1877,"NA","NA",0,0,0,0,0,1
"1878",1878,"10","5to10",0,1,0,0,0,0
"1879",1879,"NA","NA",0,0,0,0,0,1
"1880",1880,"2","1to5",1,0,0,0,0,0
"1881",1881,"NA","NA",0,0,0,0,0,1
"1882",1882,"1","1to5",1,0,0,0,0,0
"1883",1883,"4","1to5",1,0,0,0,0,0
"1884",1884,"2","1to5",1,0,0,0,0,0
"1885",1885,"NA","NA",0,0,0,0,0,1
"1886",1886,"NA","NA",0,0,0,0,0,1
"1887",1887,"NA","NA",0,0,0,0,0,1
"1888",1888,"NA","NA",0,0,0,0,0,1
"1889",1889,"1","1to5",1,0,0,0,0,0
"1890",1890,"NA","NA",0,0,0,0,0,1
"1891",1891,"NA","NA",0,0,0,0,0,1
"1892",1892,"3","1to5",1,0,0,0,0,0
"1893",1893,"NA","NA",0,0,0,0,0,1
"1894",1894,"10","5to10",0,1,0,0,0,0
"1895",1895,"6","5to10",0,1,0,0,0,0
"1896",1896,"NA","NA",0,0,0,0,0,1
"1897",1897,"NA","NA",0,0,0,0,0,1
"1898",1898,"NA","NA",0,0,0,0,0,1
"1899",1899,"NA","NA",0,0,0,0,0,1
"1900",1900,"5","1to5",1,0,0,0,0,0
"1901",1901,"NA","NA",0,0,0,0,0,1
"1902",1902,"6","5to10",0,1,0,0,0,0
"1903",1903,"NA","NA",0,0,0,0,0,1
"1904",1904,"NA","NA",0,0,0,0,0,1
"1905",1905,"3","1to5",1,0,0,0,0,0
"1906",1906,"1","1to5",1,0,0,0,0,0
"1907",1907,"2","1to5",1,0,0,0,0,0
"1908",1908,"3","1to5",1,0,0,0,0,0
"1909",1909,"1","1to5",1,0,0,0,0,0
"1910",1910,"NA","NA",0,0,0,0,0,1
"1911",1911,"1","1to5",1,0,0,0,0,0
"1912",1912,"6","5to10",0,1,0,0,0,0
"1913",1913,"NA","NA",0,0,0,0,0,1
"1914",1914,"1","1to5",1,0,0,0,0,0
"1915",1915,"1","1to5",1,0,0,0,0,0
"1916",1916,"5","1to5",1,0,0,0,0,0
"1917",1917,"1","1to5",1,0,0,0,0,0
"1918",1918,"NA","NA",0,0,0,0,0,1
"1919",1919,"1","1to5",1,0,0,0,0,0
"1920",1920,"1","1to5",1,0,0,0,0,0
"1921",1921,"NA","NA",0,0,0,0,0,1
"1922",1922,"NA","NA",0,0,0,0,0,1
"1923",1923,"NA","NA",0,0,0,0,0,1
"1924",1924,"1","1to5",1,0,0,0,0,0
"1925",1925,"NA","NA",0,0,0,0,0,1
"1926",1926,"1","1to5",1,0,0,0,0,0
"1927",1927,"2","1to5",1,0,0,0,0,0
"1928",1928,"1","1to5",1,0,0,0,0,0
"1929",1929,"NA","NA",0,0,0,0,0,1
"1930",1930,"NA","NA",0,0,0,0,0,1
"1931",1931,"NA","NA",0,0,0,0,0,1
"1932",1932,"9","5to10",0,1,0,0,0,0
"1933",1933,"6","5to10",0,1,0,0,0,0
"1934",1934,"NA","NA",0,0,0,0,0,1
"1935",1935,"2","1to5",1,0,0,0,0,0
"1936",1936,"NA","NA",0,0,0,0,0,1
"1937",1937,"6","5to10",0,1,0,0,0,0
"1938",1938,"1","1to5",1,0,0,0,0,0
"1939",1939,"2","1to5",1,0,0,0,0,0
"1940",1940,"NA","NA",0,0,0,0,0,1
"1941",1941,"1","1to5",1,0,0,0,0,0
"1942",1942,"NA","NA",0,0,0,0,0,1
"1943",1943,"NA","NA",0,0,0,0,0,1
"1944",1944,"NA","NA",0,0,0,0,0,1
"1945",1945,"NA","NA",0,0,0,0,0,1
"1946",1946,"4","1to5",1,0,0,0,0,0
"1947",1947,"NA","NA",0,0,0,0,0,1
"1948",1948,"4","1to5",1,0,0,0,0,0
"1949",1949,"6","5to10",0,1,0,0,0,0
"1950",1950,"NA","NA",0,0,0,0,0,1
"1951",1951,"NA","NA",0,0,0,0,0,1
"1952",1952,"1","1to5",1,0,0,0,0,0
"1953",1953,"NA","NA",0,0,0,0,0,1
"1954",1954,"NA","NA",0,0,0,0,0,1
"1955",1955,"17","15to20",0,0,0,1,0,0
"1956",1956,"4","1to5",1,0,0,0,0,0
"1957",1957,"NA","NA",0,0,0,0,0,1
"1958",1958,"NA","NA",0,0,0,0,0,1
"1959",1959,"1","1to5",1,0,0,0,0,0
"1960",1960,"1","1to5",1,0,0,0,0,0
"1961",1961,"NA","NA",0,0,0,0,0,1
"1962",1962,"NA","NA",0,0,0,0,0,1
"1963",1963,"NA","NA",0,0,0,0,0,1
"1964",1964,"1","1to5",1,0,0,0,0,0
"1965",1965,"2","1to5",1,0,0,0,0,0
"1966",1966,"2","1to5",1,0,0,0,0,0
"1967",1967,"NA","NA",0,0,0,0,0,1
"1968",1968,"1","1to5",1,0,0,0,0,0
"1969",1969,"NA","NA",0,0,0,0,0,1
"1970",1970,"NA","NA",0,0,0,0,0,1
"1971",1971,"NA","NA",0,0,0,0,0,1
"1972",1972,"4","1to5",1,0,0,0,0,0
"1973",1973,"NA","NA",0,0,0,0,0,1
"1974",1974,"1","1to5",1,0,0,0,0,0
"1975",1975,"NA","NA",0,0,0,0,0,1
"1976",1976,"NA","NA",0,0,0,0,0,1
"1977",1977,"2","1to5",1,0,0,0,0,0
"1978",1978,"NA","NA",0,0,0,0,0,1
"1979",1979,"NA","NA",0,0,0,0,0,1
"1980",1980,"2","1to5",1,0,0,0,0,0
"1981",1981,"NA","NA",0,0,0,0,0,1
"1982",1982,"NA","NA",0,0,0,0,0,1
"1983",1983,"NA","NA",0,0,0,0,0,1
"1984",1984,"NA","NA",0,0,0,0,0,1
"1985",1985,"1","1to5",1,0,0,0,0,0
"1986",1986,"NA","NA",0,0,0,0,0,1
"1987",1987,"NA","NA",0,0,0,0,0,1
"1988",1988,"2","1to5",1,0,0,0,0,0
"1989",1989,"NA","NA",0,0,0,0,0,1
"1990",1990,"7","5to10",0,1,0,0,0,0
"1991",1991,"1","1to5",1,0,0,0,0,0
"1992",1992,"NA","NA",0,0,0,0,0,1
"1993",1993,"NA","NA",0,0,0,0,0,1
"1994",1994,"9","5to10",0,1,0,0,0,0
"1995",1995,"NA","NA",0,0,0,0,0,1
"1996",1996,"NA","NA",0,0,0,0,0,1
"1997",1997,"NA","NA",0,0,0,0,0,1
"1998",1998,"NA","NA",0,0,0,0,0,1
"1999",1999,"2","1to5",1,0,0,0,0,0
"2000",2000,"NA","NA",0,0,0,0,0,1
