"","Y","id","noe","noe_1-10","noe_10001+","noe_1001-5000","noe_101-250","noe_11-50","noe_251-500","noe_5001-10000","noe_501-1000","noe_51-100","noe_NA"
"1",1,1,"1001-5000",0,0,1,0,0,0,0,0,0,0
"2",1,2,"51-100",0,0,0,0,0,0,0,0,1,0
"3",1,3,"51-100",0,0,0,0,0,0,0,0,1,0
"4",1,4,"51-100",0,0,0,0,0,0,0,0,1,0
"5",1,5,"11-50",0,0,0,0,1,0,0,0,0,0
"6",1,6,"501-1000",0,0,0,0,0,0,0,1,0,0
"7",1,7,"101-250",0,0,0,1,0,0,0,0,0,0
"8",1,8,"1001-5000",0,0,1,0,0,0,0,0,0,0
"9",1,9,"1001-5000",0,0,1,0,0,0,0,0,0,0
"10",1,10,"251-500",0,0,0,0,0,1,0,0,0,0
"11",1,11,"501-1000",0,0,0,0,0,0,0,1,0,0
"12",1,12,"251-500",0,0,0,0,0,1,0,0,0,0
"13",1,13,"501-1000",0,0,0,0,0,0,0,1,0,0
"14",1,14,"501-1000",0,0,0,0,0,0,0,1,0,0
"15",1,15,"51-100",0,0,0,0,0,0,0,0,1,0
"16",1,16,"101-250",0,0,0,1,0,0,0,0,0,0
"17",1,17,"1001-5000",0,0,1,0,0,0,0,0,0,0
"18",1,18,"51-100",0,0,0,0,0,0,0,0,1,0
"19",1,19,"501-1000",0,0,0,0,0,0,0,1,0,0
"20",1,20,"101-250",0,0,0,1,0,0,0,0,0,0
"21",1,21,"501-1000",0,0,0,0,0,0,0,1,0,0
"22",1,22,"1001-5000",0,0,1,0,0,0,0,0,0,0
"23",1,23,"251-500",0,0,0,0,0,1,0,0,0,0
"24",1,24,"51-100",0,0,0,0,0,0,0,0,1,0
"25",1,25,"251-500",0,0,0,0,0,1,0,0,0,0
"26",1,26,"101-250",0,0,0,1,0,0,0,0,0,0
"27",1,27,"1001-5000",0,0,1,0,0,0,0,0,0,0
"28",1,28,"251-500",0,0,0,0,0,1,0,0,0,0
"29",1,29,"101-250",0,0,0,1,0,0,0,0,0,0
"30",1,30,"101-250",0,0,0,1,0,0,0,0,0,0
"31",1,31,"501-1000",0,0,0,0,0,0,0,1,0,0
"32",1,32,"251-500",0,0,0,0,0,1,0,0,0,0
"33",1,33,"101-250",0,0,0,1,0,0,0,0,0,0
"34",1,34,"501-1000",0,0,0,0,0,0,0,1,0,0
"35",1,35,"251-500",0,0,0,0,0,1,0,0,0,0
"36",1,36,"51-100",0,0,0,0,0,0,0,0,1,0
"37",1,37,"501-1000",0,0,0,0,0,0,0,1,0,0
"38",1,38,"51-100",0,0,0,0,0,0,0,0,1,0
"39",1,39,"51-100",0,0,0,0,0,0,0,0,1,0
"40",1,40,"10001+",0,1,0,0,0,0,0,0,0,0
"41",1,41,"11-50",0,0,0,0,1,0,0,0,0,0
"42",1,42,"1-10",1,0,0,0,0,0,0,0,0,0
"43",1,43,"51-100",0,0,0,0,0,0,0,0,1,0
"44",1,44,"251-500",0,0,0,0,0,1,0,0,0,0
"45",1,45,"1001-5000",0,0,1,0,0,0,0,0,0,0
"46",1,46,"51-100",0,0,0,0,0,0,0,0,1,0
"47",1,47,"501-1000",0,0,0,0,0,0,0,1,0,0
"48",1,48,"101-250",0,0,0,1,0,0,0,0,0,0
"49",1,49,"51-100",0,0,0,0,0,0,0,0,1,0
"50",1,50,"251-500",0,0,0,0,0,1,0,0,0,0
"51",1,51,"11-50",0,0,0,0,1,0,0,0,0,0
"52",1,52,"51-100",0,0,0,0,0,0,0,0,1,0
"53",1,53,"501-1000",0,0,0,0,0,0,0,1,0,0
"54",1,54,"101-250",0,0,0,1,0,0,0,0,0,0
"55",1,55,"11-50",0,0,0,0,1,0,0,0,0,0
"56",1,56,"51-100",0,0,0,0,0,0,0,0,1,0
"57",1,57,"101-250",0,0,0,1,0,0,0,0,0,0
"58",1,58,"101-250",0,0,0,1,0,0,0,0,0,0
"59",1,59,"51-100",0,0,0,0,0,0,0,0,1,0
"60",1,60,"501-1000",0,0,0,0,0,0,0,1,0,0
"61",1,61,"11-50",0,0,0,0,1,0,0,0,0,0
"62",1,62,"11-50",0,0,0,0,1,0,0,0,0,0
"63",1,63,"501-1000",0,0,0,0,0,0,0,1,0,0
"64",1,64,"51-100",0,0,0,0,0,0,0,0,1,0
"65",1,65,"101-250",0,0,0,1,0,0,0,0,0,0
"66",1,66,"251-500",0,0,0,0,0,1,0,0,0,0
"67",1,67,"251-500",0,0,0,0,0,1,0,0,0,0
"68",1,68,"501-1000",0,0,0,0,0,0,0,1,0,0
"69",1,69,"101-250",0,0,0,1,0,0,0,0,0,0
"70",1,70,"NA",0,0,0,0,0,0,0,0,0,1
"71",1,71,"101-250",0,0,0,1,0,0,0,0,0,0
"72",1,72,"101-250",0,0,0,1,0,0,0,0,0,0
"73",1,73,"1-10",1,0,0,0,0,0,0,0,0,0
"74",1,74,"51-100",0,0,0,0,0,0,0,0,1,0
"75",1,75,"51-100",0,0,0,0,0,0,0,0,1,0
"76",1,76,"101-250",0,0,0,1,0,0,0,0,0,0
"77",1,77,"251-500",0,0,0,0,0,1,0,0,0,0
"78",1,78,"11-50",0,0,0,0,1,0,0,0,0,0
"79",1,79,"1001-5000",0,0,1,0,0,0,0,0,0,0
"80",1,80,"51-100",0,0,0,0,0,0,0,0,1,0
"81",1,81,"501-1000",0,0,0,0,0,0,0,1,0,0
"82",1,82,"11-50",0,0,0,0,1,0,0,0,0,0
"83",1,83,"1001-5000",0,0,1,0,0,0,0,0,0,0
"84",1,84,"11-50",0,0,0,0,1,0,0,0,0,0
"85",1,85,"251-500",0,0,0,0,0,1,0,0,0,0
"86",1,86,"NA",0,0,0,0,0,0,0,0,0,1
"87",1,87,"101-250",0,0,0,1,0,0,0,0,0,0
"88",1,88,"NA",0,0,0,0,0,0,0,0,0,1
"89",1,89,"101-250",0,0,0,1,0,0,0,0,0,0
"90",1,90,"51-100",0,0,0,0,0,0,0,0,1,0
"91",1,91,"101-250",0,0,0,1,0,0,0,0,0,0
"92",1,92,"11-50",0,0,0,0,1,0,0,0,0,0
"93",1,93,"51-100",0,0,0,0,0,0,0,0,1,0
"94",1,94,"51-100",0,0,0,0,0,0,0,0,1,0
"95",1,95,"11-50",0,0,0,0,1,0,0,0,0,0
"96",1,96,"51-100",0,0,0,0,0,0,0,0,1,0
"97",1,97,"51-100",0,0,0,0,0,0,0,0,1,0
"98",1,98,"1001-5000",0,0,1,0,0,0,0,0,0,0
"99",1,99,"11-50",0,0,0,0,1,0,0,0,0,0
"100",1,100,"251-500",0,0,0,0,0,1,0,0,0,0
"101",1,101,"11-50",0,0,0,0,1,0,0,0,0,0
"102",1,102,"501-1000",0,0,0,0,0,0,0,1,0,0
"103",1,103,"101-250",0,0,0,1,0,0,0,0,0,0
"104",1,104,"51-100",0,0,0,0,0,0,0,0,1,0
"105",1,105,"51-100",0,0,0,0,0,0,0,0,1,0
"106",1,106,"101-250",0,0,0,1,0,0,0,0,0,0
"107",1,107,"51-100",0,0,0,0,0,0,0,0,1,0
"108",1,108,"11-50",0,0,0,0,1,0,0,0,0,0
"109",1,109,"11-50",0,0,0,0,1,0,0,0,0,0
"110",1,110,"NA",0,0,0,0,0,0,0,0,0,1
"111",1,111,"501-1000",0,0,0,0,0,0,0,1,0,0
"112",1,112,"51-100",0,0,0,0,0,0,0,0,1,0
"113",1,113,"1-10",1,0,0,0,0,0,0,0,0,0
"114",1,114,"11-50",0,0,0,0,1,0,0,0,0,0
"115",1,115,"11-50",0,0,0,0,1,0,0,0,0,0
"116",1,116,"501-1000",0,0,0,0,0,0,0,1,0,0
"117",1,117,"11-50",0,0,0,0,1,0,0,0,0,0
"118",1,118,"501-1000",0,0,0,0,0,0,0,1,0,0
"119",1,119,"51-100",0,0,0,0,0,0,0,0,1,0
"120",1,120,"11-50",0,0,0,0,1,0,0,0,0,0
"121",1,121,"251-500",0,0,0,0,0,1,0,0,0,0
"122",1,122,"1-10",1,0,0,0,0,0,0,0,0,0
"123",1,123,"11-50",0,0,0,0,1,0,0,0,0,0
"124",1,124,"101-250",0,0,0,1,0,0,0,0,0,0
"125",1,125,"11-50",0,0,0,0,1,0,0,0,0,0
"126",1,126,"51-100",0,0,0,0,0,0,0,0,1,0
"127",1,127,"51-100",0,0,0,0,0,0,0,0,1,0
"128",1,128,"11-50",0,0,0,0,1,0,0,0,0,0
"129",1,129,"101-250",0,0,0,1,0,0,0,0,0,0
"130",1,130,"1-10",1,0,0,0,0,0,0,0,0,0
"131",1,131,"11-50",0,0,0,0,1,0,0,0,0,0
"132",1,132,"51-100",0,0,0,0,0,0,0,0,1,0
"133",1,133,"101-250",0,0,0,1,0,0,0,0,0,0
"134",1,134,"51-100",0,0,0,0,0,0,0,0,1,0
"135",1,135,"NA",0,0,0,0,0,0,0,0,0,1
"136",1,136,"101-250",0,0,0,1,0,0,0,0,0,0
"137",1,137,"51-100",0,0,0,0,0,0,0,0,1,0
"138",1,138,"101-250",0,0,0,1,0,0,0,0,0,0
"139",1,139,"101-250",0,0,0,1,0,0,0,0,0,0
"140",1,140,"1-10",1,0,0,0,0,0,0,0,0,0
"141",1,141,"1001-5000",0,0,1,0,0,0,0,0,0,0
"142",1,142,"1-10",1,0,0,0,0,0,0,0,0,0
"143",1,143,"101-250",0,0,0,1,0,0,0,0,0,0
"144",1,144,"11-50",0,0,0,0,1,0,0,0,0,0
"145",1,145,"10001+",0,1,0,0,0,0,0,0,0,0
"146",1,146,"11-50",0,0,0,0,1,0,0,0,0,0
"147",1,147,"101-250",0,0,0,1,0,0,0,0,0,0
"148",1,148,"101-250",0,0,0,1,0,0,0,0,0,0
"149",1,149,"51-100",0,0,0,0,0,0,0,0,1,0
"150",1,150,"51-100",0,0,0,0,0,0,0,0,1,0
"151",1,151,"11-50",0,0,0,0,1,0,0,0,0,0
"152",1,152,"501-1000",0,0,0,0,0,0,0,1,0,0
"153",1,153,"51-100",0,0,0,0,0,0,0,0,1,0
"154",1,154,"11-50",0,0,0,0,1,0,0,0,0,0
"155",1,155,"101-250",0,0,0,1,0,0,0,0,0,0
"156",1,156,"NA",0,0,0,0,0,0,0,0,0,1
"157",1,157,"11-50",0,0,0,0,1,0,0,0,0,0
"158",1,158,"101-250",0,0,0,1,0,0,0,0,0,0
"159",1,159,"101-250",0,0,0,1,0,0,0,0,0,0
"160",1,160,"101-250",0,0,0,1,0,0,0,0,0,0
"161",1,161,"11-50",0,0,0,0,1,0,0,0,0,0
"162",1,162,"10001+",0,1,0,0,0,0,0,0,0,0
"163",1,163,"5001-10000",0,0,0,0,0,0,1,0,0,0
"164",1,164,"11-50",0,0,0,0,1,0,0,0,0,0
"165",1,165,"11-50",0,0,0,0,1,0,0,0,0,0
"166",1,166,"51-100",0,0,0,0,0,0,0,0,1,0
"167",1,167,"501-1000",0,0,0,0,0,0,0,1,0,0
"168",1,168,"101-250",0,0,0,1,0,0,0,0,0,0
"169",1,169,"NA",0,0,0,0,0,0,0,0,0,1
"170",1,170,"101-250",0,0,0,1,0,0,0,0,0,0
"171",1,171,"501-1000",0,0,0,0,0,0,0,1,0,0
"172",1,172,"251-500",0,0,0,0,0,1,0,0,0,0
"173",1,173,"NA",0,0,0,0,0,0,0,0,0,1
"174",1,174,"501-1000",0,0,0,0,0,0,0,1,0,0
"175",1,175,"101-250",0,0,0,1,0,0,0,0,0,0
"176",1,176,"1-10",1,0,0,0,0,0,0,0,0,0
"177",1,177,"1001-5000",0,0,1,0,0,0,0,0,0,0
"178",1,178,"251-500",0,0,0,0,0,1,0,0,0,0
"179",1,179,"NA",0,0,0,0,0,0,0,0,0,1
"180",1,180,"251-500",0,0,0,0,0,1,0,0,0,0
"181",1,181,"1-10",1,0,0,0,0,0,0,0,0,0
"182",1,182,"101-250",0,0,0,1,0,0,0,0,0,0
"183",1,183,"NA",0,0,0,0,0,0,0,0,0,1
"184",1,184,"11-50",0,0,0,0,1,0,0,0,0,0
"185",1,185,"51-100",0,0,0,0,0,0,0,0,1,0
"186",1,186,"11-50",0,0,0,0,1,0,0,0,0,0
"187",1,187,"101-250",0,0,0,1,0,0,0,0,0,0
"188",1,188,"251-500",0,0,0,0,0,1,0,0,0,0
"189",1,189,"11-50",0,0,0,0,1,0,0,0,0,0
"190",1,190,"101-250",0,0,0,1,0,0,0,0,0,0
"191",1,191,"11-50",0,0,0,0,1,0,0,0,0,0
"192",1,192,"11-50",0,0,0,0,1,0,0,0,0,0
"193",1,193,"251-500",0,0,0,0,0,1,0,0,0,0
"194",1,194,"51-100",0,0,0,0,0,0,0,0,1,0
"195",1,195,"51-100",0,0,0,0,0,0,0,0,1,0
"196",1,196,"101-250",0,0,0,1,0,0,0,0,0,0
"197",1,197,"101-250",0,0,0,1,0,0,0,0,0,0
"198",1,198,"NA",0,0,0,0,0,0,0,0,0,1
"199",1,199,"251-500",0,0,0,0,0,1,0,0,0,0
"200",1,200,"51-100",0,0,0,0,0,0,0,0,1,0
"201",1,201,"51-100",0,0,0,0,0,0,0,0,1,0
"202",1,202,"251-500",0,0,0,0,0,1,0,0,0,0
"203",1,203,"51-100",0,0,0,0,0,0,0,0,1,0
"204",1,204,"11-50",0,0,0,0,1,0,0,0,0,0
"205",1,205,"101-250",0,0,0,1,0,0,0,0,0,0
"206",1,206,"51-100",0,0,0,0,0,0,0,0,1,0
"207",1,207,"11-50",0,0,0,0,1,0,0,0,0,0
"208",1,208,"251-500",0,0,0,0,0,1,0,0,0,0
"209",1,209,"251-500",0,0,0,0,0,1,0,0,0,0
"210",1,210,"11-50",0,0,0,0,1,0,0,0,0,0
"211",1,211,"101-250",0,0,0,1,0,0,0,0,0,0
"212",1,212,"251-500",0,0,0,0,0,1,0,0,0,0
"213",1,213,"NA",0,0,0,0,0,0,0,0,0,1
"214",1,214,"501-1000",0,0,0,0,0,0,0,1,0,0
"215",1,215,"11-50",0,0,0,0,1,0,0,0,0,0
"216",1,216,"11-50",0,0,0,0,1,0,0,0,0,0
"217",1,217,"11-50",0,0,0,0,1,0,0,0,0,0
"218",1,218,"1-10",1,0,0,0,0,0,0,0,0,0
"219",1,219,"101-250",0,0,0,1,0,0,0,0,0,0
"220",1,220,"51-100",0,0,0,0,0,0,0,0,1,0
"221",1,221,"51-100",0,0,0,0,0,0,0,0,1,0
"222",1,222,"51-100",0,0,0,0,0,0,0,0,1,0
"223",1,223,"101-250",0,0,0,1,0,0,0,0,0,0
"224",1,224,"51-100",0,0,0,0,0,0,0,0,1,0
"225",1,225,"1-10",1,0,0,0,0,0,0,0,0,0
"226",1,226,"11-50",0,0,0,0,1,0,0,0,0,0
"227",1,227,"51-100",0,0,0,0,0,0,0,0,1,0
"228",1,228,"11-50",0,0,0,0,1,0,0,0,0,0
"229",1,229,"101-250",0,0,0,1,0,0,0,0,0,0
"230",1,230,"51-100",0,0,0,0,0,0,0,0,1,0
"231",1,231,"51-100",0,0,0,0,0,0,0,0,1,0
"232",1,232,"11-50",0,0,0,0,1,0,0,0,0,0
"233",1,233,"11-50",0,0,0,0,1,0,0,0,0,0
"234",1,234,"51-100",0,0,0,0,0,0,0,0,1,0
"235",1,235,"11-50",0,0,0,0,1,0,0,0,0,0
"236",1,236,"NA",0,0,0,0,0,0,0,0,0,1
"237",1,237,"11-50",0,0,0,0,1,0,0,0,0,0
"238",1,238,"11-50",0,0,0,0,1,0,0,0,0,0
"239",1,239,"1-10",1,0,0,0,0,0,0,0,0,0
"240",1,240,"101-250",0,0,0,1,0,0,0,0,0,0
"241",1,241,"11-50",0,0,0,0,1,0,0,0,0,0
"242",1,242,"51-100",0,0,0,0,0,0,0,0,1,0
"243",1,243,"101-250",0,0,0,1,0,0,0,0,0,0
"244",1,244,"11-50",0,0,0,0,1,0,0,0,0,0
"245",1,245,"11-50",0,0,0,0,1,0,0,0,0,0
"246",1,246,"11-50",0,0,0,0,1,0,0,0,0,0
"247",1,247,"11-50",0,0,0,0,1,0,0,0,0,0
"248",1,248,"1-10",1,0,0,0,0,0,0,0,0,0
"249",1,249,"251-500",0,0,0,0,0,1,0,0,0,0
"250",1,250,"11-50",0,0,0,0,1,0,0,0,0,0
"251",1,251,"11-50",0,0,0,0,1,0,0,0,0,0
"252",1,252,"101-250",0,0,0,1,0,0,0,0,0,0
"253",1,253,"1-10",1,0,0,0,0,0,0,0,0,0
"254",1,254,"101-250",0,0,0,1,0,0,0,0,0,0
"255",1,255,"51-100",0,0,0,0,0,0,0,0,1,0
"256",1,256,"51-100",0,0,0,0,0,0,0,0,1,0
"257",1,257,"11-50",0,0,0,0,1,0,0,0,0,0
"258",1,258,"11-50",0,0,0,0,1,0,0,0,0,0
"259",1,259,"11-50",0,0,0,0,1,0,0,0,0,0
"260",1,260,"1-10",1,0,0,0,0,0,0,0,0,0
"261",1,261,"101-250",0,0,0,1,0,0,0,0,0,0
"262",1,262,"1001-5000",0,0,1,0,0,0,0,0,0,0
"263",1,263,"NA",0,0,0,0,0,0,0,0,0,1
"264",1,264,"51-100",0,0,0,0,0,0,0,0,1,0
"265",1,265,"10001+",0,1,0,0,0,0,0,0,0,0
"266",1,266,"101-250",0,0,0,1,0,0,0,0,0,0
"267",1,267,"11-50",0,0,0,0,1,0,0,0,0,0
"268",1,268,"11-50",0,0,0,0,1,0,0,0,0,0
"269",1,269,"11-50",0,0,0,0,1,0,0,0,0,0
"270",1,270,"11-50",0,0,0,0,1,0,0,0,0,0
"271",1,271,"11-50",0,0,0,0,1,0,0,0,0,0
"272",1,272,"501-1000",0,0,0,0,0,0,0,1,0,0
"273",1,273,"11-50",0,0,0,0,1,0,0,0,0,0
"274",1,274,"1001-5000",0,0,1,0,0,0,0,0,0,0
"275",1,275,"51-100",0,0,0,0,0,0,0,0,1,0
"276",1,276,"501-1000",0,0,0,0,0,0,0,1,0,0
"277",1,277,"11-50",0,0,0,0,1,0,0,0,0,0
"278",1,278,"11-50",0,0,0,0,1,0,0,0,0,0
"279",1,279,"11-50",0,0,0,0,1,0,0,0,0,0
"280",1,280,"11-50",0,0,0,0,1,0,0,0,0,0
"281",1,281,"251-500",0,0,0,0,0,1,0,0,0,0
"282",1,282,"1-10",1,0,0,0,0,0,0,0,0,0
"283",1,283,"101-250",0,0,0,1,0,0,0,0,0,0
"284",1,284,"251-500",0,0,0,0,0,1,0,0,0,0
"285",1,285,"51-100",0,0,0,0,0,0,0,0,1,0
"286",1,286,"51-100",0,0,0,0,0,0,0,0,1,0
"287",1,287,"11-50",0,0,0,0,1,0,0,0,0,0
"288",1,288,"101-250",0,0,0,1,0,0,0,0,0,0
"289",1,289,"101-250",0,0,0,1,0,0,0,0,0,0
"290",1,290,"11-50",0,0,0,0,1,0,0,0,0,0
"291",1,291,"1-10",1,0,0,0,0,0,0,0,0,0
"292",1,292,"1-10",1,0,0,0,0,0,0,0,0,0
"293",1,293,"11-50",0,0,0,0,1,0,0,0,0,0
"294",1,294,"11-50",0,0,0,0,1,0,0,0,0,0
"295",1,295,"11-50",0,0,0,0,1,0,0,0,0,0
"296",1,296,"101-250",0,0,0,1,0,0,0,0,0,0
"297",1,297,"10001+",0,1,0,0,0,0,0,0,0,0
"298",1,298,"251-500",0,0,0,0,0,1,0,0,0,0
"299",1,299,"251-500",0,0,0,0,0,1,0,0,0,0
"300",1,300,"101-250",0,0,0,1,0,0,0,0,0,0
"301",1,301,"11-50",0,0,0,0,1,0,0,0,0,0
"302",1,302,"11-50",0,0,0,0,1,0,0,0,0,0
"303",1,303,"251-500",0,0,0,0,0,1,0,0,0,0
"304",1,304,"11-50",0,0,0,0,1,0,0,0,0,0
"305",1,305,"501-1000",0,0,0,0,0,0,0,1,0,0
"306",1,306,"51-100",0,0,0,0,0,0,0,0,1,0
"307",1,307,"11-50",0,0,0,0,1,0,0,0,0,0
"308",1,308,"51-100",0,0,0,0,0,0,0,0,1,0
"309",1,309,"501-1000",0,0,0,0,0,0,0,1,0,0
"310",1,310,"501-1000",0,0,0,0,0,0,0,1,0,0
"311",1,311,"11-50",0,0,0,0,1,0,0,0,0,0
"312",1,312,"51-100",0,0,0,0,0,0,0,0,1,0
"313",1,313,"1-10",1,0,0,0,0,0,0,0,0,0
"314",1,314,"1001-5000",0,0,1,0,0,0,0,0,0,0
"315",1,315,"11-50",0,0,0,0,1,0,0,0,0,0
"316",1,316,"11-50",0,0,0,0,1,0,0,0,0,0
"317",1,317,"NA",0,0,0,0,0,0,0,0,0,1
"318",1,318,"NA",0,0,0,0,0,0,0,0,0,1
"319",1,319,"11-50",0,0,0,0,1,0,0,0,0,0
"320",1,320,"11-50",0,0,0,0,1,0,0,0,0,0
"321",1,321,"1-10",1,0,0,0,0,0,0,0,0,0
"322",1,322,"11-50",0,0,0,0,1,0,0,0,0,0
"323",1,323,"11-50",0,0,0,0,1,0,0,0,0,0
"324",1,324,"11-50",0,0,0,0,1,0,0,0,0,0
"325",1,325,"101-250",0,0,0,1,0,0,0,0,0,0
"326",1,326,"501-1000",0,0,0,0,0,0,0,1,0,0
"327",1,327,"NA",0,0,0,0,0,0,0,0,0,1
"328",1,328,"51-100",0,0,0,0,0,0,0,0,1,0
"329",1,329,"11-50",0,0,0,0,1,0,0,0,0,0
"330",1,330,"11-50",0,0,0,0,1,0,0,0,0,0
"331",1,331,"101-250",0,0,0,1,0,0,0,0,0,0
"332",1,332,"1-10",1,0,0,0,0,0,0,0,0,0
"333",1,333,"11-50",0,0,0,0,1,0,0,0,0,0
"334",1,334,"11-50",0,0,0,0,1,0,0,0,0,0
"335",1,335,"11-50",0,0,0,0,1,0,0,0,0,0
"336",1,336,"11-50",0,0,0,0,1,0,0,0,0,0
"337",1,337,"101-250",0,0,0,1,0,0,0,0,0,0
"338",1,338,"501-1000",0,0,0,0,0,0,0,1,0,0
"339",1,339,"11-50",0,0,0,0,1,0,0,0,0,0
"340",1,340,"251-500",0,0,0,0,0,1,0,0,0,0
"341",1,341,"101-250",0,0,0,1,0,0,0,0,0,0
"342",1,342,"1-10",1,0,0,0,0,0,0,0,0,0
"343",1,343,"11-50",0,0,0,0,1,0,0,0,0,0
"344",1,344,"51-100",0,0,0,0,0,0,0,0,1,0
"345",1,345,"11-50",0,0,0,0,1,0,0,0,0,0
"346",1,346,"1-10",1,0,0,0,0,0,0,0,0,0
"347",1,347,"NA",0,0,0,0,0,0,0,0,0,1
"348",1,348,"251-500",0,0,0,0,0,1,0,0,0,0
"349",1,349,"11-50",0,0,0,0,1,0,0,0,0,0
"350",1,350,"11-50",0,0,0,0,1,0,0,0,0,0
"351",1,351,"51-100",0,0,0,0,0,0,0,0,1,0
"352",1,352,"5001-10000",0,0,0,0,0,0,1,0,0,0
"353",1,353,"NA",0,0,0,0,0,0,0,0,0,1
"354",1,354,"NA",0,0,0,0,0,0,0,0,0,1
"355",1,355,"11-50",0,0,0,0,1,0,0,0,0,0
"356",1,356,"11-50",0,0,0,0,1,0,0,0,0,0
"357",1,357,"NA",0,0,0,0,0,0,0,0,0,1
"358",1,358,"11-50",0,0,0,0,1,0,0,0,0,0
"359",1,359,"11-50",0,0,0,0,1,0,0,0,0,0
"360",1,360,"51-100",0,0,0,0,0,0,0,0,1,0
"361",1,361,"11-50",0,0,0,0,1,0,0,0,0,0
"362",1,362,"51-100",0,0,0,0,0,0,0,0,1,0
"363",1,363,"101-250",0,0,0,1,0,0,0,0,0,0
"364",1,364,"NA",0,0,0,0,0,0,0,0,0,1
"365",1,365,"51-100",0,0,0,0,0,0,0,0,1,0
"366",1,366,"51-100",0,0,0,0,0,0,0,0,1,0
"367",1,367,"51-100",0,0,0,0,0,0,0,0,1,0
"368",1,368,"51-100",0,0,0,0,0,0,0,0,1,0
"369",1,369,"NA",0,0,0,0,0,0,0,0,0,1
"370",1,370,"11-50",0,0,0,0,1,0,0,0,0,0
"371",1,371,"NA",0,0,0,0,0,0,0,0,0,1
"372",1,372,"101-250",0,0,0,1,0,0,0,0,0,0
"373",1,373,"11-50",0,0,0,0,1,0,0,0,0,0
"374",1,374,"11-50",0,0,0,0,1,0,0,0,0,0
"375",1,375,"101-250",0,0,0,1,0,0,0,0,0,0
"376",1,376,"11-50",0,0,0,0,1,0,0,0,0,0
"377",1,377,"11-50",0,0,0,0,1,0,0,0,0,0
"378",1,378,"10001+",0,1,0,0,0,0,0,0,0,0
"379",1,379,"11-50",0,0,0,0,1,0,0,0,0,0
"380",1,380,"11-50",0,0,0,0,1,0,0,0,0,0
"381",1,381,"1-10",1,0,0,0,0,0,0,0,0,0
"382",1,382,"11-50",0,0,0,0,1,0,0,0,0,0
"383",1,383,"1-10",1,0,0,0,0,0,0,0,0,0
"384",1,384,"11-50",0,0,0,0,1,0,0,0,0,0
"385",1,385,"NA",0,0,0,0,0,0,0,0,0,1
"386",1,386,"1001-5000",0,0,1,0,0,0,0,0,0,0
"387",1,387,"11-50",0,0,0,0,1,0,0,0,0,0
"388",1,388,"11-50",0,0,0,0,1,0,0,0,0,0
"389",1,389,"11-50",0,0,0,0,1,0,0,0,0,0
"390",1,390,"11-50",0,0,0,0,1,0,0,0,0,0
"391",1,391,"1-10",1,0,0,0,0,0,0,0,0,0
"392",1,392,"11-50",0,0,0,0,1,0,0,0,0,0
"393",1,393,"251-500",0,0,0,0,0,1,0,0,0,0
"394",1,394,"11-50",0,0,0,0,1,0,0,0,0,0
"395",1,395,"NA",0,0,0,0,0,0,0,0,0,1
"396",1,396,"1-10",1,0,0,0,0,0,0,0,0,0
"397",1,397,"11-50",0,0,0,0,1,0,0,0,0,0
"398",1,398,"51-100",0,0,0,0,0,0,0,0,1,0
"399",1,399,"51-100",0,0,0,0,0,0,0,0,1,0
"400",1,400,"51-100",0,0,0,0,0,0,0,0,1,0
"401",1,401,"11-50",0,0,0,0,1,0,0,0,0,0
"402",1,402,"101-250",0,0,0,1,0,0,0,0,0,0
"403",1,403,"101-250",0,0,0,1,0,0,0,0,0,0
"404",1,404,"11-50",0,0,0,0,1,0,0,0,0,0
"405",1,405,"1-10",1,0,0,0,0,0,0,0,0,0
"406",1,406,"101-250",0,0,0,1,0,0,0,0,0,0
"407",1,407,"11-50",0,0,0,0,1,0,0,0,0,0
"408",1,408,"51-100",0,0,0,0,0,0,0,0,1,0
"409",1,409,"11-50",0,0,0,0,1,0,0,0,0,0
"410",1,410,"11-50",0,0,0,0,1,0,0,0,0,0
"411",1,411,"101-250",0,0,0,1,0,0,0,0,0,0
"412",1,412,"51-100",0,0,0,0,0,0,0,0,1,0
"413",1,413,"51-100",0,0,0,0,0,0,0,0,1,0
"414",1,414,"1-10",1,0,0,0,0,0,0,0,0,0
"415",1,415,"NA",0,0,0,0,0,0,0,0,0,1
"416",1,416,"11-50",0,0,0,0,1,0,0,0,0,0
"417",1,417,"11-50",0,0,0,0,1,0,0,0,0,0
"418",1,418,"11-50",0,0,0,0,1,0,0,0,0,0
"419",1,419,"11-50",0,0,0,0,1,0,0,0,0,0
"420",1,420,"11-50",0,0,0,0,1,0,0,0,0,0
"421",1,421,"11-50",0,0,0,0,1,0,0,0,0,0
"422",1,422,"11-50",0,0,0,0,1,0,0,0,0,0
"423",1,423,"10001+",0,1,0,0,0,0,0,0,0,0
"424",1,424,"11-50",0,0,0,0,1,0,0,0,0,0
"425",1,425,"11-50",0,0,0,0,1,0,0,0,0,0
"426",1,426,"NA",0,0,0,0,0,0,0,0,0,1
"427",1,427,"11-50",0,0,0,0,1,0,0,0,0,0
"428",1,428,"11-50",0,0,0,0,1,0,0,0,0,0
"429",1,429,"1001-5000",0,0,1,0,0,0,0,0,0,0
"430",1,430,"51-100",0,0,0,0,0,0,0,0,1,0
"431",1,431,"51-100",0,0,0,0,0,0,0,0,1,0
"432",1,432,"51-100",0,0,0,0,0,0,0,0,1,0
"433",1,433,"51-100",0,0,0,0,0,0,0,0,1,0
"434",1,434,"1001-5000",0,0,1,0,0,0,0,0,0,0
"435",1,435,"1-10",1,0,0,0,0,0,0,0,0,0
"436",1,436,"11-50",0,0,0,0,1,0,0,0,0,0
"437",1,437,"51-100",0,0,0,0,0,0,0,0,1,0
"438",1,438,"101-250",0,0,0,1,0,0,0,0,0,0
"439",1,439,"11-50",0,0,0,0,1,0,0,0,0,0
"440",1,440,"51-100",0,0,0,0,0,0,0,0,1,0
"441",1,441,"501-1000",0,0,0,0,0,0,0,1,0,0
"442",1,442,"11-50",0,0,0,0,1,0,0,0,0,0
"443",1,443,"1-10",1,0,0,0,0,0,0,0,0,0
"444",1,444,"11-50",0,0,0,0,1,0,0,0,0,0
"445",1,445,"1-10",1,0,0,0,0,0,0,0,0,0
"446",1,446,"NA",0,0,0,0,0,0,0,0,0,1
"447",1,447,"11-50",0,0,0,0,1,0,0,0,0,0
"448",1,448,"501-1000",0,0,0,0,0,0,0,1,0,0
"449",1,449,"11-50",0,0,0,0,1,0,0,0,0,0
"450",1,450,"501-1000",0,0,0,0,0,0,0,1,0,0
"451",1,451,"NA",0,0,0,0,0,0,0,0,0,1
"452",1,452,"11-50",0,0,0,0,1,0,0,0,0,0
"453",0,453,"11-50",0,0,0,0,1,0,0,0,0,0
"454",0,454,"51-100",0,0,0,0,0,0,0,0,1,0
"455",0,455,"NA",0,0,0,0,0,0,0,0,0,1
"456",0,456,"11-50",0,0,0,0,1,0,0,0,0,0
"457",0,457,"11-50",0,0,0,0,1,0,0,0,0,0
"458",0,458,"11-50",0,0,0,0,1,0,0,0,0,0
"459",0,459,"NA",0,0,0,0,0,0,0,0,0,1
"460",0,460,"11-50",0,0,0,0,1,0,0,0,0,0
"461",0,461,"1-10",1,0,0,0,0,0,0,0,0,0
"462",0,462,"101-250",0,0,0,1,0,0,0,0,0,0
"463",0,463,"251-500",0,0,0,0,0,1,0,0,0,0
"464",0,464,"11-50",0,0,0,0,1,0,0,0,0,0
"465",0,465,"101-250",0,0,0,1,0,0,0,0,0,0
"466",0,466,"11-50",0,0,0,0,1,0,0,0,0,0
"467",0,467,"1-10",1,0,0,0,0,0,0,0,0,0
"468",0,468,"NA",0,0,0,0,0,0,0,0,0,1
"469",0,469,"51-100",0,0,0,0,0,0,0,0,1,0
"470",0,470,"1001-5000",0,0,1,0,0,0,0,0,0,0
"471",0,471,"251-500",0,0,0,0,0,1,0,0,0,0
"472",0,472,"11-50",0,0,0,0,1,0,0,0,0,0
"473",0,473,"101-250",0,0,0,1,0,0,0,0,0,0
"474",0,474,"501-1000",0,0,0,0,0,0,0,1,0,0
"475",0,475,"51-100",0,0,0,0,0,0,0,0,1,0
"476",0,476,"251-500",0,0,0,0,0,1,0,0,0,0
"477",0,477,"251-500",0,0,0,0,0,1,0,0,0,0
"478",0,478,"11-50",0,0,0,0,1,0,0,0,0,0
"479",0,479,"11-50",0,0,0,0,1,0,0,0,0,0
"480",0,480,"11-50",0,0,0,0,1,0,0,0,0,0
"481",0,481,"51-100",0,0,0,0,0,0,0,0,1,0
"482",0,482,"11-50",0,0,0,0,1,0,0,0,0,0
"483",0,483,"11-50",0,0,0,0,1,0,0,0,0,0
"484",0,484,"11-50",0,0,0,0,1,0,0,0,0,0
"485",0,485,"11-50",0,0,0,0,1,0,0,0,0,0
"486",0,486,"51-100",0,0,0,0,0,0,0,0,1,0
"487",0,487,"11-50",0,0,0,0,1,0,0,0,0,0
"488",0,488,"11-50",0,0,0,0,1,0,0,0,0,0
"489",0,489,"11-50",0,0,0,0,1,0,0,0,0,0
"490",0,490,"1-10",1,0,0,0,0,0,0,0,0,0
"491",0,491,"1-10",1,0,0,0,0,0,0,0,0,0
"492",0,492,"11-50",0,0,0,0,1,0,0,0,0,0
"493",0,493,"51-100",0,0,0,0,0,0,0,0,1,0
"494",0,494,"11-50",0,0,0,0,1,0,0,0,0,0
"495",0,495,"11-50",0,0,0,0,1,0,0,0,0,0
"496",0,496,"1-10",1,0,0,0,0,0,0,0,0,0
"497",0,497,"1-10",1,0,0,0,0,0,0,0,0,0
"498",0,498,"11-50",0,0,0,0,1,0,0,0,0,0
"499",0,499,"51-100",0,0,0,0,0,0,0,0,1,0
"500",0,500,"11-50",0,0,0,0,1,0,0,0,0,0
"501",0,501,"1-10",1,0,0,0,0,0,0,0,0,0
"502",0,502,"11-50",0,0,0,0,1,0,0,0,0,0
"503",0,503,"11-50",0,0,0,0,1,0,0,0,0,0
"504",0,504,"11-50",0,0,0,0,1,0,0,0,0,0
"505",0,505,"5001-10000",0,0,0,0,0,0,1,0,0,0
"506",0,506,"1-10",1,0,0,0,0,0,0,0,0,0
"507",0,507,"11-50",0,0,0,0,1,0,0,0,0,0
"508",0,508,"11-50",0,0,0,0,1,0,0,0,0,0
"509",0,509,"5001-10000",0,0,0,0,0,0,1,0,0,0
"510",0,510,"1-10",1,0,0,0,0,0,0,0,0,0
"511",0,511,"51-100",0,0,0,0,0,0,0,0,1,0
"512",0,512,"51-100",0,0,0,0,0,0,0,0,1,0
"513",0,513,"11-50",0,0,0,0,1,0,0,0,0,0
"514",0,514,"11-50",0,0,0,0,1,0,0,0,0,0
"515",0,515,"1001-5000",0,0,1,0,0,0,0,0,0,0
"516",0,516,"11-50",0,0,0,0,1,0,0,0,0,0
"517",0,517,"1-10",1,0,0,0,0,0,0,0,0,0
"518",0,518,"11-50",0,0,0,0,1,0,0,0,0,0
"519",0,519,"501-1000",0,0,0,0,0,0,0,1,0,0
"520",0,520,"11-50",0,0,0,0,1,0,0,0,0,0
"521",0,521,"1-10",1,0,0,0,0,0,0,0,0,0
"522",0,522,"11-50",0,0,0,0,1,0,0,0,0,0
"523",0,523,"11-50",0,0,0,0,1,0,0,0,0,0
"524",0,524,"501-1000",0,0,0,0,0,0,0,1,0,0
"525",0,525,"11-50",0,0,0,0,1,0,0,0,0,0
"526",0,526,"101-250",0,0,0,1,0,0,0,0,0,0
"527",0,527,"1-10",1,0,0,0,0,0,0,0,0,0
"528",0,528,"51-100",0,0,0,0,0,0,0,0,1,0
"529",0,529,"101-250",0,0,0,1,0,0,0,0,0,0
"530",0,530,"11-50",0,0,0,0,1,0,0,0,0,0
"531",0,531,"11-50",0,0,0,0,1,0,0,0,0,0
"532",0,532,"NA",0,0,0,0,0,0,0,0,0,1
"533",0,533,"11-50",0,0,0,0,1,0,0,0,0,0
"534",0,534,"11-50",0,0,0,0,1,0,0,0,0,0
"535",0,535,"1001-5000",0,0,1,0,0,0,0,0,0,0
"536",0,536,"NA",0,0,0,0,0,0,0,0,0,1
"537",0,537,"1-10",1,0,0,0,0,0,0,0,0,0
"538",0,538,"11-50",0,0,0,0,1,0,0,0,0,0
"539",0,539,"101-250",0,0,0,1,0,0,0,0,0,0
"540",0,540,"NA",0,0,0,0,0,0,0,0,0,1
"541",0,541,"101-250",0,0,0,1,0,0,0,0,0,0
"542",0,542,"251-500",0,0,0,0,0,1,0,0,0,0
"543",0,543,"51-100",0,0,0,0,0,0,0,0,1,0
"544",0,544,"11-50",0,0,0,0,1,0,0,0,0,0
"545",0,545,"501-1000",0,0,0,0,0,0,0,1,0,0
"546",0,546,"11-50",0,0,0,0,1,0,0,0,0,0
"547",0,547,"501-1000",0,0,0,0,0,0,0,1,0,0
"548",0,548,"51-100",0,0,0,0,0,0,0,0,1,0
"549",0,549,"501-1000",0,0,0,0,0,0,0,1,0,0
"550",0,550,"101-250",0,0,0,1,0,0,0,0,0,0
"551",0,551,"11-50",0,0,0,0,1,0,0,0,0,0
"552",0,552,"11-50",0,0,0,0,1,0,0,0,0,0
"553",0,553,"1-10",1,0,0,0,0,0,0,0,0,0
"554",0,554,"101-250",0,0,0,1,0,0,0,0,0,0
"555",0,555,"NA",0,0,0,0,0,0,0,0,0,1
"556",0,556,"NA",0,0,0,0,0,0,0,0,0,1
"557",0,557,"NA",0,0,0,0,0,0,0,0,0,1
"558",0,558,"101-250",0,0,0,1,0,0,0,0,0,0
"559",0,559,"11-50",0,0,0,0,1,0,0,0,0,0
"560",0,560,"11-50",0,0,0,0,1,0,0,0,0,0
"561",0,561,"101-250",0,0,0,1,0,0,0,0,0,0
"562",0,562,"251-500",0,0,0,0,0,1,0,0,0,0
"563",0,563,"51-100",0,0,0,0,0,0,0,0,1,0
"564",0,564,"251-500",0,0,0,0,0,1,0,0,0,0
"565",0,565,"101-250",0,0,0,1,0,0,0,0,0,0
"566",0,566,"NA",0,0,0,0,0,0,0,0,0,1
"567",0,567,"101-250",0,0,0,1,0,0,0,0,0,0
"568",0,568,"1-10",1,0,0,0,0,0,0,0,0,0
"569",0,569,"5001-10000",0,0,0,0,0,0,1,0,0,0
"570",0,570,"51-100",0,0,0,0,0,0,0,0,1,0
"571",0,571,"11-50",0,0,0,0,1,0,0,0,0,0
"572",0,572,"1-10",1,0,0,0,0,0,0,0,0,0
"573",0,573,"101-250",0,0,0,1,0,0,0,0,0,0
"574",0,574,"11-50",0,0,0,0,1,0,0,0,0,0
"575",0,575,"51-100",0,0,0,0,0,0,0,0,1,0
"576",0,576,"1001-5000",0,0,1,0,0,0,0,0,0,0
"577",0,577,"51-100",0,0,0,0,0,0,0,0,1,0
"578",0,578,"101-250",0,0,0,1,0,0,0,0,0,0
"579",0,579,"1-10",1,0,0,0,0,0,0,0,0,0
"580",0,580,"51-100",0,0,0,0,0,0,0,0,1,0
"581",0,581,"11-50",0,0,0,0,1,0,0,0,0,0
"582",0,582,"11-50",0,0,0,0,1,0,0,0,0,0
"583",0,583,"NA",0,0,0,0,0,0,0,0,0,1
"584",0,584,"101-250",0,0,0,1,0,0,0,0,0,0
"585",0,585,"11-50",0,0,0,0,1,0,0,0,0,0
"586",0,586,"11-50",0,0,0,0,1,0,0,0,0,0
"587",0,587,"NA",0,0,0,0,0,0,0,0,0,1
"588",0,588,"11-50",0,0,0,0,1,0,0,0,0,0
"589",0,589,"11-50",0,0,0,0,1,0,0,0,0,0
"590",0,590,"11-50",0,0,0,0,1,0,0,0,0,0
"591",0,591,"1-10",1,0,0,0,0,0,0,0,0,0
"592",0,592,"51-100",0,0,0,0,0,0,0,0,1,0
"593",0,593,"251-500",0,0,0,0,0,1,0,0,0,0
"594",0,594,"11-50",0,0,0,0,1,0,0,0,0,0
"595",0,595,"51-100",0,0,0,0,0,0,0,0,1,0
"596",0,596,"1-10",1,0,0,0,0,0,0,0,0,0
"597",0,597,"11-50",0,0,0,0,1,0,0,0,0,0
"598",0,598,"11-50",0,0,0,0,1,0,0,0,0,0
"599",0,599,"51-100",0,0,0,0,0,0,0,0,1,0
"600",0,600,"11-50",0,0,0,0,1,0,0,0,0,0
"601",0,601,"NA",0,0,0,0,0,0,0,0,0,1
"602",0,602,"11-50",0,0,0,0,1,0,0,0,0,0
"603",0,603,"11-50",0,0,0,0,1,0,0,0,0,0
"604",0,604,"11-50",0,0,0,0,1,0,0,0,0,0
"605",0,605,"11-50",0,0,0,0,1,0,0,0,0,0
"606",0,606,"NA",0,0,0,0,0,0,0,0,0,1
"607",0,607,"11-50",0,0,0,0,1,0,0,0,0,0
"608",0,608,"NA",0,0,0,0,0,0,0,0,0,1
"609",0,609,"11-50",0,0,0,0,1,0,0,0,0,0
"610",0,610,"1-10",1,0,0,0,0,0,0,0,0,0
"611",0,611,"101-250",0,0,0,1,0,0,0,0,0,0
"612",0,612,"501-1000",0,0,0,0,0,0,0,1,0,0
"613",0,613,"11-50",0,0,0,0,1,0,0,0,0,0
"614",0,614,"11-50",0,0,0,0,1,0,0,0,0,0
"615",0,615,"11-50",0,0,0,0,1,0,0,0,0,0
"616",0,616,"101-250",0,0,0,1,0,0,0,0,0,0
"617",0,617,"11-50",0,0,0,0,1,0,0,0,0,0
"618",0,618,"11-50",0,0,0,0,1,0,0,0,0,0
"619",0,619,"10001+",0,1,0,0,0,0,0,0,0,0
"620",0,620,"1-10",1,0,0,0,0,0,0,0,0,0
"621",0,621,"11-50",0,0,0,0,1,0,0,0,0,0
"622",0,622,"101-250",0,0,0,1,0,0,0,0,0,0
"623",0,623,"101-250",0,0,0,1,0,0,0,0,0,0
"624",0,624,"11-50",0,0,0,0,1,0,0,0,0,0
"625",0,625,"1-10",1,0,0,0,0,0,0,0,0,0
"626",0,626,"NA",0,0,0,0,0,0,0,0,0,1
"627",0,627,"11-50",0,0,0,0,1,0,0,0,0,0
"628",0,628,"NA",0,0,0,0,0,0,0,0,0,1
"629",0,629,"1-10",1,0,0,0,0,0,0,0,0,0
"630",0,630,"11-50",0,0,0,0,1,0,0,0,0,0
"631",0,631,"NA",0,0,0,0,0,0,0,0,0,1
"632",0,632,"1-10",1,0,0,0,0,0,0,0,0,0
"633",0,633,"11-50",0,0,0,0,1,0,0,0,0,0
"634",0,634,"11-50",0,0,0,0,1,0,0,0,0,0
"635",0,635,"11-50",0,0,0,0,1,0,0,0,0,0
"636",0,636,"10001+",0,1,0,0,0,0,0,0,0,0
"637",0,637,"NA",0,0,0,0,0,0,0,0,0,1
"638",0,638,"51-100",0,0,0,0,0,0,0,0,1,0
"639",0,639,"1-10",1,0,0,0,0,0,0,0,0,0
"640",0,640,"501-1000",0,0,0,0,0,0,0,1,0,0
"641",0,641,"11-50",0,0,0,0,1,0,0,0,0,0
"642",0,642,"101-250",0,0,0,1,0,0,0,0,0,0
"643",0,643,"51-100",0,0,0,0,0,0,0,0,1,0
"644",0,644,"51-100",0,0,0,0,0,0,0,0,1,0
"645",0,645,"10001+",0,1,0,0,0,0,0,0,0,0
"646",0,646,"11-50",0,0,0,0,1,0,0,0,0,0
"647",0,647,"1-10",1,0,0,0,0,0,0,0,0,0
"648",0,648,"1-10",1,0,0,0,0,0,0,0,0,0
"649",0,649,"1-10",1,0,0,0,0,0,0,0,0,0
"650",0,650,"11-50",0,0,0,0,1,0,0,0,0,0
"651",0,651,"51-100",0,0,0,0,0,0,0,0,1,0
"652",0,652,"11-50",0,0,0,0,1,0,0,0,0,0
"653",0,653,"11-50",0,0,0,0,1,0,0,0,0,0
"654",0,654,"101-250",0,0,0,1,0,0,0,0,0,0
"655",0,655,"11-50",0,0,0,0,1,0,0,0,0,0
"656",0,656,"51-100",0,0,0,0,0,0,0,0,1,0
"657",0,657,"NA",0,0,0,0,0,0,0,0,0,1
"658",0,658,"1-10",1,0,0,0,0,0,0,0,0,0
"659",0,659,"11-50",0,0,0,0,1,0,0,0,0,0
"660",0,660,"1-10",1,0,0,0,0,0,0,0,0,0
"661",0,661,"1-10",1,0,0,0,0,0,0,0,0,0
"662",0,662,"1-10",1,0,0,0,0,0,0,0,0,0
"663",0,663,"501-1000",0,0,0,0,0,0,0,1,0,0
"664",0,664,"NA",0,0,0,0,0,0,0,0,0,1
"665",0,665,"NA",0,0,0,0,0,0,0,0,0,1
"666",0,666,"11-50",0,0,0,0,1,0,0,0,0,0
"667",0,667,"11-50",0,0,0,0,1,0,0,0,0,0
"668",0,668,"11-50",0,0,0,0,1,0,0,0,0,0
"669",0,669,"101-250",0,0,0,1,0,0,0,0,0,0
"670",0,670,"1-10",1,0,0,0,0,0,0,0,0,0
"671",0,671,"11-50",0,0,0,0,1,0,0,0,0,0
"672",0,672,"51-100",0,0,0,0,0,0,0,0,1,0
"673",0,673,"51-100",0,0,0,0,0,0,0,0,1,0
"674",0,674,"1-10",1,0,0,0,0,0,0,0,0,0
"675",0,675,"101-250",0,0,0,1,0,0,0,0,0,0
"676",0,676,"501-1000",0,0,0,0,0,0,0,1,0,0
"677",0,677,"1-10",1,0,0,0,0,0,0,0,0,0
"678",0,678,"11-50",0,0,0,0,1,0,0,0,0,0
"679",0,679,"11-50",0,0,0,0,1,0,0,0,0,0
"680",0,680,"11-50",0,0,0,0,1,0,0,0,0,0
"681",0,681,"11-50",0,0,0,0,1,0,0,0,0,0
"682",0,682,"51-100",0,0,0,0,0,0,0,0,1,0
"683",0,683,"11-50",0,0,0,0,1,0,0,0,0,0
"684",0,684,"51-100",0,0,0,0,0,0,0,0,1,0
"685",0,685,"1-10",1,0,0,0,0,0,0,0,0,0
"686",0,686,"11-50",0,0,0,0,1,0,0,0,0,0
"687",0,687,"11-50",0,0,0,0,1,0,0,0,0,0
"688",0,688,"1-10",1,0,0,0,0,0,0,0,0,0
"689",0,689,"1-10",1,0,0,0,0,0,0,0,0,0
"690",0,690,"51-100",0,0,0,0,0,0,0,0,1,0
"691",0,691,"11-50",0,0,0,0,1,0,0,0,0,0
"692",0,692,"11-50",0,0,0,0,1,0,0,0,0,0
"693",0,693,"11-50",0,0,0,0,1,0,0,0,0,0
"694",0,694,"11-50",0,0,0,0,1,0,0,0,0,0
"695",0,695,"NA",0,0,0,0,0,0,0,0,0,1
"696",0,696,"11-50",0,0,0,0,1,0,0,0,0,0
"697",0,697,"101-250",0,0,0,1,0,0,0,0,0,0
"698",0,698,"101-250",0,0,0,1,0,0,0,0,0,0
"699",0,699,"1-10",1,0,0,0,0,0,0,0,0,0
"700",0,700,"NA",0,0,0,0,0,0,0,0,0,1
"701",0,701,"251-500",0,0,0,0,0,1,0,0,0,0
"702",0,702,"1-10",1,0,0,0,0,0,0,0,0,0
"703",0,703,"NA",0,0,0,0,0,0,0,0,0,1
"704",0,704,"51-100",0,0,0,0,0,0,0,0,1,0
"705",0,705,"11-50",0,0,0,0,1,0,0,0,0,0
"706",0,706,"11-50",0,0,0,0,1,0,0,0,0,0
"707",0,707,"1001-5000",0,0,1,0,0,0,0,0,0,0
"708",0,708,"1-10",1,0,0,0,0,0,0,0,0,0
"709",0,709,"11-50",0,0,0,0,1,0,0,0,0,0
"710",0,710,"NA",0,0,0,0,0,0,0,0,0,1
"711",0,711,"11-50",0,0,0,0,1,0,0,0,0,0
"712",0,712,"11-50",0,0,0,0,1,0,0,0,0,0
"713",0,713,"11-50",0,0,0,0,1,0,0,0,0,0
"714",0,714,"51-100",0,0,0,0,0,0,0,0,1,0
"715",0,715,"11-50",0,0,0,0,1,0,0,0,0,0
"716",0,716,"1-10",1,0,0,0,0,0,0,0,0,0
"717",0,717,"11-50",0,0,0,0,1,0,0,0,0,0
"718",0,718,"1001-5000",0,0,1,0,0,0,0,0,0,0
"719",0,719,"51-100",0,0,0,0,0,0,0,0,1,0
"720",0,720,"51-100",0,0,0,0,0,0,0,0,1,0
"721",0,721,"101-250",0,0,0,1,0,0,0,0,0,0
"722",0,722,"11-50",0,0,0,0,1,0,0,0,0,0
"723",0,723,"11-50",0,0,0,0,1,0,0,0,0,0
"724",0,724,"11-50",0,0,0,0,1,0,0,0,0,0
"725",0,725,"11-50",0,0,0,0,1,0,0,0,0,0
"726",0,726,"11-50",0,0,0,0,1,0,0,0,0,0
"727",0,727,"11-50",0,0,0,0,1,0,0,0,0,0
"728",0,728,"11-50",0,0,0,0,1,0,0,0,0,0
"729",0,729,"11-50",0,0,0,0,1,0,0,0,0,0
"730",0,730,"1-10",1,0,0,0,0,0,0,0,0,0
"731",0,731,"51-100",0,0,0,0,0,0,0,0,1,0
"732",0,732,"NA",0,0,0,0,0,0,0,0,0,1
"733",0,733,"10001+",0,1,0,0,0,0,0,0,0,0
"734",0,734,"11-50",0,0,0,0,1,0,0,0,0,0
"735",0,735,"NA",0,0,0,0,0,0,0,0,0,1
"736",0,736,"101-250",0,0,0,1,0,0,0,0,0,0
"737",0,737,"11-50",0,0,0,0,1,0,0,0,0,0
"738",0,738,"251-500",0,0,0,0,0,1,0,0,0,0
"739",0,739,"11-50",0,0,0,0,1,0,0,0,0,0
"740",0,740,"101-250",0,0,0,1,0,0,0,0,0,0
"741",0,741,"11-50",0,0,0,0,1,0,0,0,0,0
"742",0,742,"11-50",0,0,0,0,1,0,0,0,0,0
"743",0,743,"10001+",0,1,0,0,0,0,0,0,0,0
"744",0,744,"11-50",0,0,0,0,1,0,0,0,0,0
"745",0,745,"11-50",0,0,0,0,1,0,0,0,0,0
"746",0,746,"11-50",0,0,0,0,1,0,0,0,0,0
"747",0,747,"1-10",1,0,0,0,0,0,0,0,0,0
"748",0,748,"5001-10000",0,0,0,0,0,0,1,0,0,0
"749",0,749,"51-100",0,0,0,0,0,0,0,0,1,0
"750",0,750,"1-10",1,0,0,0,0,0,0,0,0,0
"751",0,751,"101-250",0,0,0,1,0,0,0,0,0,0
"752",0,752,"1-10",1,0,0,0,0,0,0,0,0,0
"753",0,753,"11-50",0,0,0,0,1,0,0,0,0,0
"754",0,754,"11-50",0,0,0,0,1,0,0,0,0,0
"755",0,755,"51-100",0,0,0,0,0,0,0,0,1,0
"756",0,756,"11-50",0,0,0,0,1,0,0,0,0,0
"757",0,757,"11-50",0,0,0,0,1,0,0,0,0,0
"758",0,758,"11-50",0,0,0,0,1,0,0,0,0,0
"759",0,759,"11-50",0,0,0,0,1,0,0,0,0,0
"760",0,760,"11-50",0,0,0,0,1,0,0,0,0,0
"761",0,761,"11-50",0,0,0,0,1,0,0,0,0,0
"762",0,762,"11-50",0,0,0,0,1,0,0,0,0,0
"763",0,763,"1-10",1,0,0,0,0,0,0,0,0,0
"764",0,764,"11-50",0,0,0,0,1,0,0,0,0,0
"765",0,765,"11-50",0,0,0,0,1,0,0,0,0,0
"766",0,766,"11-50",0,0,0,0,1,0,0,0,0,0
"767",0,767,"1-10",1,0,0,0,0,0,0,0,0,0
"768",0,768,"1-10",1,0,0,0,0,0,0,0,0,0
"769",0,769,"1-10",1,0,0,0,0,0,0,0,0,0
"770",0,770,"11-50",0,0,0,0,1,0,0,0,0,0
"771",0,771,"1-10",1,0,0,0,0,0,0,0,0,0
"772",0,772,"51-100",0,0,0,0,0,0,0,0,1,0
"773",0,773,"11-50",0,0,0,0,1,0,0,0,0,0
"774",0,774,"11-50",0,0,0,0,1,0,0,0,0,0
"775",0,775,"11-50",0,0,0,0,1,0,0,0,0,0
"776",0,776,"51-100",0,0,0,0,0,0,0,0,1,0
"777",0,777,"NA",0,0,0,0,0,0,0,0,0,1
"778",0,778,"51-100",0,0,0,0,0,0,0,0,1,0
"779",0,779,"251-500",0,0,0,0,0,1,0,0,0,0
"780",0,780,"51-100",0,0,0,0,0,0,0,0,1,0
"781",0,781,"11-50",0,0,0,0,1,0,0,0,0,0
"782",0,782,"11-50",0,0,0,0,1,0,0,0,0,0
"783",0,783,"1-10",1,0,0,0,0,0,0,0,0,0
"784",0,784,"NA",0,0,0,0,0,0,0,0,0,1
"785",0,785,"11-50",0,0,0,0,1,0,0,0,0,0
"786",0,786,"1-10",1,0,0,0,0,0,0,0,0,0
"787",0,787,"1-10",1,0,0,0,0,0,0,0,0,0
"788",0,788,"51-100",0,0,0,0,0,0,0,0,1,0
"789",0,789,"1-10",1,0,0,0,0,0,0,0,0,0
"790",0,790,"11-50",0,0,0,0,1,0,0,0,0,0
"791",0,791,"1-10",1,0,0,0,0,0,0,0,0,0
"792",0,792,"11-50",0,0,0,0,1,0,0,0,0,0
"793",0,793,"1-10",1,0,0,0,0,0,0,0,0,0
"794",0,794,"1-10",1,0,0,0,0,0,0,0,0,0
"795",0,795,"251-500",0,0,0,0,0,1,0,0,0,0
"796",0,796,"11-50",0,0,0,0,1,0,0,0,0,0
"797",0,797,"11-50",0,0,0,0,1,0,0,0,0,0
"798",0,798,"51-100",0,0,0,0,0,0,0,0,1,0
"799",0,799,"1-10",1,0,0,0,0,0,0,0,0,0
"800",0,800,"11-50",0,0,0,0,1,0,0,0,0,0
"801",0,801,"NA",0,0,0,0,0,0,0,0,0,1
"802",0,802,"11-50",0,0,0,0,1,0,0,0,0,0
"803",0,803,"11-50",0,0,0,0,1,0,0,0,0,0
"804",0,804,"NA",0,0,0,0,0,0,0,0,0,1
"805",0,805,"11-50",0,0,0,0,1,0,0,0,0,0
"806",0,806,"11-50",0,0,0,0,1,0,0,0,0,0
"807",0,807,"5001-10000",0,0,0,0,0,0,1,0,0,0
"808",0,808,"11-50",0,0,0,0,1,0,0,0,0,0
"809",0,809,"11-50",0,0,0,0,1,0,0,0,0,0
"810",0,810,"1-10",1,0,0,0,0,0,0,0,0,0
"811",0,811,"11-50",0,0,0,0,1,0,0,0,0,0
"812",0,812,"11-50",0,0,0,0,1,0,0,0,0,0
"813",0,813,"501-1000",0,0,0,0,0,0,0,1,0,0
"814",0,814,"11-50",0,0,0,0,1,0,0,0,0,0
"815",0,815,"11-50",0,0,0,0,1,0,0,0,0,0
"816",0,816,"11-50",0,0,0,0,1,0,0,0,0,0
"817",0,817,"NA",0,0,0,0,0,0,0,0,0,1
"818",0,818,"101-250",0,0,0,1,0,0,0,0,0,0
"819",0,819,"501-1000",0,0,0,0,0,0,0,1,0,0
"820",0,820,"1-10",1,0,0,0,0,0,0,0,0,0
"821",0,821,"1-10",1,0,0,0,0,0,0,0,0,0
"822",0,822,"11-50",0,0,0,0,1,0,0,0,0,0
"823",0,823,"11-50",0,0,0,0,1,0,0,0,0,0
"824",0,824,"101-250",0,0,0,1,0,0,0,0,0,0
"825",0,825,"11-50",0,0,0,0,1,0,0,0,0,0
"826",0,826,"NA",0,0,0,0,0,0,0,0,0,1
"827",0,827,"11-50",0,0,0,0,1,0,0,0,0,0
"828",0,828,"11-50",0,0,0,0,1,0,0,0,0,0
"829",0,829,"11-50",0,0,0,0,1,0,0,0,0,0
"830",0,830,"51-100",0,0,0,0,0,0,0,0,1,0
"831",0,831,"11-50",0,0,0,0,1,0,0,0,0,0
"832",0,832,"251-500",0,0,0,0,0,1,0,0,0,0
"833",0,833,"NA",0,0,0,0,0,0,0,0,0,1
"834",0,834,"11-50",0,0,0,0,1,0,0,0,0,0
"835",0,835,"51-100",0,0,0,0,0,0,0,0,1,0
"836",0,836,"1-10",1,0,0,0,0,0,0,0,0,0
"837",0,837,"101-250",0,0,0,1,0,0,0,0,0,0
"838",0,838,"11-50",0,0,0,0,1,0,0,0,0,0
"839",0,839,"11-50",0,0,0,0,1,0,0,0,0,0
"840",0,840,"NA",0,0,0,0,0,0,0,0,0,1
"841",0,841,"11-50",0,0,0,0,1,0,0,0,0,0
"842",0,842,"1001-5000",0,0,1,0,0,0,0,0,0,0
"843",0,843,"11-50",0,0,0,0,1,0,0,0,0,0
"844",0,844,"11-50",0,0,0,0,1,0,0,0,0,0
"845",0,845,"51-100",0,0,0,0,0,0,0,0,1,0
"846",0,846,"NA",0,0,0,0,0,0,0,0,0,1
"847",0,847,"101-250",0,0,0,1,0,0,0,0,0,0
"848",0,848,"101-250",0,0,0,1,0,0,0,0,0,0
"849",0,849,"101-250",0,0,0,1,0,0,0,0,0,0
"850",0,850,"51-100",0,0,0,0,0,0,0,0,1,0
"851",0,851,"1-10",1,0,0,0,0,0,0,0,0,0
"852",0,852,"11-50",0,0,0,0,1,0,0,0,0,0
"853",0,853,"51-100",0,0,0,0,0,0,0,0,1,0
"854",0,854,"11-50",0,0,0,0,1,0,0,0,0,0
"855",0,855,"11-50",0,0,0,0,1,0,0,0,0,0
"856",0,856,"251-500",0,0,0,0,0,1,0,0,0,0
"857",0,857,"501-1000",0,0,0,0,0,0,0,1,0,0
"858",0,858,"101-250",0,0,0,1,0,0,0,0,0,0
"859",0,859,"11-50",0,0,0,0,1,0,0,0,0,0
"860",0,860,"51-100",0,0,0,0,0,0,0,0,1,0
"861",0,861,"NA",0,0,0,0,0,0,0,0,0,1
"862",0,862,"NA",0,0,0,0,0,0,0,0,0,1
"863",0,863,"NA",0,0,0,0,0,0,0,0,0,1
"864",0,864,"11-50",0,0,0,0,1,0,0,0,0,0
"865",0,865,"11-50",0,0,0,0,1,0,0,0,0,0
"866",0,866,"1-10",1,0,0,0,0,0,0,0,0,0
"867",0,867,"11-50",0,0,0,0,1,0,0,0,0,0
"868",0,868,"11-50",0,0,0,0,1,0,0,0,0,0
"869",0,869,"11-50",0,0,0,0,1,0,0,0,0,0
"870",0,870,"251-500",0,0,0,0,0,1,0,0,0,0
"871",0,871,"1-10",1,0,0,0,0,0,0,0,0,0
"872",0,872,"1-10",1,0,0,0,0,0,0,0,0,0
"873",0,873,"1-10",1,0,0,0,0,0,0,0,0,0
"874",0,874,"251-500",0,0,0,0,0,1,0,0,0,0
"875",0,875,"51-100",0,0,0,0,0,0,0,0,1,0
"876",0,876,"1-10",1,0,0,0,0,0,0,0,0,0
"877",0,877,"11-50",0,0,0,0,1,0,0,0,0,0
"878",0,878,"1-10",1,0,0,0,0,0,0,0,0,0
"879",0,879,"11-50",0,0,0,0,1,0,0,0,0,0
"880",0,880,"11-50",0,0,0,0,1,0,0,0,0,0
"881",0,881,"11-50",0,0,0,0,1,0,0,0,0,0
"882",0,882,"11-50",0,0,0,0,1,0,0,0,0,0
"883",0,883,"11-50",0,0,0,0,1,0,0,0,0,0
"884",0,884,"101-250",0,0,0,1,0,0,0,0,0,0
"885",0,885,"11-50",0,0,0,0,1,0,0,0,0,0
"886",0,886,"11-50",0,0,0,0,1,0,0,0,0,0
"887",0,887,"11-50",0,0,0,0,1,0,0,0,0,0
"888",0,888,"11-50",0,0,0,0,1,0,0,0,0,0
"889",0,889,"1-10",1,0,0,0,0,0,0,0,0,0
"890",0,890,"51-100",0,0,0,0,0,0,0,0,1,0
"891",0,891,"1-10",1,0,0,0,0,0,0,0,0,0
"892",0,892,"11-50",0,0,0,0,1,0,0,0,0,0
"893",0,893,"1-10",1,0,0,0,0,0,0,0,0,0
"894",0,894,"11-50",0,0,0,0,1,0,0,0,0,0
"895",0,895,"11-50",0,0,0,0,1,0,0,0,0,0
"896",0,896,"11-50",0,0,0,0,1,0,0,0,0,0
"897",0,897,"1-10",1,0,0,0,0,0,0,0,0,0
"898",0,898,"51-100",0,0,0,0,0,0,0,0,1,0
"899",0,899,"11-50",0,0,0,0,1,0,0,0,0,0
"900",0,900,"NA",0,0,0,0,0,0,0,0,0,1
"901",0,901,"101-250",0,0,0,1,0,0,0,0,0,0
"902",0,902,"51-100",0,0,0,0,0,0,0,0,1,0
"903",0,903,"1-10",1,0,0,0,0,0,0,0,0,0
"904",0,904,"101-250",0,0,0,1,0,0,0,0,0,0
"905",0,905,"11-50",0,0,0,0,1,0,0,0,0,0
"906",0,906,"251-500",0,0,0,0,0,1,0,0,0,0
"907",0,907,"101-250",0,0,0,1,0,0,0,0,0,0
"908",0,908,"1-10",1,0,0,0,0,0,0,0,0,0
"909",0,909,"11-50",0,0,0,0,1,0,0,0,0,0
"910",0,910,"1-10",1,0,0,0,0,0,0,0,0,0
"911",0,911,"1-10",1,0,0,0,0,0,0,0,0,0
"912",0,912,"1-10",1,0,0,0,0,0,0,0,0,0
"913",0,913,"11-50",0,0,0,0,1,0,0,0,0,0
"914",0,914,"11-50",0,0,0,0,1,0,0,0,0,0
"915",0,915,"11-50",0,0,0,0,1,0,0,0,0,0
"916",0,916,"51-100",0,0,0,0,0,0,0,0,1,0
"917",0,917,"NA",0,0,0,0,0,0,0,0,0,1
"918",0,918,"501-1000",0,0,0,0,0,0,0,1,0,0
"919",0,919,"51-100",0,0,0,0,0,0,0,0,1,0
"920",0,920,"11-50",0,0,0,0,1,0,0,0,0,0
"921",0,921,"11-50",0,0,0,0,1,0,0,0,0,0
"922",0,922,"11-50",0,0,0,0,1,0,0,0,0,0
"923",0,923,"11-50",0,0,0,0,1,0,0,0,0,0
"924",0,924,"251-500",0,0,0,0,0,1,0,0,0,0
"925",0,925,"NA",0,0,0,0,0,0,0,0,0,1
"926",0,926,"11-50",0,0,0,0,1,0,0,0,0,0
"927",0,927,"1-10",1,0,0,0,0,0,0,0,0,0
"928",0,928,"1-10",1,0,0,0,0,0,0,0,0,0
"929",0,929,"11-50",0,0,0,0,1,0,0,0,0,0
"930",0,930,"1-10",1,0,0,0,0,0,0,0,0,0
"931",0,931,"11-50",0,0,0,0,1,0,0,0,0,0
"932",0,932,"51-100",0,0,0,0,0,0,0,0,1,0
"933",0,933,"11-50",0,0,0,0,1,0,0,0,0,0
"934",0,934,"1-10",1,0,0,0,0,0,0,0,0,0
"935",0,935,"1-10",1,0,0,0,0,0,0,0,0,0
"936",0,936,"11-50",0,0,0,0,1,0,0,0,0,0
"937",0,937,"1-10",1,0,0,0,0,0,0,0,0,0
"938",0,938,"1001-5000",0,0,1,0,0,0,0,0,0,0
"939",0,939,"51-100",0,0,0,0,0,0,0,0,1,0
"940",0,940,"1-10",1,0,0,0,0,0,0,0,0,0
"941",0,941,"11-50",0,0,0,0,1,0,0,0,0,0
"942",0,942,"11-50",0,0,0,0,1,0,0,0,0,0
"943",0,943,"1-10",1,0,0,0,0,0,0,0,0,0
"944",0,944,"101-250",0,0,0,1,0,0,0,0,0,0
"945",0,945,"1-10",1,0,0,0,0,0,0,0,0,0
"946",0,946,"51-100",0,0,0,0,0,0,0,0,1,0
"947",0,947,"51-100",0,0,0,0,0,0,0,0,1,0
"948",0,948,"1-10",1,0,0,0,0,0,0,0,0,0
"949",0,949,"11-50",0,0,0,0,1,0,0,0,0,0
"950",0,950,"11-50",0,0,0,0,1,0,0,0,0,0
"951",0,951,"11-50",0,0,0,0,1,0,0,0,0,0
"952",0,952,"51-100",0,0,0,0,0,0,0,0,1,0
"953",0,953,"11-50",0,0,0,0,1,0,0,0,0,0
"954",0,954,"501-1000",0,0,0,0,0,0,0,1,0,0
"955",0,955,"10001+",0,1,0,0,0,0,0,0,0,0
"956",0,956,"11-50",0,0,0,0,1,0,0,0,0,0
"957",0,957,"11-50",0,0,0,0,1,0,0,0,0,0
"958",0,958,"11-50",0,0,0,0,1,0,0,0,0,0
"959",0,959,"NA",0,0,0,0,0,0,0,0,0,1
"960",0,960,"11-50",0,0,0,0,1,0,0,0,0,0
"961",0,961,"11-50",0,0,0,0,1,0,0,0,0,0
"962",0,962,"NA",0,0,0,0,0,0,0,0,0,1
"963",0,963,"51-100",0,0,0,0,0,0,0,0,1,0
"964",0,964,"501-1000",0,0,0,0,0,0,0,1,0,0
"965",0,965,"11-50",0,0,0,0,1,0,0,0,0,0
"966",0,966,"51-100",0,0,0,0,0,0,0,0,1,0
"967",0,967,"11-50",0,0,0,0,1,0,0,0,0,0
"968",0,968,"1-10",1,0,0,0,0,0,0,0,0,0
"969",0,969,"1-10",1,0,0,0,0,0,0,0,0,0
"970",0,970,"51-100",0,0,0,0,0,0,0,0,1,0
"971",0,971,"NA",0,0,0,0,0,0,0,0,0,1
"972",0,972,"11-50",0,0,0,0,1,0,0,0,0,0
"973",0,973,"NA",0,0,0,0,0,0,0,0,0,1
"974",0,974,"NA",0,0,0,0,0,0,0,0,0,1
"975",0,975,"NA",0,0,0,0,0,0,0,0,0,1
"976",0,976,"11-50",0,0,0,0,1,0,0,0,0,0
"977",0,977,"11-50",0,0,0,0,1,0,0,0,0,0
"978",0,978,"11-50",0,0,0,0,1,0,0,0,0,0
"979",0,979,"501-1000",0,0,0,0,0,0,0,1,0,0
"980",0,980,"1-10",1,0,0,0,0,0,0,0,0,0
"981",0,981,"11-50",0,0,0,0,1,0,0,0,0,0
"982",0,982,"1-10",1,0,0,0,0,0,0,0,0,0
"983",0,983,"1-10",1,0,0,0,0,0,0,0,0,0
"984",0,984,"51-100",0,0,0,0,0,0,0,0,1,0
"985",0,985,"51-100",0,0,0,0,0,0,0,0,1,0
"986",0,986,"11-50",0,0,0,0,1,0,0,0,0,0
"987",0,987,"1-10",1,0,0,0,0,0,0,0,0,0
"988",0,988,"11-50",0,0,0,0,1,0,0,0,0,0
"989",0,989,"11-50",0,0,0,0,1,0,0,0,0,0
"990",0,990,"NA",0,0,0,0,0,0,0,0,0,1
"991",0,991,"51-100",0,0,0,0,0,0,0,0,1,0
"992",0,992,"11-50",0,0,0,0,1,0,0,0,0,0
"993",0,993,"51-100",0,0,0,0,0,0,0,0,1,0
"994",0,994,"11-50",0,0,0,0,1,0,0,0,0,0
"995",0,995,"1-10",1,0,0,0,0,0,0,0,0,0
"996",0,996,"11-50",0,0,0,0,1,0,0,0,0,0
"997",0,997,"11-50",0,0,0,0,1,0,0,0,0,0
"998",0,998,"11-50",0,0,0,0,1,0,0,0,0,0
"999",0,999,"101-250",0,0,0,1,0,0,0,0,0,0
"1000",0,1000,"11-50",0,0,0,0,1,0,0,0,0,0
"1001",0,1001,"251-500",0,0,0,0,0,1,0,0,0,0
"1002",0,1002,"11-50",0,0,0,0,1,0,0,0,0,0
"1003",0,1003,"11-50",0,0,0,0,1,0,0,0,0,0
"1004",0,1004,"NA",0,0,0,0,0,0,0,0,0,1
"1005",0,1005,"1-10",1,0,0,0,0,0,0,0,0,0
"1006",0,1006,"51-100",0,0,0,0,0,0,0,0,1,0
"1007",0,1007,"11-50",0,0,0,0,1,0,0,0,0,0
"1008",0,1008,"11-50",0,0,0,0,1,0,0,0,0,0
"1009",0,1009,"51-100",0,0,0,0,0,0,0,0,1,0
"1010",0,1010,"1-10",1,0,0,0,0,0,0,0,0,0
"1011",0,1011,"NA",0,0,0,0,0,0,0,0,0,1
"1012",0,1012,"11-50",0,0,0,0,1,0,0,0,0,0
"1013",0,1013,"11-50",0,0,0,0,1,0,0,0,0,0
"1014",0,1014,"51-100",0,0,0,0,0,0,0,0,1,0
"1015",0,1015,"51-100",0,0,0,0,0,0,0,0,1,0
"1016",0,1016,"NA",0,0,0,0,0,0,0,0,0,1
"1017",0,1017,"1-10",1,0,0,0,0,0,0,0,0,0
"1018",0,1018,"NA",0,0,0,0,0,0,0,0,0,1
"1019",0,1019,"51-100",0,0,0,0,0,0,0,0,1,0
"1020",0,1020,"NA",0,0,0,0,0,0,0,0,0,1
"1021",0,1021,"11-50",0,0,0,0,1,0,0,0,0,0
"1022",0,1022,"11-50",0,0,0,0,1,0,0,0,0,0
"1023",0,1023,"11-50",0,0,0,0,1,0,0,0,0,0
"1024",0,1024,"11-50",0,0,0,0,1,0,0,0,0,0
"1025",0,1025,"11-50",0,0,0,0,1,0,0,0,0,0
"1026",0,1026,"11-50",0,0,0,0,1,0,0,0,0,0
"1027",0,1027,"11-50",0,0,0,0,1,0,0,0,0,0
"1028",0,1028,"11-50",0,0,0,0,1,0,0,0,0,0
"1029",0,1029,"11-50",0,0,0,0,1,0,0,0,0,0
"1030",0,1030,"51-100",0,0,0,0,0,0,0,0,1,0
"1031",0,1031,"1-10",1,0,0,0,0,0,0,0,0,0
"1032",0,1032,"11-50",0,0,0,0,1,0,0,0,0,0
"1033",0,1033,"1-10",1,0,0,0,0,0,0,0,0,0
"1034",0,1034,"1-10",1,0,0,0,0,0,0,0,0,0
"1035",0,1035,"11-50",0,0,0,0,1,0,0,0,0,0
"1036",0,1036,"1-10",1,0,0,0,0,0,0,0,0,0
"1037",0,1037,"11-50",0,0,0,0,1,0,0,0,0,0
"1038",0,1038,"1-10",1,0,0,0,0,0,0,0,0,0
"1039",0,1039,"251-500",0,0,0,0,0,1,0,0,0,0
"1040",0,1040,"1-10",1,0,0,0,0,0,0,0,0,0
"1041",0,1041,"1-10",1,0,0,0,0,0,0,0,0,0
"1042",0,1042,"11-50",0,0,0,0,1,0,0,0,0,0
"1043",0,1043,"11-50",0,0,0,0,1,0,0,0,0,0
"1044",0,1044,"11-50",0,0,0,0,1,0,0,0,0,0
"1045",0,1045,"51-100",0,0,0,0,0,0,0,0,1,0
"1046",0,1046,"51-100",0,0,0,0,0,0,0,0,1,0
"1047",0,1047,"11-50",0,0,0,0,1,0,0,0,0,0
"1048",0,1048,"NA",0,0,0,0,0,0,0,0,0,1
"1049",0,1049,"11-50",0,0,0,0,1,0,0,0,0,0
"1050",0,1050,"1-10",1,0,0,0,0,0,0,0,0,0
"1051",0,1051,"1-10",1,0,0,0,0,0,0,0,0,0
"1052",0,1052,"11-50",0,0,0,0,1,0,0,0,0,0
"1053",0,1053,"11-50",0,0,0,0,1,0,0,0,0,0
"1054",0,1054,"11-50",0,0,0,0,1,0,0,0,0,0
"1055",0,1055,"1-10",1,0,0,0,0,0,0,0,0,0
"1056",0,1056,"10001+",0,1,0,0,0,0,0,0,0,0
"1057",0,1057,"51-100",0,0,0,0,0,0,0,0,1,0
"1058",0,1058,"11-50",0,0,0,0,1,0,0,0,0,0
"1059",0,1059,"11-50",0,0,0,0,1,0,0,0,0,0
"1060",0,1060,"1-10",1,0,0,0,0,0,0,0,0,0
"1061",0,1061,"11-50",0,0,0,0,1,0,0,0,0,0
"1062",0,1062,"1-10",1,0,0,0,0,0,0,0,0,0
"1063",0,1063,"1-10",1,0,0,0,0,0,0,0,0,0
"1064",0,1064,"11-50",0,0,0,0,1,0,0,0,0,0
"1065",0,1065,"11-50",0,0,0,0,1,0,0,0,0,0
"1066",0,1066,"11-50",0,0,0,0,1,0,0,0,0,0
"1067",0,1067,"51-100",0,0,0,0,0,0,0,0,1,0
"1068",0,1068,"11-50",0,0,0,0,1,0,0,0,0,0
"1069",0,1069,"51-100",0,0,0,0,0,0,0,0,1,0
"1070",0,1070,"51-100",0,0,0,0,0,0,0,0,1,0
"1071",0,1071,"11-50",0,0,0,0,1,0,0,0,0,0
"1072",0,1072,"NA",0,0,0,0,0,0,0,0,0,1
"1073",0,1073,"11-50",0,0,0,0,1,0,0,0,0,0
"1074",0,1074,"11-50",0,0,0,0,1,0,0,0,0,0
"1075",0,1075,"11-50",0,0,0,0,1,0,0,0,0,0
"1076",0,1076,"NA",0,0,0,0,0,0,0,0,0,1
"1077",0,1077,"NA",0,0,0,0,0,0,0,0,0,1
"1078",0,1078,"1-10",1,0,0,0,0,0,0,0,0,0
"1079",0,1079,"11-50",0,0,0,0,1,0,0,0,0,0
"1080",0,1080,"11-50",0,0,0,0,1,0,0,0,0,0
"1081",0,1081,"NA",0,0,0,0,0,0,0,0,0,1
"1082",0,1082,"101-250",0,0,0,1,0,0,0,0,0,0
"1083",0,1083,"11-50",0,0,0,0,1,0,0,0,0,0
"1084",0,1084,"1-10",1,0,0,0,0,0,0,0,0,0
"1085",0,1085,"51-100",0,0,0,0,0,0,0,0,1,0
"1086",0,1086,"11-50",0,0,0,0,1,0,0,0,0,0
"1087",0,1087,"101-250",0,0,0,1,0,0,0,0,0,0
"1088",0,1088,"1001-5000",0,0,1,0,0,0,0,0,0,0
"1089",0,1089,"11-50",0,0,0,0,1,0,0,0,0,0
"1090",0,1090,"1-10",1,0,0,0,0,0,0,0,0,0
"1091",0,1091,"101-250",0,0,0,1,0,0,0,0,0,0
"1092",0,1092,"51-100",0,0,0,0,0,0,0,0,1,0
"1093",0,1093,"11-50",0,0,0,0,1,0,0,0,0,0
"1094",0,1094,"1-10",1,0,0,0,0,0,0,0,0,0
"1095",0,1095,"11-50",0,0,0,0,1,0,0,0,0,0
"1096",0,1096,"11-50",0,0,0,0,1,0,0,0,0,0
"1097",0,1097,"1-10",1,0,0,0,0,0,0,0,0,0
"1098",0,1098,"NA",0,0,0,0,0,0,0,0,0,1
"1099",0,1099,"1-10",1,0,0,0,0,0,0,0,0,0
"1100",0,1100,"51-100",0,0,0,0,0,0,0,0,1,0
"1101",0,1101,"11-50",0,0,0,0,1,0,0,0,0,0
"1102",0,1102,"11-50",0,0,0,0,1,0,0,0,0,0
"1103",0,1103,"11-50",0,0,0,0,1,0,0,0,0,0
"1104",0,1104,"51-100",0,0,0,0,0,0,0,0,1,0
"1105",0,1105,"11-50",0,0,0,0,1,0,0,0,0,0
"1106",0,1106,"11-50",0,0,0,0,1,0,0,0,0,0
"1107",0,1107,"NA",0,0,0,0,0,0,0,0,0,1
"1108",0,1108,"51-100",0,0,0,0,0,0,0,0,1,0
"1109",0,1109,"1-10",1,0,0,0,0,0,0,0,0,0
"1110",0,1110,"11-50",0,0,0,0,1,0,0,0,0,0
"1111",0,1111,"51-100",0,0,0,0,0,0,0,0,1,0
"1112",0,1112,"11-50",0,0,0,0,1,0,0,0,0,0
"1113",0,1113,"1-10",1,0,0,0,0,0,0,0,0,0
"1114",0,1114,"1-10",1,0,0,0,0,0,0,0,0,0
"1115",0,1115,"1-10",1,0,0,0,0,0,0,0,0,0
"1116",0,1116,"11-50",0,0,0,0,1,0,0,0,0,0
"1117",0,1117,"NA",0,0,0,0,0,0,0,0,0,1
"1118",0,1118,"1-10",1,0,0,0,0,0,0,0,0,0
"1119",0,1119,"NA",0,0,0,0,0,0,0,0,0,1
"1120",0,1120,"501-1000",0,0,0,0,0,0,0,1,0,0
"1121",0,1121,"11-50",0,0,0,0,1,0,0,0,0,0
"1122",0,1122,"11-50",0,0,0,0,1,0,0,0,0,0
"1123",0,1123,"11-50",0,0,0,0,1,0,0,0,0,0
"1124",0,1124,"51-100",0,0,0,0,0,0,0,0,1,0
"1125",0,1125,"11-50",0,0,0,0,1,0,0,0,0,0
"1126",0,1126,"NA",0,0,0,0,0,0,0,0,0,1
"1127",0,1127,"1-10",1,0,0,0,0,0,0,0,0,0
"1128",0,1128,"11-50",0,0,0,0,1,0,0,0,0,0
"1129",0,1129,"51-100",0,0,0,0,0,0,0,0,1,0
"1130",0,1130,"11-50",0,0,0,0,1,0,0,0,0,0
"1131",0,1131,"1-10",1,0,0,0,0,0,0,0,0,0
"1132",0,1132,"11-50",0,0,0,0,1,0,0,0,0,0
"1133",0,1133,"11-50",0,0,0,0,1,0,0,0,0,0
"1134",0,1134,"1-10",1,0,0,0,0,0,0,0,0,0
"1135",0,1135,"1-10",1,0,0,0,0,0,0,0,0,0
"1136",0,1136,"11-50",0,0,0,0,1,0,0,0,0,0
"1137",0,1137,"251-500",0,0,0,0,0,1,0,0,0,0
"1138",0,1138,"101-250",0,0,0,1,0,0,0,0,0,0
"1139",0,1139,"11-50",0,0,0,0,1,0,0,0,0,0
"1140",0,1140,"1-10",1,0,0,0,0,0,0,0,0,0
"1141",0,1141,"1-10",1,0,0,0,0,0,0,0,0,0
"1142",0,1142,"NA",0,0,0,0,0,0,0,0,0,1
"1143",0,1143,"1-10",1,0,0,0,0,0,0,0,0,0
"1144",0,1144,"11-50",0,0,0,0,1,0,0,0,0,0
"1145",0,1145,"101-250",0,0,0,1,0,0,0,0,0,0
"1146",0,1146,"1-10",1,0,0,0,0,0,0,0,0,0
"1147",0,1147,"5001-10000",0,0,0,0,0,0,1,0,0,0
"1148",0,1148,"11-50",0,0,0,0,1,0,0,0,0,0
"1149",0,1149,"1-10",1,0,0,0,0,0,0,0,0,0
"1150",0,1150,"NA",0,0,0,0,0,0,0,0,0,1
"1151",0,1151,"11-50",0,0,0,0,1,0,0,0,0,0
"1152",0,1152,"11-50",0,0,0,0,1,0,0,0,0,0
"1153",0,1153,"11-50",0,0,0,0,1,0,0,0,0,0
"1154",0,1154,"1-10",1,0,0,0,0,0,0,0,0,0
"1155",0,1155,"1-10",1,0,0,0,0,0,0,0,0,0
"1156",0,1156,"11-50",0,0,0,0,1,0,0,0,0,0
"1157",0,1157,"11-50",0,0,0,0,1,0,0,0,0,0
"1158",0,1158,"NA",0,0,0,0,0,0,0,0,0,1
"1159",0,1159,"11-50",0,0,0,0,1,0,0,0,0,0
"1160",0,1160,"1-10",1,0,0,0,0,0,0,0,0,0
"1161",0,1161,"1-10",1,0,0,0,0,0,0,0,0,0
"1162",0,1162,"101-250",0,0,0,1,0,0,0,0,0,0
"1163",0,1163,"101-250",0,0,0,1,0,0,0,0,0,0
"1164",0,1164,"1-10",1,0,0,0,0,0,0,0,0,0
"1165",0,1165,"1001-5000",0,0,1,0,0,0,0,0,0,0
"1166",0,1166,"251-500",0,0,0,0,0,1,0,0,0,0
"1167",0,1167,"101-250",0,0,0,1,0,0,0,0,0,0
"1168",0,1168,"1-10",1,0,0,0,0,0,0,0,0,0
"1169",0,1169,"NA",0,0,0,0,0,0,0,0,0,1
"1170",0,1170,"101-250",0,0,0,1,0,0,0,0,0,0
"1171",0,1171,"11-50",0,0,0,0,1,0,0,0,0,0
"1172",0,1172,"1-10",1,0,0,0,0,0,0,0,0,0
"1173",0,1173,"11-50",0,0,0,0,1,0,0,0,0,0
"1174",0,1174,"1-10",1,0,0,0,0,0,0,0,0,0
"1175",0,1175,"1-10",1,0,0,0,0,0,0,0,0,0
"1176",0,1176,"1-10",1,0,0,0,0,0,0,0,0,0
"1177",0,1177,"1-10",1,0,0,0,0,0,0,0,0,0
"1178",0,1178,"11-50",0,0,0,0,1,0,0,0,0,0
"1179",0,1179,"1-10",1,0,0,0,0,0,0,0,0,0
"1180",0,1180,"1-10",1,0,0,0,0,0,0,0,0,0
"1181",0,1181,"11-50",0,0,0,0,1,0,0,0,0,0
"1182",0,1182,"1-10",1,0,0,0,0,0,0,0,0,0
"1183",0,1183,"11-50",0,0,0,0,1,0,0,0,0,0
"1184",0,1184,"101-250",0,0,0,1,0,0,0,0,0,0
"1185",0,1185,"11-50",0,0,0,0,1,0,0,0,0,0
"1186",0,1186,"11-50",0,0,0,0,1,0,0,0,0,0
"1187",0,1187,"11-50",0,0,0,0,1,0,0,0,0,0
"1188",0,1188,"1-10",1,0,0,0,0,0,0,0,0,0
"1189",0,1189,"11-50",0,0,0,0,1,0,0,0,0,0
"1190",0,1190,"101-250",0,0,0,1,0,0,0,0,0,0
"1191",0,1191,"51-100",0,0,0,0,0,0,0,0,1,0
"1192",0,1192,"1-10",1,0,0,0,0,0,0,0,0,0
"1193",0,1193,"11-50",0,0,0,0,1,0,0,0,0,0
"1194",0,1194,"11-50",0,0,0,0,1,0,0,0,0,0
"1195",0,1195,"10001+",0,1,0,0,0,0,0,0,0,0
"1196",0,1196,"1-10",1,0,0,0,0,0,0,0,0,0
"1197",0,1197,"1-10",1,0,0,0,0,0,0,0,0,0
"1198",0,1198,"11-50",0,0,0,0,1,0,0,0,0,0
"1199",0,1199,"11-50",0,0,0,0,1,0,0,0,0,0
"1200",0,1200,"1-10",1,0,0,0,0,0,0,0,0,0
"1201",0,1201,"11-50",0,0,0,0,1,0,0,0,0,0
"1202",0,1202,"51-100",0,0,0,0,0,0,0,0,1,0
"1203",0,1203,"1-10",1,0,0,0,0,0,0,0,0,0
"1204",0,1204,"501-1000",0,0,0,0,0,0,0,1,0,0
"1205",0,1205,"11-50",0,0,0,0,1,0,0,0,0,0
"1206",0,1206,"1-10",1,0,0,0,0,0,0,0,0,0
"1207",0,1207,"11-50",0,0,0,0,1,0,0,0,0,0
"1208",0,1208,"NA",0,0,0,0,0,0,0,0,0,1
"1209",0,1209,"1-10",1,0,0,0,0,0,0,0,0,0
"1210",0,1210,"NA",0,0,0,0,0,0,0,0,0,1
"1211",0,1211,"11-50",0,0,0,0,1,0,0,0,0,0
"1212",0,1212,"1-10",1,0,0,0,0,0,0,0,0,0
"1213",0,1213,"11-50",0,0,0,0,1,0,0,0,0,0
"1214",0,1214,"11-50",0,0,0,0,1,0,0,0,0,0
"1215",0,1215,"51-100",0,0,0,0,0,0,0,0,1,0
"1216",0,1216,"10001+",0,1,0,0,0,0,0,0,0,0
"1217",0,1217,"11-50",0,0,0,0,1,0,0,0,0,0
"1218",0,1218,"11-50",0,0,0,0,1,0,0,0,0,0
"1219",0,1219,"1-10",1,0,0,0,0,0,0,0,0,0
"1220",0,1220,"51-100",0,0,0,0,0,0,0,0,1,0
"1221",0,1221,"1-10",1,0,0,0,0,0,0,0,0,0
"1222",0,1222,"251-500",0,0,0,0,0,1,0,0,0,0
"1223",0,1223,"1-10",1,0,0,0,0,0,0,0,0,0
"1224",0,1224,"1-10",1,0,0,0,0,0,0,0,0,0
"1225",0,1225,"51-100",0,0,0,0,0,0,0,0,1,0
"1226",0,1226,"11-50",0,0,0,0,1,0,0,0,0,0
"1227",0,1227,"NA",0,0,0,0,0,0,0,0,0,1
"1228",0,1228,"11-50",0,0,0,0,1,0,0,0,0,0
"1229",0,1229,"1-10",1,0,0,0,0,0,0,0,0,0
"1230",0,1230,"1-10",1,0,0,0,0,0,0,0,0,0
"1231",0,1231,"51-100",0,0,0,0,0,0,0,0,1,0
"1232",0,1232,"1-10",1,0,0,0,0,0,0,0,0,0
"1233",0,1233,"1-10",1,0,0,0,0,0,0,0,0,0
"1234",0,1234,"5001-10000",0,0,0,0,0,0,1,0,0,0
"1235",0,1235,"51-100",0,0,0,0,0,0,0,0,1,0
"1236",0,1236,"11-50",0,0,0,0,1,0,0,0,0,0
"1237",0,1237,"51-100",0,0,0,0,0,0,0,0,1,0
"1238",0,1238,"101-250",0,0,0,1,0,0,0,0,0,0
"1239",0,1239,"51-100",0,0,0,0,0,0,0,0,1,0
"1240",0,1240,"1-10",1,0,0,0,0,0,0,0,0,0
"1241",0,1241,"11-50",0,0,0,0,1,0,0,0,0,0
"1242",0,1242,"1-10",1,0,0,0,0,0,0,0,0,0
"1243",0,1243,"11-50",0,0,0,0,1,0,0,0,0,0
"1244",0,1244,"51-100",0,0,0,0,0,0,0,0,1,0
"1245",0,1245,"11-50",0,0,0,0,1,0,0,0,0,0
"1246",0,1246,"11-50",0,0,0,0,1,0,0,0,0,0
"1247",0,1247,"11-50",0,0,0,0,1,0,0,0,0,0
"1248",0,1248,"51-100",0,0,0,0,0,0,0,0,1,0
"1249",0,1249,"NA",0,0,0,0,0,0,0,0,0,1
"1250",0,1250,"51-100",0,0,0,0,0,0,0,0,1,0
"1251",0,1251,"11-50",0,0,0,0,1,0,0,0,0,0
"1252",0,1252,"1-10",1,0,0,0,0,0,0,0,0,0
"1253",0,1253,"1-10",1,0,0,0,0,0,0,0,0,0
"1254",0,1254,"51-100",0,0,0,0,0,0,0,0,1,0
"1255",0,1255,"11-50",0,0,0,0,1,0,0,0,0,0
"1256",0,1256,"11-50",0,0,0,0,1,0,0,0,0,0
"1257",0,1257,"11-50",0,0,0,0,1,0,0,0,0,0
"1258",0,1258,"11-50",0,0,0,0,1,0,0,0,0,0
"1259",0,1259,"1001-5000",0,0,1,0,0,0,0,0,0,0
"1260",0,1260,"11-50",0,0,0,0,1,0,0,0,0,0
"1261",0,1261,"11-50",0,0,0,0,1,0,0,0,0,0
"1262",0,1262,"11-50",0,0,0,0,1,0,0,0,0,0
"1263",0,1263,"5001-10000",0,0,0,0,0,0,1,0,0,0
"1264",0,1264,"251-500",0,0,0,0,0,1,0,0,0,0
"1265",0,1265,"11-50",0,0,0,0,1,0,0,0,0,0
"1266",0,1266,"11-50",0,0,0,0,1,0,0,0,0,0
"1267",0,1267,"101-250",0,0,0,1,0,0,0,0,0,0
"1268",0,1268,"NA",0,0,0,0,0,0,0,0,0,1
"1269",0,1269,"11-50",0,0,0,0,1,0,0,0,0,0
"1270",0,1270,"11-50",0,0,0,0,1,0,0,0,0,0
"1271",0,1271,"1-10",1,0,0,0,0,0,0,0,0,0
"1272",0,1272,"11-50",0,0,0,0,1,0,0,0,0,0
"1273",0,1273,"1-10",1,0,0,0,0,0,0,0,0,0
"1274",0,1274,"1-10",1,0,0,0,0,0,0,0,0,0
"1275",0,1275,"11-50",0,0,0,0,1,0,0,0,0,0
"1276",0,1276,"51-100",0,0,0,0,0,0,0,0,1,0
"1277",0,1277,"1-10",1,0,0,0,0,0,0,0,0,0
"1278",0,1278,"11-50",0,0,0,0,1,0,0,0,0,0
"1279",0,1279,"11-50",0,0,0,0,1,0,0,0,0,0
"1280",0,1280,"11-50",0,0,0,0,1,0,0,0,0,0
"1281",0,1281,"51-100",0,0,0,0,0,0,0,0,1,0
"1282",0,1282,"1-10",1,0,0,0,0,0,0,0,0,0
"1283",0,1283,"11-50",0,0,0,0,1,0,0,0,0,0
"1284",0,1284,"11-50",0,0,0,0,1,0,0,0,0,0
"1285",0,1285,"1-10",1,0,0,0,0,0,0,0,0,0
"1286",0,1286,"1-10",1,0,0,0,0,0,0,0,0,0
"1287",0,1287,"11-50",0,0,0,0,1,0,0,0,0,0
"1288",0,1288,"51-100",0,0,0,0,0,0,0,0,1,0
"1289",0,1289,"NA",0,0,0,0,0,0,0,0,0,1
"1290",0,1290,"11-50",0,0,0,0,1,0,0,0,0,0
"1291",0,1291,"251-500",0,0,0,0,0,1,0,0,0,0
"1292",0,1292,"1-10",1,0,0,0,0,0,0,0,0,0
"1293",0,1293,"11-50",0,0,0,0,1,0,0,0,0,0
"1294",0,1294,"1-10",1,0,0,0,0,0,0,0,0,0
"1295",0,1295,"101-250",0,0,0,1,0,0,0,0,0,0
"1296",0,1296,"NA",0,0,0,0,0,0,0,0,0,1
"1297",0,1297,"11-50",0,0,0,0,1,0,0,0,0,0
"1298",0,1298,"11-50",0,0,0,0,1,0,0,0,0,0
"1299",0,1299,"1-10",1,0,0,0,0,0,0,0,0,0
"1300",0,1300,"11-50",0,0,0,0,1,0,0,0,0,0
"1301",0,1301,"1-10",1,0,0,0,0,0,0,0,0,0
"1302",0,1302,"11-50",0,0,0,0,1,0,0,0,0,0
"1303",0,1303,"11-50",0,0,0,0,1,0,0,0,0,0
"1304",0,1304,"NA",0,0,0,0,0,0,0,0,0,1
"1305",0,1305,"11-50",0,0,0,0,1,0,0,0,0,0
"1306",0,1306,"251-500",0,0,0,0,0,1,0,0,0,0
"1307",0,1307,"51-100",0,0,0,0,0,0,0,0,1,0
"1308",0,1308,"11-50",0,0,0,0,1,0,0,0,0,0
"1309",0,1309,"1-10",1,0,0,0,0,0,0,0,0,0
"1310",0,1310,"1-10",1,0,0,0,0,0,0,0,0,0
"1311",0,1311,"1-10",1,0,0,0,0,0,0,0,0,0
"1312",0,1312,"11-50",0,0,0,0,1,0,0,0,0,0
"1313",0,1313,"11-50",0,0,0,0,1,0,0,0,0,0
"1314",0,1314,"11-50",0,0,0,0,1,0,0,0,0,0
"1315",0,1315,"1-10",1,0,0,0,0,0,0,0,0,0
"1316",0,1316,"11-50",0,0,0,0,1,0,0,0,0,0
"1317",0,1317,"NA",0,0,0,0,0,0,0,0,0,1
"1318",0,1318,"51-100",0,0,0,0,0,0,0,0,1,0
"1319",0,1319,"NA",0,0,0,0,0,0,0,0,0,1
"1320",0,1320,"101-250",0,0,0,1,0,0,0,0,0,0
"1321",0,1321,"11-50",0,0,0,0,1,0,0,0,0,0
"1322",0,1322,"1-10",1,0,0,0,0,0,0,0,0,0
"1323",0,1323,"1-10",1,0,0,0,0,0,0,0,0,0
"1324",0,1324,"501-1000",0,0,0,0,0,0,0,1,0,0
"1325",0,1325,"1-10",1,0,0,0,0,0,0,0,0,0
"1326",0,1326,"11-50",0,0,0,0,1,0,0,0,0,0
"1327",0,1327,"1-10",1,0,0,0,0,0,0,0,0,0
"1328",0,1328,"11-50",0,0,0,0,1,0,0,0,0,0
"1329",0,1329,"101-250",0,0,0,1,0,0,0,0,0,0
"1330",0,1330,"11-50",0,0,0,0,1,0,0,0,0,0
"1331",0,1331,"501-1000",0,0,0,0,0,0,0,1,0,0
"1332",0,1332,"11-50",0,0,0,0,1,0,0,0,0,0
"1333",0,1333,"1-10",1,0,0,0,0,0,0,0,0,0
"1334",0,1334,"51-100",0,0,0,0,0,0,0,0,1,0
"1335",0,1335,"1-10",1,0,0,0,0,0,0,0,0,0
"1336",0,1336,"51-100",0,0,0,0,0,0,0,0,1,0
"1337",0,1337,"11-50",0,0,0,0,1,0,0,0,0,0
"1338",0,1338,"1-10",1,0,0,0,0,0,0,0,0,0
"1339",0,1339,"NA",0,0,0,0,0,0,0,0,0,1
"1340",0,1340,"101-250",0,0,0,1,0,0,0,0,0,0
"1341",0,1341,"11-50",0,0,0,0,1,0,0,0,0,0
"1342",0,1342,"11-50",0,0,0,0,1,0,0,0,0,0
"1343",0,1343,"11-50",0,0,0,0,1,0,0,0,0,0
"1344",0,1344,"11-50",0,0,0,0,1,0,0,0,0,0
"1345",0,1345,"NA",0,0,0,0,0,0,0,0,0,1
"1346",0,1346,"1-10",1,0,0,0,0,0,0,0,0,0
"1347",0,1347,"11-50",0,0,0,0,1,0,0,0,0,0
"1348",0,1348,"1-10",1,0,0,0,0,0,0,0,0,0
"1349",0,1349,"1-10",1,0,0,0,0,0,0,0,0,0
"1350",0,1350,"11-50",0,0,0,0,1,0,0,0,0,0
"1351",0,1351,"11-50",0,0,0,0,1,0,0,0,0,0
"1352",0,1352,"NA",0,0,0,0,0,0,0,0,0,1
"1353",0,1353,"1-10",1,0,0,0,0,0,0,0,0,0
"1354",0,1354,"NA",0,0,0,0,0,0,0,0,0,1
"1355",0,1355,"11-50",0,0,0,0,1,0,0,0,0,0
"1356",0,1356,"251-500",0,0,0,0,0,1,0,0,0,0
"1357",0,1357,"NA",0,0,0,0,0,0,0,0,0,1
"1358",0,1358,"51-100",0,0,0,0,0,0,0,0,1,0
"1359",0,1359,"1-10",1,0,0,0,0,0,0,0,0,0
"1360",0,1360,"11-50",0,0,0,0,1,0,0,0,0,0
"1361",0,1361,"1-10",1,0,0,0,0,0,0,0,0,0
"1362",0,1362,"11-50",0,0,0,0,1,0,0,0,0,0
"1363",0,1363,"501-1000",0,0,0,0,0,0,0,1,0,0
"1364",0,1364,"11-50",0,0,0,0,1,0,0,0,0,0
"1365",0,1365,"11-50",0,0,0,0,1,0,0,0,0,0
"1366",0,1366,"NA",0,0,0,0,0,0,0,0,0,1
"1367",0,1367,"1-10",1,0,0,0,0,0,0,0,0,0
"1368",0,1368,"51-100",0,0,0,0,0,0,0,0,1,0
"1369",0,1369,"1-10",1,0,0,0,0,0,0,0,0,0
"1370",0,1370,"NA",0,0,0,0,0,0,0,0,0,1
"1371",0,1371,"NA",0,0,0,0,0,0,0,0,0,1
"1372",0,1372,"NA",0,0,0,0,0,0,0,0,0,1
"1373",0,1373,"101-250",0,0,0,1,0,0,0,0,0,0
"1374",0,1374,"NA",0,0,0,0,0,0,0,0,0,1
"1375",0,1375,"NA",0,0,0,0,0,0,0,0,0,1
"1376",0,1376,"11-50",0,0,0,0,1,0,0,0,0,0
"1377",0,1377,"11-50",0,0,0,0,1,0,0,0,0,0
"1378",0,1378,"11-50",0,0,0,0,1,0,0,0,0,0
"1379",0,1379,"11-50",0,0,0,0,1,0,0,0,0,0
"1380",0,1380,"11-50",0,0,0,0,1,0,0,0,0,0
"1381",0,1381,"11-50",0,0,0,0,1,0,0,0,0,0
"1382",0,1382,"11-50",0,0,0,0,1,0,0,0,0,0
"1383",0,1383,"101-250",0,0,0,1,0,0,0,0,0,0
"1384",0,1384,"51-100",0,0,0,0,0,0,0,0,1,0
"1385",0,1385,"NA",0,0,0,0,0,0,0,0,0,1
"1386",0,1386,"101-250",0,0,0,1,0,0,0,0,0,0
"1387",0,1387,"NA",0,0,0,0,0,0,0,0,0,1
"1388",0,1388,"11-50",0,0,0,0,1,0,0,0,0,0
"1389",0,1389,"1-10",1,0,0,0,0,0,0,0,0,0
"1390",0,1390,"11-50",0,0,0,0,1,0,0,0,0,0
"1391",0,1391,"11-50",0,0,0,0,1,0,0,0,0,0
"1392",0,1392,"1-10",1,0,0,0,0,0,0,0,0,0
"1393",0,1393,"NA",0,0,0,0,0,0,0,0,0,1
"1394",0,1394,"11-50",0,0,0,0,1,0,0,0,0,0
"1395",0,1395,"1-10",1,0,0,0,0,0,0,0,0,0
"1396",0,1396,"11-50",0,0,0,0,1,0,0,0,0,0
"1397",0,1397,"251-500",0,0,0,0,0,1,0,0,0,0
"1398",0,1398,"501-1000",0,0,0,0,0,0,0,1,0,0
"1399",0,1399,"1-10",1,0,0,0,0,0,0,0,0,0
"1400",0,1400,"11-50",0,0,0,0,1,0,0,0,0,0
"1401",0,1401,"1-10",1,0,0,0,0,0,0,0,0,0
"1402",0,1402,"11-50",0,0,0,0,1,0,0,0,0,0
"1403",0,1403,"11-50",0,0,0,0,1,0,0,0,0,0
"1404",0,1404,"11-50",0,0,0,0,1,0,0,0,0,0
"1405",0,1405,"11-50",0,0,0,0,1,0,0,0,0,0
"1406",0,1406,"5001-10000",0,0,0,0,0,0,1,0,0,0
"1407",0,1407,"1-10",1,0,0,0,0,0,0,0,0,0
"1408",0,1408,"1-10",1,0,0,0,0,0,0,0,0,0
"1409",0,1409,"1-10",1,0,0,0,0,0,0,0,0,0
"1410",0,1410,"1-10",1,0,0,0,0,0,0,0,0,0
"1411",0,1411,"1-10",1,0,0,0,0,0,0,0,0,0
"1412",0,1412,"NA",0,0,0,0,0,0,0,0,0,1
"1413",0,1413,"1-10",1,0,0,0,0,0,0,0,0,0
"1414",0,1414,"1-10",1,0,0,0,0,0,0,0,0,0
"1415",0,1415,"251-500",0,0,0,0,0,1,0,0,0,0
"1416",0,1416,"51-100",0,0,0,0,0,0,0,0,1,0
"1417",0,1417,"11-50",0,0,0,0,1,0,0,0,0,0
"1418",0,1418,"1001-5000",0,0,1,0,0,0,0,0,0,0
"1419",0,1419,"1-10",1,0,0,0,0,0,0,0,0,0
"1420",0,1420,"11-50",0,0,0,0,1,0,0,0,0,0
"1421",0,1421,"1-10",1,0,0,0,0,0,0,0,0,0
"1422",0,1422,"11-50",0,0,0,0,1,0,0,0,0,0
"1423",0,1423,"11-50",0,0,0,0,1,0,0,0,0,0
"1424",0,1424,"501-1000",0,0,0,0,0,0,0,1,0,0
"1425",0,1425,"1-10",1,0,0,0,0,0,0,0,0,0
"1426",0,1426,"NA",0,0,0,0,0,0,0,0,0,1
"1427",0,1427,"1001-5000",0,0,1,0,0,0,0,0,0,0
"1428",0,1428,"1-10",1,0,0,0,0,0,0,0,0,0
"1429",0,1429,"11-50",0,0,0,0,1,0,0,0,0,0
"1430",0,1430,"101-250",0,0,0,1,0,0,0,0,0,0
"1431",0,1431,"51-100",0,0,0,0,0,0,0,0,1,0
"1432",0,1432,"11-50",0,0,0,0,1,0,0,0,0,0
"1433",0,1433,"11-50",0,0,0,0,1,0,0,0,0,0
"1434",0,1434,"11-50",0,0,0,0,1,0,0,0,0,0
"1435",0,1435,"11-50",0,0,0,0,1,0,0,0,0,0
"1436",0,1436,"1-10",1,0,0,0,0,0,0,0,0,0
"1437",0,1437,"1-10",1,0,0,0,0,0,0,0,0,0
"1438",0,1438,"1-10",1,0,0,0,0,0,0,0,0,0
"1439",0,1439,"10001+",0,1,0,0,0,0,0,0,0,0
"1440",0,1440,"11-50",0,0,0,0,1,0,0,0,0,0
"1441",0,1441,"NA",0,0,0,0,0,0,0,0,0,1
"1442",0,1442,"11-50",0,0,0,0,1,0,0,0,0,0
"1443",0,1443,"11-50",0,0,0,0,1,0,0,0,0,0
"1444",0,1444,"11-50",0,0,0,0,1,0,0,0,0,0
"1445",0,1445,"NA",0,0,0,0,0,0,0,0,0,1
"1446",0,1446,"1-10",1,0,0,0,0,0,0,0,0,0
"1447",0,1447,"11-50",0,0,0,0,1,0,0,0,0,0
"1448",0,1448,"11-50",0,0,0,0,1,0,0,0,0,0
"1449",0,1449,"11-50",0,0,0,0,1,0,0,0,0,0
"1450",0,1450,"51-100",0,0,0,0,0,0,0,0,1,0
"1451",0,1451,"10001+",0,1,0,0,0,0,0,0,0,0
"1452",0,1452,"1-10",1,0,0,0,0,0,0,0,0,0
"1453",0,1453,"251-500",0,0,0,0,0,1,0,0,0,0
"1454",0,1454,"11-50",0,0,0,0,1,0,0,0,0,0
"1455",0,1455,"1001-5000",0,0,1,0,0,0,0,0,0,0
"1456",0,1456,"11-50",0,0,0,0,1,0,0,0,0,0
"1457",0,1457,"11-50",0,0,0,0,1,0,0,0,0,0
"1458",0,1458,"11-50",0,0,0,0,1,0,0,0,0,0
"1459",0,1459,"NA",0,0,0,0,0,0,0,0,0,1
"1460",0,1460,"11-50",0,0,0,0,1,0,0,0,0,0
"1461",0,1461,"11-50",0,0,0,0,1,0,0,0,0,0
"1462",0,1462,"11-50",0,0,0,0,1,0,0,0,0,0
"1463",0,1463,"11-50",0,0,0,0,1,0,0,0,0,0
"1464",0,1464,"51-100",0,0,0,0,0,0,0,0,1,0
"1465",0,1465,"1-10",1,0,0,0,0,0,0,0,0,0
"1466",0,1466,"11-50",0,0,0,0,1,0,0,0,0,0
"1467",0,1467,"101-250",0,0,0,1,0,0,0,0,0,0
"1468",0,1468,"11-50",0,0,0,0,1,0,0,0,0,0
"1469",0,1469,"NA",0,0,0,0,0,0,0,0,0,1
"1470",0,1470,"11-50",0,0,0,0,1,0,0,0,0,0
"1471",0,1471,"101-250",0,0,0,1,0,0,0,0,0,0
"1472",0,1472,"1-10",1,0,0,0,0,0,0,0,0,0
"1473",0,1473,"11-50",0,0,0,0,1,0,0,0,0,0
"1474",0,1474,"1-10",1,0,0,0,0,0,0,0,0,0
"1475",0,1475,"11-50",0,0,0,0,1,0,0,0,0,0
"1476",0,1476,"NA",0,0,0,0,0,0,0,0,0,1
"1477",0,1477,"1-10",1,0,0,0,0,0,0,0,0,0
"1478",0,1478,"251-500",0,0,0,0,0,1,0,0,0,0
"1479",0,1479,"11-50",0,0,0,0,1,0,0,0,0,0
"1480",0,1480,"1001-5000",0,0,1,0,0,0,0,0,0,0
"1481",0,1481,"11-50",0,0,0,0,1,0,0,0,0,0
"1482",0,1482,"1-10",1,0,0,0,0,0,0,0,0,0
"1483",0,1483,"11-50",0,0,0,0,1,0,0,0,0,0
"1484",0,1484,"NA",0,0,0,0,0,0,0,0,0,1
"1485",0,1485,"11-50",0,0,0,0,1,0,0,0,0,0
"1486",0,1486,"11-50",0,0,0,0,1,0,0,0,0,0
"1487",0,1487,"1-10",1,0,0,0,0,0,0,0,0,0
"1488",0,1488,"1-10",1,0,0,0,0,0,0,0,0,0
"1489",0,1489,"1-10",1,0,0,0,0,0,0,0,0,0
"1490",0,1490,"11-50",0,0,0,0,1,0,0,0,0,0
"1491",0,1491,"1-10",1,0,0,0,0,0,0,0,0,0
"1492",0,1492,"1-10",1,0,0,0,0,0,0,0,0,0
"1493",0,1493,"1-10",1,0,0,0,0,0,0,0,0,0
"1494",0,1494,"1-10",1,0,0,0,0,0,0,0,0,0
"1495",0,1495,"NA",0,0,0,0,0,0,0,0,0,1
"1496",0,1496,"1-10",1,0,0,0,0,0,0,0,0,0
"1497",0,1497,"NA",0,0,0,0,0,0,0,0,0,1
"1498",0,1498,"NA",0,0,0,0,0,0,0,0,0,1
"1499",0,1499,"1-10",1,0,0,0,0,0,0,0,0,0
"1500",0,1500,"1-10",1,0,0,0,0,0,0,0,0,0
"1501",0,1501,"11-50",0,0,0,0,1,0,0,0,0,0
"1502",0,1502,"101-250",0,0,0,1,0,0,0,0,0,0
"1503",0,1503,"NA",0,0,0,0,0,0,0,0,0,1
"1504",0,1504,"1-10",1,0,0,0,0,0,0,0,0,0
"1505",0,1505,"11-50",0,0,0,0,1,0,0,0,0,0
"1506",0,1506,"1-10",1,0,0,0,0,0,0,0,0,0
"1507",0,1507,"NA",0,0,0,0,0,0,0,0,0,1
"1508",0,1508,"11-50",0,0,0,0,1,0,0,0,0,0
"1509",0,1509,"1-10",1,0,0,0,0,0,0,0,0,0
"1510",0,1510,"11-50",0,0,0,0,1,0,0,0,0,0
"1511",0,1511,"11-50",0,0,0,0,1,0,0,0,0,0
"1512",0,1512,"1-10",1,0,0,0,0,0,0,0,0,0
"1513",0,1513,"NA",0,0,0,0,0,0,0,0,0,1
"1514",0,1514,"11-50",0,0,0,0,1,0,0,0,0,0
"1515",0,1515,"NA",0,0,0,0,0,0,0,0,0,1
"1516",0,1516,"1-10",1,0,0,0,0,0,0,0,0,0
"1517",0,1517,"11-50",0,0,0,0,1,0,0,0,0,0
"1518",0,1518,"101-250",0,0,0,1,0,0,0,0,0,0
"1519",0,1519,"101-250",0,0,0,1,0,0,0,0,0,0
"1520",0,1520,"1-10",1,0,0,0,0,0,0,0,0,0
"1521",0,1521,"1-10",1,0,0,0,0,0,0,0,0,0
"1522",0,1522,"1-10",1,0,0,0,0,0,0,0,0,0
"1523",0,1523,"11-50",0,0,0,0,1,0,0,0,0,0
"1524",0,1524,"1-10",1,0,0,0,0,0,0,0,0,0
"1525",0,1525,"11-50",0,0,0,0,1,0,0,0,0,0
"1526",0,1526,"101-250",0,0,0,1,0,0,0,0,0,0
"1527",0,1527,"NA",0,0,0,0,0,0,0,0,0,1
"1528",0,1528,"11-50",0,0,0,0,1,0,0,0,0,0
"1529",0,1529,"NA",0,0,0,0,0,0,0,0,0,1
"1530",0,1530,"1-10",1,0,0,0,0,0,0,0,0,0
"1531",0,1531,"5001-10000",0,0,0,0,0,0,1,0,0,0
"1532",0,1532,"11-50",0,0,0,0,1,0,0,0,0,0
"1533",0,1533,"1-10",1,0,0,0,0,0,0,0,0,0
"1534",0,1534,"11-50",0,0,0,0,1,0,0,0,0,0
"1535",0,1535,"11-50",0,0,0,0,1,0,0,0,0,0
"1536",0,1536,"11-50",0,0,0,0,1,0,0,0,0,0
"1537",0,1537,"11-50",0,0,0,0,1,0,0,0,0,0
"1538",0,1538,"11-50",0,0,0,0,1,0,0,0,0,0
"1539",0,1539,"11-50",0,0,0,0,1,0,0,0,0,0
"1540",0,1540,"11-50",0,0,0,0,1,0,0,0,0,0
"1541",0,1541,"11-50",0,0,0,0,1,0,0,0,0,0
"1542",0,1542,"NA",0,0,0,0,0,0,0,0,0,1
"1543",0,1543,"101-250",0,0,0,1,0,0,0,0,0,0
"1544",0,1544,"1-10",1,0,0,0,0,0,0,0,0,0
"1545",0,1545,"11-50",0,0,0,0,1,0,0,0,0,0
"1546",0,1546,"11-50",0,0,0,0,1,0,0,0,0,0
"1547",0,1547,"101-250",0,0,0,1,0,0,0,0,0,0
"1548",0,1548,"1-10",1,0,0,0,0,0,0,0,0,0
"1549",0,1549,"11-50",0,0,0,0,1,0,0,0,0,0
"1550",0,1550,"51-100",0,0,0,0,0,0,0,0,1,0
"1551",0,1551,"1-10",1,0,0,0,0,0,0,0,0,0
"1552",0,1552,"NA",0,0,0,0,0,0,0,0,0,1
"1553",0,1553,"1-10",1,0,0,0,0,0,0,0,0,0
"1554",0,1554,"NA",0,0,0,0,0,0,0,0,0,1
"1555",0,1555,"11-50",0,0,0,0,1,0,0,0,0,0
"1556",0,1556,"11-50",0,0,0,0,1,0,0,0,0,0
"1557",0,1557,"11-50",0,0,0,0,1,0,0,0,0,0
"1558",0,1558,"251-500",0,0,0,0,0,1,0,0,0,0
"1559",0,1559,"1-10",1,0,0,0,0,0,0,0,0,0
"1560",0,1560,"1-10",1,0,0,0,0,0,0,0,0,0
"1561",0,1561,"1-10",1,0,0,0,0,0,0,0,0,0
"1562",0,1562,"1-10",1,0,0,0,0,0,0,0,0,0
"1563",0,1563,"1-10",1,0,0,0,0,0,0,0,0,0
"1564",0,1564,"NA",0,0,0,0,0,0,0,0,0,1
"1565",0,1565,"NA",0,0,0,0,0,0,0,0,0,1
"1566",0,1566,"11-50",0,0,0,0,1,0,0,0,0,0
"1567",0,1567,"11-50",0,0,0,0,1,0,0,0,0,0
"1568",0,1568,"501-1000",0,0,0,0,0,0,0,1,0,0
"1569",0,1569,"NA",0,0,0,0,0,0,0,0,0,1
"1570",0,1570,"501-1000",0,0,0,0,0,0,0,1,0,0
"1571",0,1571,"1-10",1,0,0,0,0,0,0,0,0,0
"1572",0,1572,"11-50",0,0,0,0,1,0,0,0,0,0
"1573",0,1573,"11-50",0,0,0,0,1,0,0,0,0,0
"1574",0,1574,"11-50",0,0,0,0,1,0,0,0,0,0
"1575",0,1575,"1-10",1,0,0,0,0,0,0,0,0,0
"1576",0,1576,"11-50",0,0,0,0,1,0,0,0,0,0
"1577",0,1577,"1-10",1,0,0,0,0,0,0,0,0,0
"1578",0,1578,"NA",0,0,0,0,0,0,0,0,0,1
"1579",0,1579,"1-10",1,0,0,0,0,0,0,0,0,0
"1580",0,1580,"101-250",0,0,0,1,0,0,0,0,0,0
"1581",0,1581,"501-1000",0,0,0,0,0,0,0,1,0,0
"1582",0,1582,"11-50",0,0,0,0,1,0,0,0,0,0
"1583",0,1583,"11-50",0,0,0,0,1,0,0,0,0,0
"1584",0,1584,"51-100",0,0,0,0,0,0,0,0,1,0
"1585",0,1585,"11-50",0,0,0,0,1,0,0,0,0,0
"1586",0,1586,"1-10",1,0,0,0,0,0,0,0,0,0
"1587",0,1587,"11-50",0,0,0,0,1,0,0,0,0,0
"1588",0,1588,"11-50",0,0,0,0,1,0,0,0,0,0
"1589",0,1589,"11-50",0,0,0,0,1,0,0,0,0,0
"1590",0,1590,"101-250",0,0,0,1,0,0,0,0,0,0
"1591",0,1591,"11-50",0,0,0,0,1,0,0,0,0,0
"1592",0,1592,"101-250",0,0,0,1,0,0,0,0,0,0
"1593",0,1593,"51-100",0,0,0,0,0,0,0,0,1,0
"1594",0,1594,"1-10",1,0,0,0,0,0,0,0,0,0
"1595",0,1595,"11-50",0,0,0,0,1,0,0,0,0,0
"1596",0,1596,"11-50",0,0,0,0,1,0,0,0,0,0
"1597",0,1597,"11-50",0,0,0,0,1,0,0,0,0,0
"1598",0,1598,"1-10",1,0,0,0,0,0,0,0,0,0
"1599",0,1599,"51-100",0,0,0,0,0,0,0,0,1,0
"1600",0,1600,"101-250",0,0,0,1,0,0,0,0,0,0
"1601",0,1601,"1-10",1,0,0,0,0,0,0,0,0,0
"1602",0,1602,"101-250",0,0,0,1,0,0,0,0,0,0
"1603",0,1603,"11-50",0,0,0,0,1,0,0,0,0,0
"1604",0,1604,"NA",0,0,0,0,0,0,0,0,0,1
"1605",0,1605,"1-10",1,0,0,0,0,0,0,0,0,0
"1606",0,1606,"251-500",0,0,0,0,0,1,0,0,0,0
"1607",0,1607,"1-10",1,0,0,0,0,0,0,0,0,0
"1608",0,1608,"11-50",0,0,0,0,1,0,0,0,0,0
"1609",0,1609,"1-10",1,0,0,0,0,0,0,0,0,0
"1610",0,1610,"1-10",1,0,0,0,0,0,0,0,0,0
"1611",0,1611,"1-10",1,0,0,0,0,0,0,0,0,0
"1612",0,1612,"1-10",1,0,0,0,0,0,0,0,0,0
"1613",0,1613,"11-50",0,0,0,0,1,0,0,0,0,0
"1614",0,1614,"1-10",1,0,0,0,0,0,0,0,0,0
"1615",0,1615,"10001+",0,1,0,0,0,0,0,0,0,0
"1616",0,1616,"11-50",0,0,0,0,1,0,0,0,0,0
"1617",0,1617,"1-10",1,0,0,0,0,0,0,0,0,0
"1618",0,1618,"10001+",0,1,0,0,0,0,0,0,0,0
"1619",0,1619,"51-100",0,0,0,0,0,0,0,0,1,0
"1620",0,1620,"NA",0,0,0,0,0,0,0,0,0,1
"1621",0,1621,"101-250",0,0,0,1,0,0,0,0,0,0
"1622",0,1622,"11-50",0,0,0,0,1,0,0,0,0,0
"1623",0,1623,"1-10",1,0,0,0,0,0,0,0,0,0
"1624",0,1624,"NA",0,0,0,0,0,0,0,0,0,1
"1625",0,1625,"11-50",0,0,0,0,1,0,0,0,0,0
"1626",0,1626,"NA",0,0,0,0,0,0,0,0,0,1
"1627",0,1627,"11-50",0,0,0,0,1,0,0,0,0,0
"1628",0,1628,"11-50",0,0,0,0,1,0,0,0,0,0
"1629",0,1629,"51-100",0,0,0,0,0,0,0,0,1,0
"1630",0,1630,"NA",0,0,0,0,0,0,0,0,0,1
"1631",0,1631,"251-500",0,0,0,0,0,1,0,0,0,0
"1632",0,1632,"10001+",0,1,0,0,0,0,0,0,0,0
"1633",0,1633,"1-10",1,0,0,0,0,0,0,0,0,0
"1634",0,1634,"1-10",1,0,0,0,0,0,0,0,0,0
"1635",0,1635,"51-100",0,0,0,0,0,0,0,0,1,0
"1636",0,1636,"1-10",1,0,0,0,0,0,0,0,0,0
"1637",0,1637,"501-1000",0,0,0,0,0,0,0,1,0,0
"1638",0,1638,"51-100",0,0,0,0,0,0,0,0,1,0
"1639",0,1639,"NA",0,0,0,0,0,0,0,0,0,1
"1640",0,1640,"NA",0,0,0,0,0,0,0,0,0,1
"1641",0,1641,"11-50",0,0,0,0,1,0,0,0,0,0
"1642",0,1642,"1-10",1,0,0,0,0,0,0,0,0,0
"1643",0,1643,"11-50",0,0,0,0,1,0,0,0,0,0
"1644",0,1644,"251-500",0,0,0,0,0,1,0,0,0,0
"1645",0,1645,"11-50",0,0,0,0,1,0,0,0,0,0
"1646",0,1646,"1-10",1,0,0,0,0,0,0,0,0,0
"1647",0,1647,"11-50",0,0,0,0,1,0,0,0,0,0
"1648",0,1648,"11-50",0,0,0,0,1,0,0,0,0,0
"1649",0,1649,"11-50",0,0,0,0,1,0,0,0,0,0
"1650",0,1650,"11-50",0,0,0,0,1,0,0,0,0,0
"1651",0,1651,"11-50",0,0,0,0,1,0,0,0,0,0
"1652",0,1652,"1-10",1,0,0,0,0,0,0,0,0,0
"1653",0,1653,"1-10",1,0,0,0,0,0,0,0,0,0
"1654",0,1654,"1-10",1,0,0,0,0,0,0,0,0,0
"1655",0,1655,"11-50",0,0,0,0,1,0,0,0,0,0
"1656",0,1656,"NA",0,0,0,0,0,0,0,0,0,1
"1657",0,1657,"NA",0,0,0,0,0,0,0,0,0,1
"1658",0,1658,"11-50",0,0,0,0,1,0,0,0,0,0
"1659",0,1659,"1-10",1,0,0,0,0,0,0,0,0,0
"1660",0,1660,"NA",0,0,0,0,0,0,0,0,0,1
"1661",0,1661,"51-100",0,0,0,0,0,0,0,0,1,0
"1662",0,1662,"51-100",0,0,0,0,0,0,0,0,1,0
"1663",0,1663,"10001+",0,1,0,0,0,0,0,0,0,0
"1664",0,1664,"11-50",0,0,0,0,1,0,0,0,0,0
"1665",0,1665,"11-50",0,0,0,0,1,0,0,0,0,0
"1666",0,1666,"11-50",0,0,0,0,1,0,0,0,0,0
"1667",0,1667,"1001-5000",0,0,1,0,0,0,0,0,0,0
"1668",0,1668,"11-50",0,0,0,0,1,0,0,0,0,0
"1669",0,1669,"1-10",1,0,0,0,0,0,0,0,0,0
"1670",0,1670,"1-10",1,0,0,0,0,0,0,0,0,0
"1671",0,1671,"11-50",0,0,0,0,1,0,0,0,0,0
"1672",0,1672,"501-1000",0,0,0,0,0,0,0,1,0,0
"1673",0,1673,"51-100",0,0,0,0,0,0,0,0,1,0
"1674",0,1674,"1-10",1,0,0,0,0,0,0,0,0,0
"1675",0,1675,"11-50",0,0,0,0,1,0,0,0,0,0
"1676",0,1676,"11-50",0,0,0,0,1,0,0,0,0,0
"1677",0,1677,"1-10",1,0,0,0,0,0,0,0,0,0
"1678",0,1678,"101-250",0,0,0,1,0,0,0,0,0,0
"1679",0,1679,"11-50",0,0,0,0,1,0,0,0,0,0
"1680",0,1680,"51-100",0,0,0,0,0,0,0,0,1,0
"1681",0,1681,"51-100",0,0,0,0,0,0,0,0,1,0
"1682",0,1682,"11-50",0,0,0,0,1,0,0,0,0,0
"1683",0,1683,"11-50",0,0,0,0,1,0,0,0,0,0
"1684",0,1684,"11-50",0,0,0,0,1,0,0,0,0,0
"1685",0,1685,"1-10",1,0,0,0,0,0,0,0,0,0
"1686",0,1686,"11-50",0,0,0,0,1,0,0,0,0,0
"1687",0,1687,"11-50",0,0,0,0,1,0,0,0,0,0
"1688",0,1688,"11-50",0,0,0,0,1,0,0,0,0,0
"1689",0,1689,"NA",0,0,0,0,0,0,0,0,0,1
"1690",0,1690,"11-50",0,0,0,0,1,0,0,0,0,0
"1691",0,1691,"51-100",0,0,0,0,0,0,0,0,1,0
"1692",0,1692,"11-50",0,0,0,0,1,0,0,0,0,0
"1693",0,1693,"1-10",1,0,0,0,0,0,0,0,0,0
"1694",0,1694,"51-100",0,0,0,0,0,0,0,0,1,0
"1695",0,1695,"51-100",0,0,0,0,0,0,0,0,1,0
"1696",0,1696,"101-250",0,0,0,1,0,0,0,0,0,0
"1697",0,1697,"1-10",1,0,0,0,0,0,0,0,0,0
"1698",0,1698,"1-10",1,0,0,0,0,0,0,0,0,0
"1699",0,1699,"11-50",0,0,0,0,1,0,0,0,0,0
"1700",0,1700,"11-50",0,0,0,0,1,0,0,0,0,0
"1701",0,1701,"51-100",0,0,0,0,0,0,0,0,1,0
"1702",0,1702,"1-10",1,0,0,0,0,0,0,0,0,0
"1703",0,1703,"11-50",0,0,0,0,1,0,0,0,0,0
"1704",0,1704,"1-10",1,0,0,0,0,0,0,0,0,0
"1705",0,1705,"NA",0,0,0,0,0,0,0,0,0,1
"1706",0,1706,"1-10",1,0,0,0,0,0,0,0,0,0
"1707",0,1707,"NA",0,0,0,0,0,0,0,0,0,1
"1708",0,1708,"51-100",0,0,0,0,0,0,0,0,1,0
"1709",0,1709,"11-50",0,0,0,0,1,0,0,0,0,0
"1710",0,1710,"1-10",1,0,0,0,0,0,0,0,0,0
"1711",0,1711,"1-10",1,0,0,0,0,0,0,0,0,0
"1712",0,1712,"51-100",0,0,0,0,0,0,0,0,1,0
"1713",0,1713,"251-500",0,0,0,0,0,1,0,0,0,0
"1714",0,1714,"11-50",0,0,0,0,1,0,0,0,0,0
"1715",0,1715,"11-50",0,0,0,0,1,0,0,0,0,0
"1716",0,1716,"NA",0,0,0,0,0,0,0,0,0,1
"1717",0,1717,"11-50",0,0,0,0,1,0,0,0,0,0
"1718",0,1718,"11-50",0,0,0,0,1,0,0,0,0,0
"1719",0,1719,"11-50",0,0,0,0,1,0,0,0,0,0
"1720",0,1720,"11-50",0,0,0,0,1,0,0,0,0,0
"1721",0,1721,"1-10",1,0,0,0,0,0,0,0,0,0
"1722",0,1722,"1-10",1,0,0,0,0,0,0,0,0,0
"1723",0,1723,"11-50",0,0,0,0,1,0,0,0,0,0
"1724",0,1724,"NA",0,0,0,0,0,0,0,0,0,1
"1725",0,1725,"11-50",0,0,0,0,1,0,0,0,0,0
"1726",0,1726,"11-50",0,0,0,0,1,0,0,0,0,0
"1727",0,1727,"1-10",1,0,0,0,0,0,0,0,0,0
"1728",0,1728,"11-50",0,0,0,0,1,0,0,0,0,0
"1729",0,1729,"101-250",0,0,0,1,0,0,0,0,0,0
"1730",0,1730,"1-10",1,0,0,0,0,0,0,0,0,0
"1731",0,1731,"11-50",0,0,0,0,1,0,0,0,0,0
"1732",0,1732,"11-50",0,0,0,0,1,0,0,0,0,0
"1733",0,1733,"1-10",1,0,0,0,0,0,0,0,0,0
"1734",0,1734,"1-10",1,0,0,0,0,0,0,0,0,0
"1735",0,1735,"1-10",1,0,0,0,0,0,0,0,0,0
"1736",0,1736,"11-50",0,0,0,0,1,0,0,0,0,0
"1737",0,1737,"101-250",0,0,0,1,0,0,0,0,0,0
"1738",0,1738,"11-50",0,0,0,0,1,0,0,0,0,0
"1739",0,1739,"1-10",1,0,0,0,0,0,0,0,0,0
"1740",0,1740,"101-250",0,0,0,1,0,0,0,0,0,0
"1741",0,1741,"11-50",0,0,0,0,1,0,0,0,0,0
"1742",0,1742,"1-10",1,0,0,0,0,0,0,0,0,0
"1743",0,1743,"51-100",0,0,0,0,0,0,0,0,1,0
"1744",0,1744,"1-10",1,0,0,0,0,0,0,0,0,0
"1745",0,1745,"251-500",0,0,0,0,0,1,0,0,0,0
"1746",0,1746,"1001-5000",0,0,1,0,0,0,0,0,0,0
"1747",0,1747,"1-10",1,0,0,0,0,0,0,0,0,0
"1748",0,1748,"NA",0,0,0,0,0,0,0,0,0,1
"1749",0,1749,"51-100",0,0,0,0,0,0,0,0,1,0
"1750",0,1750,"11-50",0,0,0,0,1,0,0,0,0,0
"1751",0,1751,"1-10",1,0,0,0,0,0,0,0,0,0
"1752",0,1752,"NA",0,0,0,0,0,0,0,0,0,1
"1753",0,1753,"NA",0,0,0,0,0,0,0,0,0,1
"1754",0,1754,"11-50",0,0,0,0,1,0,0,0,0,0
"1755",0,1755,"51-100",0,0,0,0,0,0,0,0,1,0
"1756",0,1756,"11-50",0,0,0,0,1,0,0,0,0,0
"1757",0,1757,"NA",0,0,0,0,0,0,0,0,0,1
"1758",0,1758,"11-50",0,0,0,0,1,0,0,0,0,0
"1759",0,1759,"NA",0,0,0,0,0,0,0,0,0,1
"1760",0,1760,"11-50",0,0,0,0,1,0,0,0,0,0
"1761",0,1761,"1-10",1,0,0,0,0,0,0,0,0,0
"1762",0,1762,"501-1000",0,0,0,0,0,0,0,1,0,0
"1763",0,1763,"1-10",1,0,0,0,0,0,0,0,0,0
"1764",0,1764,"11-50",0,0,0,0,1,0,0,0,0,0
"1765",0,1765,"51-100",0,0,0,0,0,0,0,0,1,0
"1766",0,1766,"1-10",1,0,0,0,0,0,0,0,0,0
"1767",0,1767,"1-10",1,0,0,0,0,0,0,0,0,0
"1768",0,1768,"11-50",0,0,0,0,1,0,0,0,0,0
"1769",0,1769,"1001-5000",0,0,1,0,0,0,0,0,0,0
"1770",0,1770,"11-50",0,0,0,0,1,0,0,0,0,0
"1771",0,1771,"11-50",0,0,0,0,1,0,0,0,0,0
"1772",0,1772,"1-10",1,0,0,0,0,0,0,0,0,0
"1773",0,1773,"1-10",1,0,0,0,0,0,0,0,0,0
"1774",0,1774,"1-10",1,0,0,0,0,0,0,0,0,0
"1775",0,1775,"11-50",0,0,0,0,1,0,0,0,0,0
"1776",0,1776,"1-10",1,0,0,0,0,0,0,0,0,0
"1777",0,1777,"11-50",0,0,0,0,1,0,0,0,0,0
"1778",0,1778,"1-10",1,0,0,0,0,0,0,0,0,0
"1779",0,1779,"1-10",1,0,0,0,0,0,0,0,0,0
"1780",0,1780,"NA",0,0,0,0,0,0,0,0,0,1
"1781",0,1781,"1-10",1,0,0,0,0,0,0,0,0,0
"1782",0,1782,"51-100",0,0,0,0,0,0,0,0,1,0
"1783",0,1783,"11-50",0,0,0,0,1,0,0,0,0,0
"1784",0,1784,"5001-10000",0,0,0,0,0,0,1,0,0,0
"1785",0,1785,"101-250",0,0,0,1,0,0,0,0,0,0
"1786",0,1786,"11-50",0,0,0,0,1,0,0,0,0,0
"1787",0,1787,"51-100",0,0,0,0,0,0,0,0,1,0
"1788",0,1788,"NA",0,0,0,0,0,0,0,0,0,1
"1789",0,1789,"NA",0,0,0,0,0,0,0,0,0,1
"1790",0,1790,"11-50",0,0,0,0,1,0,0,0,0,0
"1791",0,1791,"1-10",1,0,0,0,0,0,0,0,0,0
"1792",0,1792,"1-10",1,0,0,0,0,0,0,0,0,0
"1793",0,1793,"1-10",1,0,0,0,0,0,0,0,0,0
"1794",0,1794,"11-50",0,0,0,0,1,0,0,0,0,0
"1795",0,1795,"11-50",0,0,0,0,1,0,0,0,0,0
"1796",0,1796,"11-50",0,0,0,0,1,0,0,0,0,0
"1797",0,1797,"11-50",0,0,0,0,1,0,0,0,0,0
"1798",0,1798,"1-10",1,0,0,0,0,0,0,0,0,0
"1799",0,1799,"NA",0,0,0,0,0,0,0,0,0,1
"1800",0,1800,"1-10",1,0,0,0,0,0,0,0,0,0
"1801",0,1801,"51-100",0,0,0,0,0,0,0,0,1,0
"1802",0,1802,"1-10",1,0,0,0,0,0,0,0,0,0
"1803",0,1803,"1-10",1,0,0,0,0,0,0,0,0,0
"1804",0,1804,"51-100",0,0,0,0,0,0,0,0,1,0
"1805",0,1805,"NA",0,0,0,0,0,0,0,0,0,1
"1806",0,1806,"11-50",0,0,0,0,1,0,0,0,0,0
"1807",0,1807,"11-50",0,0,0,0,1,0,0,0,0,0
"1808",0,1808,"1-10",1,0,0,0,0,0,0,0,0,0
"1809",0,1809,"11-50",0,0,0,0,1,0,0,0,0,0
"1810",0,1810,"NA",0,0,0,0,0,0,0,0,0,1
"1811",0,1811,"11-50",0,0,0,0,1,0,0,0,0,0
"1812",0,1812,"NA",0,0,0,0,0,0,0,0,0,1
"1813",0,1813,"NA",0,0,0,0,0,0,0,0,0,1
"1814",0,1814,"1-10",1,0,0,0,0,0,0,0,0,0
"1815",0,1815,"1-10",1,0,0,0,0,0,0,0,0,0
"1816",0,1816,"11-50",0,0,0,0,1,0,0,0,0,0
"1817",0,1817,"11-50",0,0,0,0,1,0,0,0,0,0
"1818",0,1818,"11-50",0,0,0,0,1,0,0,0,0,0
"1819",0,1819,"NA",0,0,0,0,0,0,0,0,0,1
"1820",0,1820,"51-100",0,0,0,0,0,0,0,0,1,0
"1821",0,1821,"11-50",0,0,0,0,1,0,0,0,0,0
"1822",0,1822,"1-10",1,0,0,0,0,0,0,0,0,0
"1823",0,1823,"1-10",1,0,0,0,0,0,0,0,0,0
"1824",0,1824,"11-50",0,0,0,0,1,0,0,0,0,0
"1825",0,1825,"11-50",0,0,0,0,1,0,0,0,0,0
"1826",0,1826,"NA",0,0,0,0,0,0,0,0,0,1
"1827",0,1827,"1-10",1,0,0,0,0,0,0,0,0,0
"1828",0,1828,"NA",0,0,0,0,0,0,0,0,0,1
"1829",0,1829,"NA",0,0,0,0,0,0,0,0,0,1
"1830",0,1830,"11-50",0,0,0,0,1,0,0,0,0,0
"1831",0,1831,"1-10",1,0,0,0,0,0,0,0,0,0
"1832",0,1832,"1-10",1,0,0,0,0,0,0,0,0,0
"1833",0,1833,"1-10",1,0,0,0,0,0,0,0,0,0
"1834",0,1834,"101-250",0,0,0,1,0,0,0,0,0,0
"1835",0,1835,"501-1000",0,0,0,0,0,0,0,1,0,0
"1836",0,1836,"NA",0,0,0,0,0,0,0,0,0,1
"1837",0,1837,"NA",0,0,0,0,0,0,0,0,0,1
"1838",0,1838,"11-50",0,0,0,0,1,0,0,0,0,0
"1839",0,1839,"51-100",0,0,0,0,0,0,0,0,1,0
"1840",0,1840,"1-10",1,0,0,0,0,0,0,0,0,0
"1841",0,1841,"11-50",0,0,0,0,1,0,0,0,0,0
"1842",0,1842,"1-10",1,0,0,0,0,0,0,0,0,0
"1843",0,1843,"10001+",0,1,0,0,0,0,0,0,0,0
"1844",0,1844,"NA",0,0,0,0,0,0,0,0,0,1
"1845",0,1845,"NA",0,0,0,0,0,0,0,0,0,1
"1846",0,1846,"51-100",0,0,0,0,0,0,0,0,1,0
"1847",0,1847,"251-500",0,0,0,0,0,1,0,0,0,0
"1848",0,1848,"1-10",1,0,0,0,0,0,0,0,0,0
"1849",0,1849,"NA",0,0,0,0,0,0,0,0,0,1
"1850",0,1850,"51-100",0,0,0,0,0,0,0,0,1,0
"1851",0,1851,"NA",0,0,0,0,0,0,0,0,0,1
"1852",0,1852,"1-10",1,0,0,0,0,0,0,0,0,0
"1853",0,1853,"1-10",1,0,0,0,0,0,0,0,0,0
"1854",0,1854,"11-50",0,0,0,0,1,0,0,0,0,0
"1855",0,1855,"1-10",1,0,0,0,0,0,0,0,0,0
"1856",0,1856,"NA",0,0,0,0,0,0,0,0,0,1
"1857",0,1857,"251-500",0,0,0,0,0,1,0,0,0,0
"1858",0,1858,"11-50",0,0,0,0,1,0,0,0,0,0
"1859",0,1859,"11-50",0,0,0,0,1,0,0,0,0,0
"1860",0,1860,"1-10",1,0,0,0,0,0,0,0,0,0
"1861",0,1861,"11-50",0,0,0,0,1,0,0,0,0,0
"1862",0,1862,"1-10",1,0,0,0,0,0,0,0,0,0
"1863",0,1863,"11-50",0,0,0,0,1,0,0,0,0,0
"1864",0,1864,"NA",0,0,0,0,0,0,0,0,0,1
"1865",0,1865,"11-50",0,0,0,0,1,0,0,0,0,0
"1866",0,1866,"NA",0,0,0,0,0,0,0,0,0,1
"1867",0,1867,"1-10",1,0,0,0,0,0,0,0,0,0
"1868",0,1868,"11-50",0,0,0,0,1,0,0,0,0,0
"1869",0,1869,"11-50",0,0,0,0,1,0,0,0,0,0
"1870",0,1870,"11-50",0,0,0,0,1,0,0,0,0,0
"1871",0,1871,"11-50",0,0,0,0,1,0,0,0,0,0
"1872",0,1872,"1-10",1,0,0,0,0,0,0,0,0,0
"1873",0,1873,"1-10",1,0,0,0,0,0,0,0,0,0
"1874",0,1874,"1-10",1,0,0,0,0,0,0,0,0,0
"1875",0,1875,"11-50",0,0,0,0,1,0,0,0,0,0
"1876",0,1876,"NA",0,0,0,0,0,0,0,0,0,1
"1877",0,1877,"NA",0,0,0,0,0,0,0,0,0,1
"1878",0,1878,"11-50",0,0,0,0,1,0,0,0,0,0
"1879",0,1879,"1-10",1,0,0,0,0,0,0,0,0,0
"1880",0,1880,"11-50",0,0,0,0,1,0,0,0,0,0
"1881",0,1881,"10001+",0,1,0,0,0,0,0,0,0,0
"1882",0,1882,"11-50",0,0,0,0,1,0,0,0,0,0
"1883",0,1883,"51-100",0,0,0,0,0,0,0,0,1,0
"1884",0,1884,"11-50",0,0,0,0,1,0,0,0,0,0
"1885",0,1885,"NA",0,0,0,0,0,0,0,0,0,1
"1886",0,1886,"1-10",1,0,0,0,0,0,0,0,0,0
"1887",0,1887,"NA",0,0,0,0,0,0,0,0,0,1
"1888",0,1888,"501-1000",0,0,0,0,0,0,0,1,0,0
"1889",0,1889,"11-50",0,0,0,0,1,0,0,0,0,0
"1890",0,1890,"11-50",0,0,0,0,1,0,0,0,0,0
"1891",0,1891,"NA",0,0,0,0,0,0,0,0,0,1
"1892",0,1892,"1-10",1,0,0,0,0,0,0,0,0,0
"1893",0,1893,"11-50",0,0,0,0,1,0,0,0,0,0
"1894",0,1894,"1-10",1,0,0,0,0,0,0,0,0,0
"1895",0,1895,"1-10",1,0,0,0,0,0,0,0,0,0
"1896",0,1896,"NA",0,0,0,0,0,0,0,0,0,1
"1897",0,1897,"1-10",1,0,0,0,0,0,0,0,0,0
"1898",0,1898,"NA",0,0,0,0,0,0,0,0,0,1
"1899",0,1899,"NA",0,0,0,0,0,0,0,0,0,1
"1900",0,1900,"51-100",0,0,0,0,0,0,0,0,1,0
"1901",0,1901,"NA",0,0,0,0,0,0,0,0,0,1
"1902",0,1902,"11-50",0,0,0,0,1,0,0,0,0,0
"1903",0,1903,"NA",0,0,0,0,0,0,0,0,0,1
"1904",0,1904,"1-10",1,0,0,0,0,0,0,0,0,0
"1905",0,1905,"11-50",0,0,0,0,1,0,0,0,0,0
"1906",0,1906,"1-10",1,0,0,0,0,0,0,0,0,0
"1907",0,1907,"1-10",1,0,0,0,0,0,0,0,0,0
"1908",0,1908,"NA",0,0,0,0,0,0,0,0,0,1
"1909",0,1909,"1-10",1,0,0,0,0,0,0,0,0,0
"1910",0,1910,"1-10",1,0,0,0,0,0,0,0,0,0
"1911",0,1911,"1-10",1,0,0,0,0,0,0,0,0,0
"1912",0,1912,"11-50",0,0,0,0,1,0,0,0,0,0
"1913",0,1913,"11-50",0,0,0,0,1,0,0,0,0,0
"1914",0,1914,"1-10",1,0,0,0,0,0,0,0,0,0
"1915",0,1915,"1-10",1,0,0,0,0,0,0,0,0,0
"1916",0,1916,"11-50",0,0,0,0,1,0,0,0,0,0
"1917",0,1917,"1-10",1,0,0,0,0,0,0,0,0,0
"1918",0,1918,"1-10",1,0,0,0,0,0,0,0,0,0
"1919",0,1919,"1-10",1,0,0,0,0,0,0,0,0,0
"1920",0,1920,"1-10",1,0,0,0,0,0,0,0,0,0
"1921",0,1921,"1-10",1,0,0,0,0,0,0,0,0,0
"1922",0,1922,"1-10",1,0,0,0,0,0,0,0,0,0
"1923",0,1923,"1-10",1,0,0,0,0,0,0,0,0,0
"1924",0,1924,"11-50",0,0,0,0,1,0,0,0,0,0
"1925",0,1925,"51-100",0,0,0,0,0,0,0,0,1,0
"1926",0,1926,"11-50",0,0,0,0,1,0,0,0,0,0
"1927",0,1927,"1-10",1,0,0,0,0,0,0,0,0,0
"1928",0,1928,"1-10",1,0,0,0,0,0,0,0,0,0
"1929",0,1929,"1-10",1,0,0,0,0,0,0,0,0,0
"1930",0,1930,"11-50",0,0,0,0,1,0,0,0,0,0
"1931",0,1931,"51-100",0,0,0,0,0,0,0,0,1,0
"1932",0,1932,"11-50",0,0,0,0,1,0,0,0,0,0
"1933",0,1933,"11-50",0,0,0,0,1,0,0,0,0,0
"1934",0,1934,"11-50",0,0,0,0,1,0,0,0,0,0
"1935",0,1935,"101-250",0,0,0,1,0,0,0,0,0,0
"1936",0,1936,"1001-5000",0,0,1,0,0,0,0,0,0,0
"1937",0,1937,"1-10",1,0,0,0,0,0,0,0,0,0
"1938",0,1938,"1-10",1,0,0,0,0,0,0,0,0,0
"1939",0,1939,"1-10",1,0,0,0,0,0,0,0,0,0
"1940",0,1940,"NA",0,0,0,0,0,0,0,0,0,1
"1941",0,1941,"101-250",0,0,0,1,0,0,0,0,0,0
"1942",0,1942,"11-50",0,0,0,0,1,0,0,0,0,0
"1943",0,1943,"NA",0,0,0,0,0,0,0,0,0,1
"1944",0,1944,"1001-5000",0,0,1,0,0,0,0,0,0,0
"1945",0,1945,"1-10",1,0,0,0,0,0,0,0,0,0
"1946",0,1946,"11-50",0,0,0,0,1,0,0,0,0,0
"1947",0,1947,"NA",0,0,0,0,0,0,0,0,0,1
"1948",0,1948,"11-50",0,0,0,0,1,0,0,0,0,0
"1949",0,1949,"11-50",0,0,0,0,1,0,0,0,0,0
"1950",0,1950,"1-10",1,0,0,0,0,0,0,0,0,0
"1951",0,1951,"1-10",1,0,0,0,0,0,0,0,0,0
"1952",0,1952,"1-10",1,0,0,0,0,0,0,0,0,0
"1953",0,1953,"11-50",0,0,0,0,1,0,0,0,0,0
"1954",0,1954,"11-50",0,0,0,0,1,0,0,0,0,0
"1955",0,1955,"1-10",1,0,0,0,0,0,0,0,0,0
"1956",0,1956,"1-10",1,0,0,0,0,0,0,0,0,0
"1957",0,1957,"1-10",1,0,0,0,0,0,0,0,0,0
"1958",0,1958,"11-50",0,0,0,0,1,0,0,0,0,0
"1959",0,1959,"5001-10000",0,0,0,0,0,0,1,0,0,0
"1960",0,1960,"11-50",0,0,0,0,1,0,0,0,0,0
"1961",0,1961,"11-50",0,0,0,0,1,0,0,0,0,0
"1962",0,1962,"1-10",1,0,0,0,0,0,0,0,0,0
"1963",0,1963,"1001-5000",0,0,1,0,0,0,0,0,0,0
"1964",0,1964,"501-1000",0,0,0,0,0,0,0,1,0,0
"1965",0,1965,"51-100",0,0,0,0,0,0,0,0,1,0
"1966",0,1966,"1-10",1,0,0,0,0,0,0,0,0,0
"1967",0,1967,"11-50",0,0,0,0,1,0,0,0,0,0
"1968",0,1968,"101-250",0,0,0,1,0,0,0,0,0,0
"1969",0,1969,"1-10",1,0,0,0,0,0,0,0,0,0
"1970",0,1970,"1-10",1,0,0,0,0,0,0,0,0,0
"1971",0,1971,"1-10",1,0,0,0,0,0,0,0,0,0
"1972",0,1972,"1-10",1,0,0,0,0,0,0,0,0,0
"1973",0,1973,"5001-10000",0,0,0,0,0,0,1,0,0,0
"1974",0,1974,"1-10",1,0,0,0,0,0,0,0,0,0
"1975",0,1975,"101-250",0,0,0,1,0,0,0,0,0,0
"1976",0,1976,"51-100",0,0,0,0,0,0,0,0,1,0
"1977",0,1977,"NA",0,0,0,0,0,0,0,0,0,1
"1978",0,1978,"1-10",1,0,0,0,0,0,0,0,0,0
"1979",0,1979,"51-100",0,0,0,0,0,0,0,0,1,0
"1980",0,1980,"11-50",0,0,0,0,1,0,0,0,0,0
"1981",0,1981,"251-500",0,0,0,0,0,1,0,0,0,0
"1982",0,1982,"NA",0,0,0,0,0,0,0,0,0,1
"1983",0,1983,"1-10",1,0,0,0,0,0,0,0,0,0
"1984",0,1984,"11-50",0,0,0,0,1,0,0,0,0,0
"1985",0,1985,"1-10",1,0,0,0,0,0,0,0,0,0
"1986",0,1986,"1-10",1,0,0,0,0,0,0,0,0,0
"1987",0,1987,"1-10",1,0,0,0,0,0,0,0,0,0
"1988",0,1988,"1-10",1,0,0,0,0,0,0,0,0,0
"1989",0,1989,"11-50",0,0,0,0,1,0,0,0,0,0
"1990",0,1990,"51-100",0,0,0,0,0,0,0,0,1,0
"1991",0,1991,"11-50",0,0,0,0,1,0,0,0,0,0
"1992",0,1992,"NA",0,0,0,0,0,0,0,0,0,1
"1993",0,1993,"11-50",0,0,0,0,1,0,0,0,0,0
"1994",0,1994,"11-50",0,0,0,0,1,0,0,0,0,0
"1995",0,1995,"1001-5000",0,0,1,0,0,0,0,0,0,0
"1996",0,1996,"1-10",1,0,0,0,0,0,0,0,0,0
"1997",0,1997,"11-50",0,0,0,0,1,0,0,0,0,0
"1998",0,1998,"11-50",0,0,0,0,1,0,0,0,0,0
"1999",0,1999,"1-10",1,0,0,0,0,0,0,0,0,0
"2000",0,2000,"NA",0,0,0,0,0,0,0,0,0,1
