"","id","nof","nof_1","nof_2","nof_3","nof_4","nof_5","nof_6","nof_7","nof_8","nof_9","nof_NA"
"1",1,"2",0,1,0,0,0,0,0,0,0,0
"2",2,"3",0,0,1,0,0,0,0,0,0,0
"3",3,"3",0,0,1,0,0,0,0,0,0,0
"4",4,"1",1,0,0,0,0,0,0,0,0,0
"5",5,"1",1,0,0,0,0,0,0,0,0,0
"6",6,"1",1,0,0,0,0,0,0,0,0,0
"7",7,"1",1,0,0,0,0,0,0,0,0,0
"8",8,"2",0,1,0,0,0,0,0,0,0,0
"9",9,"2",0,1,0,0,0,0,0,0,0,0
"10",10,"2",0,1,0,0,0,0,0,0,0,0
"11",11,"2",0,1,0,0,0,0,0,0,0,0
"12",12,"1",1,0,0,0,0,0,0,0,0,0
"13",13,"4",0,0,0,1,0,0,0,0,0,0
"14",14,"4",0,0,0,1,0,0,0,0,0,0
"15",15,"5",0,0,0,0,1,0,0,0,0,0
"16",16,"2",0,1,0,0,0,0,0,0,0,0
"17",17,"3",0,0,1,0,0,0,0,0,0,0
"18",18,"2",0,1,0,0,0,0,0,0,0,0
"19",19,"3",0,0,1,0,0,0,0,0,0,0
"20",20,"6",0,0,0,0,0,1,0,0,0,0
"21",21,"3",0,0,1,0,0,0,0,0,0,0
"22",22,"1",1,0,0,0,0,0,0,0,0,0
"23",23,"3",0,0,1,0,0,0,0,0,0,0
"24",24,"3",0,0,1,0,0,0,0,0,0,0
"25",25,"3",0,0,1,0,0,0,0,0,0,0
"26",26,"2",0,1,0,0,0,0,0,0,0,0
"27",27,"4",0,0,0,1,0,0,0,0,0,0
"28",28,"4",0,0,0,1,0,0,0,0,0,0
"29",29,"4",0,0,0,1,0,0,0,0,0,0
"30",30,"2",0,1,0,0,0,0,0,0,0,0
"31",31,"3",0,0,1,0,0,0,0,0,0,0
"32",32,"4",0,0,0,1,0,0,0,0,0,0
"33",33,"1",1,0,0,0,0,0,0,0,0,0
"34",34,"1",1,0,0,0,0,0,0,0,0,0
"35",35,"NA",0,0,0,0,0,0,0,0,0,1
"36",36,"4",0,0,0,1,0,0,0,0,0,0
"37",37,"1",1,0,0,0,0,0,0,0,0,0
"38",38,"2",0,1,0,0,0,0,0,0,0,0
"39",39,"2",0,1,0,0,0,0,0,0,0,0
"40",40,"NA",0,0,0,0,0,0,0,0,0,1
"41",41,"3",0,0,1,0,0,0,0,0,0,0
"42",42,"1",1,0,0,0,0,0,0,0,0,0
"43",43,"2",0,1,0,0,0,0,0,0,0,0
"44",44,"2",0,1,0,0,0,0,0,0,0,0
"45",45,"1",1,0,0,0,0,0,0,0,0,0
"46",46,"2",0,1,0,0,0,0,0,0,0,0
"47",47,"2",0,1,0,0,0,0,0,0,0,0
"48",48,"2",0,1,0,0,0,0,0,0,0,0
"49",49,"1",1,0,0,0,0,0,0,0,0,0
"50",50,"2",0,1,0,0,0,0,0,0,0,0
"51",51,"2",0,1,0,0,0,0,0,0,0,0
"52",52,"2",0,1,0,0,0,0,0,0,0,0
"53",53,"2",0,1,0,0,0,0,0,0,0,0
"54",54,"1",1,0,0,0,0,0,0,0,0,0
"55",55,"4",0,0,0,1,0,0,0,0,0,0
"56",56,"3",0,0,1,0,0,0,0,0,0,0
"57",57,"2",0,1,0,0,0,0,0,0,0,0
"58",58,"1",1,0,0,0,0,0,0,0,0,0
"59",59,"1",1,0,0,0,0,0,0,0,0,0
"60",60,"1",1,0,0,0,0,0,0,0,0,0
"61",61,"4",0,0,0,1,0,0,0,0,0,0
"62",62,"3",0,0,1,0,0,0,0,0,0,0
"63",63,"2",0,1,0,0,0,0,0,0,0,0
"64",64,"2",0,1,0,0,0,0,0,0,0,0
"65",65,"1",1,0,0,0,0,0,0,0,0,0
"66",66,"3",0,0,1,0,0,0,0,0,0,0
"67",67,"2",0,1,0,0,0,0,0,0,0,0
"68",68,"2",0,1,0,0,0,0,0,0,0,0
"69",69,"3",0,0,1,0,0,0,0,0,0,0
"70",70,"3",0,0,1,0,0,0,0,0,0,0
"71",71,"3",0,0,1,0,0,0,0,0,0,0
"72",72,"1",1,0,0,0,0,0,0,0,0,0
"73",73,"3",0,0,1,0,0,0,0,0,0,0
"74",74,"2",0,1,0,0,0,0,0,0,0,0
"75",75,"4",0,0,0,1,0,0,0,0,0,0
"76",76,"3",0,0,1,0,0,0,0,0,0,0
"77",77,"2",0,1,0,0,0,0,0,0,0,0
"78",78,"1",1,0,0,0,0,0,0,0,0,0
"79",79,"1",1,0,0,0,0,0,0,0,0,0
"80",80,"1",1,0,0,0,0,0,0,0,0,0
"81",81,"1",1,0,0,0,0,0,0,0,0,0
"82",82,"2",0,1,0,0,0,0,0,0,0,0
"83",83,"NA",0,0,0,0,0,0,0,0,0,1
"84",84,"2",0,1,0,0,0,0,0,0,0,0
"85",85,"3",0,0,1,0,0,0,0,0,0,0
"86",86,"1",1,0,0,0,0,0,0,0,0,0
"87",87,"2",0,1,0,0,0,0,0,0,0,0
"88",88,"1",1,0,0,0,0,0,0,0,0,0
"89",89,"1",1,0,0,0,0,0,0,0,0,0
"90",90,"2",0,1,0,0,0,0,0,0,0,0
"91",91,"2",0,1,0,0,0,0,0,0,0,0
"92",92,"2",0,1,0,0,0,0,0,0,0,0
"93",93,"2",0,1,0,0,0,0,0,0,0,0
"94",94,"2",0,1,0,0,0,0,0,0,0,0
"95",95,"3",0,0,1,0,0,0,0,0,0,0
"96",96,"5",0,0,0,0,1,0,0,0,0,0
"97",97,"4",0,0,0,1,0,0,0,0,0,0
"98",98,"3",0,0,1,0,0,0,0,0,0,0
"99",99,"1",1,0,0,0,0,0,0,0,0,0
"100",100,"4",0,0,0,1,0,0,0,0,0,0
"101",101,"3",0,0,1,0,0,0,0,0,0,0
"102",102,"2",0,1,0,0,0,0,0,0,0,0
"103",103,"3",0,0,1,0,0,0,0,0,0,0
"104",104,"4",0,0,0,1,0,0,0,0,0,0
"105",105,"4",0,0,0,1,0,0,0,0,0,0
"106",106,"2",0,1,0,0,0,0,0,0,0,0
"107",107,"2",0,1,0,0,0,0,0,0,0,0
"108",108,"3",0,0,1,0,0,0,0,0,0,0
"109",109,"3",0,0,1,0,0,0,0,0,0,0
"110",110,"1",1,0,0,0,0,0,0,0,0,0
"111",111,"1",1,0,0,0,0,0,0,0,0,0
"112",112,"1",1,0,0,0,0,0,0,0,0,0
"113",113,"1",1,0,0,0,0,0,0,0,0,0
"114",114,"1",1,0,0,0,0,0,0,0,0,0
"115",115,"2",0,1,0,0,0,0,0,0,0,0
"116",116,"1",1,0,0,0,0,0,0,0,0,0
"117",117,"2",0,1,0,0,0,0,0,0,0,0
"118",118,"5",0,0,0,0,1,0,0,0,0,0
"119",119,"2",0,1,0,0,0,0,0,0,0,0
"120",120,"1",1,0,0,0,0,0,0,0,0,0
"121",121,"2",0,1,0,0,0,0,0,0,0,0
"122",122,"4",0,0,0,1,0,0,0,0,0,0
"123",123,"3",0,0,1,0,0,0,0,0,0,0
"124",124,"1",1,0,0,0,0,0,0,0,0,0
"125",125,"2",0,1,0,0,0,0,0,0,0,0
"126",126,"2",0,1,0,0,0,0,0,0,0,0
"127",127,"3",0,0,1,0,0,0,0,0,0,0
"128",128,"NA",0,0,0,0,0,0,0,0,0,1
"129",129,"4",0,0,0,1,0,0,0,0,0,0
"130",130,"3",0,0,1,0,0,0,0,0,0,0
"131",131,"4",0,0,0,1,0,0,0,0,0,0
"132",132,"2",0,1,0,0,0,0,0,0,0,0
"133",133,"2",0,1,0,0,0,0,0,0,0,0
"134",134,"3",0,0,1,0,0,0,0,0,0,0
"135",135,"2",0,1,0,0,0,0,0,0,0,0
"136",136,"1",1,0,0,0,0,0,0,0,0,0
"137",137,"2",0,1,0,0,0,0,0,0,0,0
"138",138,"2",0,1,0,0,0,0,0,0,0,0
"139",139,"3",0,0,1,0,0,0,0,0,0,0
"140",140,"2",0,1,0,0,0,0,0,0,0,0
"141",141,"2",0,1,0,0,0,0,0,0,0,0
"142",142,"3",0,0,1,0,0,0,0,0,0,0
"143",143,"3",0,0,1,0,0,0,0,0,0,0
"144",144,"2",0,1,0,0,0,0,0,0,0,0
"145",145,"2",0,1,0,0,0,0,0,0,0,0
"146",146,"2",0,1,0,0,0,0,0,0,0,0
"147",147,"1",1,0,0,0,0,0,0,0,0,0
"148",148,"1",1,0,0,0,0,0,0,0,0,0
"149",149,"3",0,0,1,0,0,0,0,0,0,0
"150",150,"1",1,0,0,0,0,0,0,0,0,0
"151",151,"2",0,1,0,0,0,0,0,0,0,0
"152",152,"1",1,0,0,0,0,0,0,0,0,0
"153",153,"5",0,0,0,0,1,0,0,0,0,0
"154",154,"1",1,0,0,0,0,0,0,0,0,0
"155",155,"2",0,1,0,0,0,0,0,0,0,0
"156",156,"6",0,0,0,0,0,1,0,0,0,0
"157",157,"2",0,1,0,0,0,0,0,0,0,0
"158",158,"3",0,0,1,0,0,0,0,0,0,0
"159",159,"3",0,0,1,0,0,0,0,0,0,0
"160",160,"2",0,1,0,0,0,0,0,0,0,0
"161",161,"2",0,1,0,0,0,0,0,0,0,0
"162",162,"1",1,0,0,0,0,0,0,0,0,0
"163",163,"1",1,0,0,0,0,0,0,0,0,0
"164",164,"3",0,0,1,0,0,0,0,0,0,0
"165",165,"1",1,0,0,0,0,0,0,0,0,0
"166",166,"1",1,0,0,0,0,0,0,0,0,0
"167",167,"NA",0,0,0,0,0,0,0,0,0,1
"168",168,"2",0,1,0,0,0,0,0,0,0,0
"169",169,"1",1,0,0,0,0,0,0,0,0,0
"170",170,"5",0,0,0,0,1,0,0,0,0,0
"171",171,"1",1,0,0,0,0,0,0,0,0,0
"172",172,"2",0,1,0,0,0,0,0,0,0,0
"173",173,"2",0,1,0,0,0,0,0,0,0,0
"174",174,"3",0,0,1,0,0,0,0,0,0,0
"175",175,"3",0,0,1,0,0,0,0,0,0,0
"176",176,"3",0,0,1,0,0,0,0,0,0,0
"177",177,"2",0,1,0,0,0,0,0,0,0,0
"178",178,"3",0,0,1,0,0,0,0,0,0,0
"179",179,"1",1,0,0,0,0,0,0,0,0,0
"180",180,"3",0,0,1,0,0,0,0,0,0,0
"181",181,"1",1,0,0,0,0,0,0,0,0,0
"182",182,"3",0,0,1,0,0,0,0,0,0,0
"183",183,"1",1,0,0,0,0,0,0,0,0,0
"184",184,"3",0,0,1,0,0,0,0,0,0,0
"185",185,"1",1,0,0,0,0,0,0,0,0,0
"186",186,"2",0,1,0,0,0,0,0,0,0,0
"187",187,"4",0,0,0,1,0,0,0,0,0,0
"188",188,"3",0,0,1,0,0,0,0,0,0,0
"189",189,"2",0,1,0,0,0,0,0,0,0,0
"190",190,"1",1,0,0,0,0,0,0,0,0,0
"191",191,"3",0,0,1,0,0,0,0,0,0,0
"192",192,"1",1,0,0,0,0,0,0,0,0,0
"193",193,"2",0,1,0,0,0,0,0,0,0,0
"194",194,"2",0,1,0,0,0,0,0,0,0,0
"195",195,"1",1,0,0,0,0,0,0,0,0,0
"196",196,"3",0,0,1,0,0,0,0,0,0,0
"197",197,"1",1,0,0,0,0,0,0,0,0,0
"198",198,"1",1,0,0,0,0,0,0,0,0,0
"199",199,"2",0,1,0,0,0,0,0,0,0,0
"200",200,"2",0,1,0,0,0,0,0,0,0,0
"201",201,"1",1,0,0,0,0,0,0,0,0,0
"202",202,"6",0,0,0,0,0,1,0,0,0,0
"203",203,"1",1,0,0,0,0,0,0,0,0,0
"204",204,"1",1,0,0,0,0,0,0,0,0,0
"205",205,"2",0,1,0,0,0,0,0,0,0,0
"206",206,"2",0,1,0,0,0,0,0,0,0,0
"207",207,"2",0,1,0,0,0,0,0,0,0,0
"208",208,"1",1,0,0,0,0,0,0,0,0,0
"209",209,"1",1,0,0,0,0,0,0,0,0,0
"210",210,"2",0,1,0,0,0,0,0,0,0,0
"211",211,"1",1,0,0,0,0,0,0,0,0,0
"212",212,"3",0,0,1,0,0,0,0,0,0,0
"213",213,"1",1,0,0,0,0,0,0,0,0,0
"214",214,"3",0,0,1,0,0,0,0,0,0,0
"215",215,"3",0,0,1,0,0,0,0,0,0,0
"216",216,"3",0,0,1,0,0,0,0,0,0,0
"217",217,"4",0,0,0,1,0,0,0,0,0,0
"218",218,"1",1,0,0,0,0,0,0,0,0,0
"219",219,"4",0,0,0,1,0,0,0,0,0,0
"220",220,"4",0,0,0,1,0,0,0,0,0,0
"221",221,"2",0,1,0,0,0,0,0,0,0,0
"222",222,"1",1,0,0,0,0,0,0,0,0,0
"223",223,"1",1,0,0,0,0,0,0,0,0,0
"224",224,"3",0,0,1,0,0,0,0,0,0,0
"225",225,"NA",0,0,0,0,0,0,0,0,0,1
"226",226,"2",0,1,0,0,0,0,0,0,0,0
"227",227,"2",0,1,0,0,0,0,0,0,0,0
"228",228,"3",0,0,1,0,0,0,0,0,0,0
"229",229,"1",1,0,0,0,0,0,0,0,0,0
"230",230,"4",0,0,0,1,0,0,0,0,0,0
"231",231,"4",0,0,0,1,0,0,0,0,0,0
"232",232,"1",1,0,0,0,0,0,0,0,0,0
"233",233,"2",0,1,0,0,0,0,0,0,0,0
"234",234,"2",0,1,0,0,0,0,0,0,0,0
"235",235,"3",0,0,1,0,0,0,0,0,0,0
"236",236,"NA",0,0,0,0,0,0,0,0,0,1
"237",237,"1",1,0,0,0,0,0,0,0,0,0
"238",238,"3",0,0,1,0,0,0,0,0,0,0
"239",239,"2",0,1,0,0,0,0,0,0,0,0
"240",240,"2",0,1,0,0,0,0,0,0,0,0
"241",241,"3",0,0,1,0,0,0,0,0,0,0
"242",242,"1",1,0,0,0,0,0,0,0,0,0
"243",243,"1",1,0,0,0,0,0,0,0,0,0
"244",244,"3",0,0,1,0,0,0,0,0,0,0
"245",245,"3",0,0,1,0,0,0,0,0,0,0
"246",246,"1",1,0,0,0,0,0,0,0,0,0
"247",247,"4",0,0,0,1,0,0,0,0,0,0
"248",248,"4",0,0,0,1,0,0,0,0,0,0
"249",249,"5",0,0,0,0,1,0,0,0,0,0
"250",250,"2",0,1,0,0,0,0,0,0,0,0
"251",251,"1",1,0,0,0,0,0,0,0,0,0
"252",252,"1",1,0,0,0,0,0,0,0,0,0
"253",253,"3",0,0,1,0,0,0,0,0,0,0
"254",254,"1",1,0,0,0,0,0,0,0,0,0
"255",255,"1",1,0,0,0,0,0,0,0,0,0
"256",256,"1",1,0,0,0,0,0,0,0,0,0
"257",257,"3",0,0,1,0,0,0,0,0,0,0
"258",258,"3",0,0,1,0,0,0,0,0,0,0
"259",259,"4",0,0,0,1,0,0,0,0,0,0
"260",260,"3",0,0,1,0,0,0,0,0,0,0
"261",261,"2",0,1,0,0,0,0,0,0,0,0
"262",262,"2",0,1,0,0,0,0,0,0,0,0
"263",263,"5",0,0,0,0,1,0,0,0,0,0
"264",264,"4",0,0,0,1,0,0,0,0,0,0
"265",265,"NA",0,0,0,0,0,0,0,0,0,1
"266",266,"1",1,0,0,0,0,0,0,0,0,0
"267",267,"2",0,1,0,0,0,0,0,0,0,0
"268",268,"NA",0,0,0,0,0,0,0,0,0,1
"269",269,"2",0,1,0,0,0,0,0,0,0,0
"270",270,"1",1,0,0,0,0,0,0,0,0,0
"271",271,"3",0,0,1,0,0,0,0,0,0,0
"272",272,"2",0,1,0,0,0,0,0,0,0,0
"273",273,"3",0,0,1,0,0,0,0,0,0,0
"274",274,"2",0,1,0,0,0,0,0,0,0,0
"275",275,"3",0,0,1,0,0,0,0,0,0,0
"276",276,"3",0,0,1,0,0,0,0,0,0,0
"277",277,"1",1,0,0,0,0,0,0,0,0,0
"278",278,"1",1,0,0,0,0,0,0,0,0,0
"279",279,"2",0,1,0,0,0,0,0,0,0,0
"280",280,"1",1,0,0,0,0,0,0,0,0,0
"281",281,"1",1,0,0,0,0,0,0,0,0,0
"282",282,"2",0,1,0,0,0,0,0,0,0,0
"283",283,"4",0,0,0,1,0,0,0,0,0,0
"284",284,"2",0,1,0,0,0,0,0,0,0,0
"285",285,"1",1,0,0,0,0,0,0,0,0,0
"286",286,"4",0,0,0,1,0,0,0,0,0,0
"287",287,"1",1,0,0,0,0,0,0,0,0,0
"288",288,"1",1,0,0,0,0,0,0,0,0,0
"289",289,"4",0,0,0,1,0,0,0,0,0,0
"290",290,"3",0,0,1,0,0,0,0,0,0,0
"291",291,"2",0,1,0,0,0,0,0,0,0,0
"292",292,"2",0,1,0,0,0,0,0,0,0,0
"293",293,"2",0,1,0,0,0,0,0,0,0,0
"294",294,"3",0,0,1,0,0,0,0,0,0,0
"295",295,"1",1,0,0,0,0,0,0,0,0,0
"296",296,"1",1,0,0,0,0,0,0,0,0,0
"297",297,"1",1,0,0,0,0,0,0,0,0,0
"298",298,"1",1,0,0,0,0,0,0,0,0,0
"299",299,"2",0,1,0,0,0,0,0,0,0,0
"300",300,"1",1,0,0,0,0,0,0,0,0,0
"301",301,"2",0,1,0,0,0,0,0,0,0,0
"302",302,"1",1,0,0,0,0,0,0,0,0,0
"303",303,"2",0,1,0,0,0,0,0,0,0,0
"304",304,"3",0,0,1,0,0,0,0,0,0,0
"305",305,"1",1,0,0,0,0,0,0,0,0,0
"306",306,"2",0,1,0,0,0,0,0,0,0,0
"307",307,"2",0,1,0,0,0,0,0,0,0,0
"308",308,"1",1,0,0,0,0,0,0,0,0,0
"309",309,"NA",0,0,0,0,0,0,0,0,0,1
"310",310,"1",1,0,0,0,0,0,0,0,0,0
"311",311,"1",1,0,0,0,0,0,0,0,0,0
"312",312,"3",0,0,1,0,0,0,0,0,0,0
"313",313,"3",0,0,1,0,0,0,0,0,0,0
"314",314,"NA",0,0,0,0,0,0,0,0,0,1
"315",315,"2",0,1,0,0,0,0,0,0,0,0
"316",316,"4",0,0,0,1,0,0,0,0,0,0
"317",317,"NA",0,0,0,0,0,0,0,0,0,1
"318",318,"NA",0,0,0,0,0,0,0,0,0,1
"319",319,"4",0,0,0,1,0,0,0,0,0,0
"320",320,"2",0,1,0,0,0,0,0,0,0,0
"321",321,"2",0,1,0,0,0,0,0,0,0,0
"322",322,"3",0,0,1,0,0,0,0,0,0,0
"323",323,"2",0,1,0,0,0,0,0,0,0,0
"324",324,"2",0,1,0,0,0,0,0,0,0,0
"325",325,"2",0,1,0,0,0,0,0,0,0,0
"326",326,"1",1,0,0,0,0,0,0,0,0,0
"327",327,"3",0,0,1,0,0,0,0,0,0,0
"328",328,"3",0,0,1,0,0,0,0,0,0,0
"329",329,"2",0,1,0,0,0,0,0,0,0,0
"330",330,"1",1,0,0,0,0,0,0,0,0,0
"331",331,"1",1,0,0,0,0,0,0,0,0,0
"332",332,"2",0,1,0,0,0,0,0,0,0,0
"333",333,"1",1,0,0,0,0,0,0,0,0,0
"334",334,"2",0,1,0,0,0,0,0,0,0,0
"335",335,"1",1,0,0,0,0,0,0,0,0,0
"336",336,"3",0,0,1,0,0,0,0,0,0,0
"337",337,"1",1,0,0,0,0,0,0,0,0,0
"338",338,"1",1,0,0,0,0,0,0,0,0,0
"339",339,"2",0,1,0,0,0,0,0,0,0,0
"340",340,"2",0,1,0,0,0,0,0,0,0,0
"341",341,"2",0,1,0,0,0,0,0,0,0,0
"342",342,"2",0,1,0,0,0,0,0,0,0,0
"343",343,"1",1,0,0,0,0,0,0,0,0,0
"344",344,"1",1,0,0,0,0,0,0,0,0,0
"345",345,"3",0,0,1,0,0,0,0,0,0,0
"346",346,"2",0,1,0,0,0,0,0,0,0,0
"347",347,"3",0,0,1,0,0,0,0,0,0,0
"348",348,"2",0,1,0,0,0,0,0,0,0,0
"349",349,"2",0,1,0,0,0,0,0,0,0,0
"350",350,"1",1,0,0,0,0,0,0,0,0,0
"351",351,"1",1,0,0,0,0,0,0,0,0,0
"352",352,"NA",0,0,0,0,0,0,0,0,0,1
"353",353,"2",0,1,0,0,0,0,0,0,0,0
"354",354,"NA",0,0,0,0,0,0,0,0,0,1
"355",355,"3",0,0,1,0,0,0,0,0,0,0
"356",356,"3",0,0,1,0,0,0,0,0,0,0
"357",357,"NA",0,0,0,0,0,0,0,0,0,1
"358",358,"2",0,1,0,0,0,0,0,0,0,0
"359",359,"2",0,1,0,0,0,0,0,0,0,0
"360",360,"2",0,1,0,0,0,0,0,0,0,0
"361",361,"4",0,0,0,1,0,0,0,0,0,0
"362",362,"2",0,1,0,0,0,0,0,0,0,0
"363",363,"3",0,0,1,0,0,0,0,0,0,0
"364",364,"2",0,1,0,0,0,0,0,0,0,0
"365",365,"1",1,0,0,0,0,0,0,0,0,0
"366",366,"2",0,1,0,0,0,0,0,0,0,0
"367",367,"1",1,0,0,0,0,0,0,0,0,0
"368",368,"2",0,1,0,0,0,0,0,0,0,0
"369",369,"2",0,1,0,0,0,0,0,0,0,0
"370",370,"4",0,0,0,1,0,0,0,0,0,0
"371",371,"NA",0,0,0,0,0,0,0,0,0,1
"372",372,"1",1,0,0,0,0,0,0,0,0,0
"373",373,"1",1,0,0,0,0,0,0,0,0,0
"374",374,"3",0,0,1,0,0,0,0,0,0,0
"375",375,"2",0,1,0,0,0,0,0,0,0,0
"376",376,"1",1,0,0,0,0,0,0,0,0,0
"377",377,"1",1,0,0,0,0,0,0,0,0,0
"378",378,"1",1,0,0,0,0,0,0,0,0,0
"379",379,"2",0,1,0,0,0,0,0,0,0,0
"380",380,"3",0,0,1,0,0,0,0,0,0,0
"381",381,"1",1,0,0,0,0,0,0,0,0,0
"382",382,"NA",0,0,0,0,0,0,0,0,0,1
"383",383,"2",0,1,0,0,0,0,0,0,0,0
"384",384,"NA",0,0,0,0,0,0,0,0,0,1
"385",385,"1",1,0,0,0,0,0,0,0,0,0
"386",386,"NA",0,0,0,0,0,0,0,0,0,1
"387",387,"2",0,1,0,0,0,0,0,0,0,0
"388",388,"2",0,1,0,0,0,0,0,0,0,0
"389",389,"3",0,0,1,0,0,0,0,0,0,0
"390",390,"3",0,0,1,0,0,0,0,0,0,0
"391",391,"2",0,1,0,0,0,0,0,0,0,0
"392",392,"2",0,1,0,0,0,0,0,0,0,0
"393",393,"1",1,0,0,0,0,0,0,0,0,0
"394",394,"2",0,1,0,0,0,0,0,0,0,0
"395",395,"1",1,0,0,0,0,0,0,0,0,0
"396",396,"2",0,1,0,0,0,0,0,0,0,0
"397",397,"4",0,0,0,1,0,0,0,0,0,0
"398",398,"1",1,0,0,0,0,0,0,0,0,0
"399",399,"2",0,1,0,0,0,0,0,0,0,0
"400",400,"3",0,0,1,0,0,0,0,0,0,0
"401",401,"4",0,0,0,1,0,0,0,0,0,0
"402",402,"1",1,0,0,0,0,0,0,0,0,0
"403",403,"1",1,0,0,0,0,0,0,0,0,0
"404",404,"2",0,1,0,0,0,0,0,0,0,0
"405",405,"3",0,0,1,0,0,0,0,0,0,0
"406",406,"2",0,1,0,0,0,0,0,0,0,0
"407",407,"2",0,1,0,0,0,0,0,0,0,0
"408",408,"1",1,0,0,0,0,0,0,0,0,0
"409",409,"1",1,0,0,0,0,0,0,0,0,0
"410",410,"4",0,0,0,1,0,0,0,0,0,0
"411",411,"2",0,1,0,0,0,0,0,0,0,0
"412",412,"1",1,0,0,0,0,0,0,0,0,0
"413",413,"1",1,0,0,0,0,0,0,0,0,0
"414",414,"2",0,1,0,0,0,0,0,0,0,0
"415",415,"NA",0,0,0,0,0,0,0,0,0,1
"416",416,"2",0,1,0,0,0,0,0,0,0,0
"417",417,"3",0,0,1,0,0,0,0,0,0,0
"418",418,"1",1,0,0,0,0,0,0,0,0,0
"419",419,"2",0,1,0,0,0,0,0,0,0,0
"420",420,"1",1,0,0,0,0,0,0,0,0,0
"421",421,"NA",0,0,0,0,0,0,0,0,0,1
"422",422,"3",0,0,1,0,0,0,0,0,0,0
"423",423,"NA",0,0,0,0,0,0,0,0,0,1
"424",424,"1",1,0,0,0,0,0,0,0,0,0
"425",425,"5",0,0,0,0,1,0,0,0,0,0
"426",426,"1",1,0,0,0,0,0,0,0,0,0
"427",427,"1",1,0,0,0,0,0,0,0,0,0
"428",428,"2",0,1,0,0,0,0,0,0,0,0
"429",429,"3",0,0,1,0,0,0,0,0,0,0
"430",430,"2",0,1,0,0,0,0,0,0,0,0
"431",431,"3",0,0,1,0,0,0,0,0,0,0
"432",432,"1",1,0,0,0,0,0,0,0,0,0
"433",433,"3",0,0,1,0,0,0,0,0,0,0
"434",434,"1",1,0,0,0,0,0,0,0,0,0
"435",435,"2",0,1,0,0,0,0,0,0,0,0
"436",436,"2",0,1,0,0,0,0,0,0,0,0
"437",437,"1",1,0,0,0,0,0,0,0,0,0
"438",438,"1",1,0,0,0,0,0,0,0,0,0
"439",439,"2",0,1,0,0,0,0,0,0,0,0
"440",440,"2",0,1,0,0,0,0,0,0,0,0
"441",441,"1",1,0,0,0,0,0,0,0,0,0
"442",442,"2",0,1,0,0,0,0,0,0,0,0
"443",443,"2",0,1,0,0,0,0,0,0,0,0
"444",444,"1",1,0,0,0,0,0,0,0,0,0
"445",445,"2",0,1,0,0,0,0,0,0,0,0
"446",446,"1",1,0,0,0,0,0,0,0,0,0
"447",447,"3",0,0,1,0,0,0,0,0,0,0
"448",448,"4",0,0,0,1,0,0,0,0,0,0
"449",449,"1",1,0,0,0,0,0,0,0,0,0
"450",450,"1",1,0,0,0,0,0,0,0,0,0
"451",451,"NA",0,0,0,0,0,0,0,0,0,1
"452",452,"3",0,0,1,0,0,0,0,0,0,0
"453",453,"2",0,1,0,0,0,0,0,0,0,0
"454",454,"2",0,1,0,0,0,0,0,0,0,0
"455",455,"1",1,0,0,0,0,0,0,0,0,0
"456",456,"1",1,0,0,0,0,0,0,0,0,0
"457",457,"2",0,1,0,0,0,0,0,0,0,0
"458",458,"3",0,0,1,0,0,0,0,0,0,0
"459",459,"3",0,0,1,0,0,0,0,0,0,0
"460",460,"4",0,0,0,1,0,0,0,0,0,0
"461",461,"6",0,0,0,0,0,1,0,0,0,0
"462",462,"1",1,0,0,0,0,0,0,0,0,0
"463",463,"3",0,0,1,0,0,0,0,0,0,0
"464",464,"1",1,0,0,0,0,0,0,0,0,0
"465",465,"2",0,1,0,0,0,0,0,0,0,0
"466",466,"2",0,1,0,0,0,0,0,0,0,0
"467",467,"2",0,1,0,0,0,0,0,0,0,0
"468",468,"3",0,0,1,0,0,0,0,0,0,0
"469",469,"2",0,1,0,0,0,0,0,0,0,0
"470",470,"1",1,0,0,0,0,0,0,0,0,0
"471",471,"1",1,0,0,0,0,0,0,0,0,0
"472",472,"2",0,1,0,0,0,0,0,0,0,0
"473",473,"2",0,1,0,0,0,0,0,0,0,0
"474",474,"1",1,0,0,0,0,0,0,0,0,0
"475",475,"3",0,0,1,0,0,0,0,0,0,0
"476",476,"3",0,0,1,0,0,0,0,0,0,0
"477",477,"1",1,0,0,0,0,0,0,0,0,0
"478",478,"4",0,0,0,1,0,0,0,0,0,0
"479",479,"2",0,1,0,0,0,0,0,0,0,0
"480",480,"2",0,1,0,0,0,0,0,0,0,0
"481",481,"1",1,0,0,0,0,0,0,0,0,0
"482",482,"3",0,0,1,0,0,0,0,0,0,0
"483",483,"NA",0,0,0,0,0,0,0,0,0,1
"484",484,"3",0,0,1,0,0,0,0,0,0,0
"485",485,"2",0,1,0,0,0,0,0,0,0,0
"486",486,"2",0,1,0,0,0,0,0,0,0,0
"487",487,"1",1,0,0,0,0,0,0,0,0,0
"488",488,"1",1,0,0,0,0,0,0,0,0,0
"489",489,"4",0,0,0,1,0,0,0,0,0,0
"490",490,"2",0,1,0,0,0,0,0,0,0,0
"491",491,"4",0,0,0,1,0,0,0,0,0,0
"492",492,"3",0,0,1,0,0,0,0,0,0,0
"493",493,"3",0,0,1,0,0,0,0,0,0,0
"494",494,"1",1,0,0,0,0,0,0,0,0,0
"495",495,"3",0,0,1,0,0,0,0,0,0,0
"496",496,"3",0,0,1,0,0,0,0,0,0,0
"497",497,"3",0,0,1,0,0,0,0,0,0,0
"498",498,"2",0,1,0,0,0,0,0,0,0,0
"499",499,"1",1,0,0,0,0,0,0,0,0,0
"500",500,"3",0,0,1,0,0,0,0,0,0,0
"501",501,"2",0,1,0,0,0,0,0,0,0,0
"502",502,"2",0,1,0,0,0,0,0,0,0,0
"503",503,"2",0,1,0,0,0,0,0,0,0,0
"504",504,"1",1,0,0,0,0,0,0,0,0,0
"505",505,"1",1,0,0,0,0,0,0,0,0,0
"506",506,"3",0,0,1,0,0,0,0,0,0,0
"507",507,"2",0,1,0,0,0,0,0,0,0,0
"508",508,"1",1,0,0,0,0,0,0,0,0,0
"509",509,"4",0,0,0,1,0,0,0,0,0,0
"510",510,"3",0,0,1,0,0,0,0,0,0,0
"511",511,"3",0,0,1,0,0,0,0,0,0,0
"512",512,"3",0,0,1,0,0,0,0,0,0,0
"513",513,"2",0,1,0,0,0,0,0,0,0,0
"514",514,"1",1,0,0,0,0,0,0,0,0,0
"515",515,"1",1,0,0,0,0,0,0,0,0,0
"516",516,"3",0,0,1,0,0,0,0,0,0,0
"517",517,"3",0,0,1,0,0,0,0,0,0,0
"518",518,"1",1,0,0,0,0,0,0,0,0,0
"519",519,"1",1,0,0,0,0,0,0,0,0,0
"520",520,"2",0,1,0,0,0,0,0,0,0,0
"521",521,"2",0,1,0,0,0,0,0,0,0,0
"522",522,"4",0,0,0,1,0,0,0,0,0,0
"523",523,"4",0,0,0,1,0,0,0,0,0,0
"524",524,"1",1,0,0,0,0,0,0,0,0,0
"525",525,"5",0,0,0,0,1,0,0,0,0,0
"526",526,"4",0,0,0,1,0,0,0,0,0,0
"527",527,"1",1,0,0,0,0,0,0,0,0,0
"528",528,"1",1,0,0,0,0,0,0,0,0,0
"529",529,"1",1,0,0,0,0,0,0,0,0,0
"530",530,"3",0,0,1,0,0,0,0,0,0,0
"531",531,"1",1,0,0,0,0,0,0,0,0,0
"532",532,"1",1,0,0,0,0,0,0,0,0,0
"533",533,"1",1,0,0,0,0,0,0,0,0,0
"534",534,"1",1,0,0,0,0,0,0,0,0,0
"535",535,"1",1,0,0,0,0,0,0,0,0,0
"536",536,"1",1,0,0,0,0,0,0,0,0,0
"537",537,"1",1,0,0,0,0,0,0,0,0,0
"538",538,"2",0,1,0,0,0,0,0,0,0,0
"539",539,"3",0,0,1,0,0,0,0,0,0,0
"540",540,"1",1,0,0,0,0,0,0,0,0,0
"541",541,"3",0,0,1,0,0,0,0,0,0,0
"542",542,"1",1,0,0,0,0,0,0,0,0,0
"543",543,"3",0,0,1,0,0,0,0,0,0,0
"544",544,"2",0,1,0,0,0,0,0,0,0,0
"545",545,"2",0,1,0,0,0,0,0,0,0,0
"546",546,"2",0,1,0,0,0,0,0,0,0,0
"547",547,"2",0,1,0,0,0,0,0,0,0,0
"548",548,"1",1,0,0,0,0,0,0,0,0,0
"549",549,"NA",0,0,0,0,0,0,0,0,0,1
"550",550,"1",1,0,0,0,0,0,0,0,0,0
"551",551,"2",0,1,0,0,0,0,0,0,0,0
"552",552,"2",0,1,0,0,0,0,0,0,0,0
"553",553,"NA",0,0,0,0,0,0,0,0,0,1
"554",554,"NA",0,0,0,0,0,0,0,0,0,1
"555",555,"1",1,0,0,0,0,0,0,0,0,0
"556",556,"1",1,0,0,0,0,0,0,0,0,0
"557",557,"1",1,0,0,0,0,0,0,0,0,0
"558",558,"1",1,0,0,0,0,0,0,0,0,0
"559",559,"2",0,1,0,0,0,0,0,0,0,0
"560",560,"1",1,0,0,0,0,0,0,0,0,0
"561",561,"4",0,0,0,1,0,0,0,0,0,0
"562",562,"1",1,0,0,0,0,0,0,0,0,0
"563",563,"1",1,0,0,0,0,0,0,0,0,0
"564",564,"1",1,0,0,0,0,0,0,0,0,0
"565",565,"4",0,0,0,1,0,0,0,0,0,0
"566",566,"NA",0,0,0,0,0,0,0,0,0,1
"567",567,"3",0,0,1,0,0,0,0,0,0,0
"568",568,"NA",0,0,0,0,0,0,0,0,0,1
"569",569,"1",1,0,0,0,0,0,0,0,0,0
"570",570,"4",0,0,0,1,0,0,0,0,0,0
"571",571,"3",0,0,1,0,0,0,0,0,0,0
"572",572,"1",1,0,0,0,0,0,0,0,0,0
"573",573,"1",1,0,0,0,0,0,0,0,0,0
"574",574,"2",0,1,0,0,0,0,0,0,0,0
"575",575,"1",1,0,0,0,0,0,0,0,0,0
"576",576,"NA",0,0,0,0,0,0,0,0,0,1
"577",577,"2",0,1,0,0,0,0,0,0,0,0
"578",578,"3",0,0,1,0,0,0,0,0,0,0
"579",579,"2",0,1,0,0,0,0,0,0,0,0
"580",580,"1",1,0,0,0,0,0,0,0,0,0
"581",581,"1",1,0,0,0,0,0,0,0,0,0
"582",582,"1",1,0,0,0,0,0,0,0,0,0
"583",583,"2",0,1,0,0,0,0,0,0,0,0
"584",584,"3",0,0,1,0,0,0,0,0,0,0
"585",585,"1",1,0,0,0,0,0,0,0,0,0
"586",586,"2",0,1,0,0,0,0,0,0,0,0
"587",587,"3",0,0,1,0,0,0,0,0,0,0
"588",588,"1",1,0,0,0,0,0,0,0,0,0
"589",589,"3",0,0,1,0,0,0,0,0,0,0
"590",590,"1",1,0,0,0,0,0,0,0,0,0
"591",591,"2",0,1,0,0,0,0,0,0,0,0
"592",592,"2",0,1,0,0,0,0,0,0,0,0
"593",593,"NA",0,0,0,0,0,0,0,0,0,1
"594",594,"NA",0,0,0,0,0,0,0,0,0,1
"595",595,"4",0,0,0,1,0,0,0,0,0,0
"596",596,"NA",0,0,0,0,0,0,0,0,0,1
"597",597,"2",0,1,0,0,0,0,0,0,0,0
"598",598,"2",0,1,0,0,0,0,0,0,0,0
"599",599,"4",0,0,0,1,0,0,0,0,0,0
"600",600,"1",1,0,0,0,0,0,0,0,0,0
"601",601,"2",0,1,0,0,0,0,0,0,0,0
"602",602,"2",0,1,0,0,0,0,0,0,0,0
"603",603,"2",0,1,0,0,0,0,0,0,0,0
"604",604,"3",0,0,1,0,0,0,0,0,0,0
"605",605,"3",0,0,1,0,0,0,0,0,0,0
"606",606,"1",1,0,0,0,0,0,0,0,0,0
"607",607,"NA",0,0,0,0,0,0,0,0,0,1
"608",608,"1",1,0,0,0,0,0,0,0,0,0
"609",609,"2",0,1,0,0,0,0,0,0,0,0
"610",610,"3",0,0,1,0,0,0,0,0,0,0
"611",611,"3",0,0,1,0,0,0,0,0,0,0
"612",612,"NA",0,0,0,0,0,0,0,0,0,1
"613",613,"2",0,1,0,0,0,0,0,0,0,0
"614",614,"1",1,0,0,0,0,0,0,0,0,0
"615",615,"3",0,0,1,0,0,0,0,0,0,0
"616",616,"1",1,0,0,0,0,0,0,0,0,0
"617",617,"2",0,1,0,0,0,0,0,0,0,0
"618",618,"2",0,1,0,0,0,0,0,0,0,0
"619",619,"NA",0,0,0,0,0,0,0,0,0,1
"620",620,"3",0,0,1,0,0,0,0,0,0,0
"621",621,"4",0,0,0,1,0,0,0,0,0,0
"622",622,"1",1,0,0,0,0,0,0,0,0,0
"623",623,"1",1,0,0,0,0,0,0,0,0,0
"624",624,"3",0,0,1,0,0,0,0,0,0,0
"625",625,"2",0,1,0,0,0,0,0,0,0,0
"626",626,"3",0,0,1,0,0,0,0,0,0,0
"627",627,"2",0,1,0,0,0,0,0,0,0,0
"628",628,"2",0,1,0,0,0,0,0,0,0,0
"629",629,"2",0,1,0,0,0,0,0,0,0,0
"630",630,"1",1,0,0,0,0,0,0,0,0,0
"631",631,"4",0,0,0,1,0,0,0,0,0,0
"632",632,"2",0,1,0,0,0,0,0,0,0,0
"633",633,"3",0,0,1,0,0,0,0,0,0,0
"634",634,"2",0,1,0,0,0,0,0,0,0,0
"635",635,"3",0,0,1,0,0,0,0,0,0,0
"636",636,"8",0,0,0,0,0,0,0,1,0,0
"637",637,"1",1,0,0,0,0,0,0,0,0,0
"638",638,"4",0,0,0,1,0,0,0,0,0,0
"639",639,"1",1,0,0,0,0,0,0,0,0,0
"640",640,"1",1,0,0,0,0,0,0,0,0,0
"641",641,"3",0,0,1,0,0,0,0,0,0,0
"642",642,"3",0,0,1,0,0,0,0,0,0,0
"643",643,"2",0,1,0,0,0,0,0,0,0,0
"644",644,"3",0,0,1,0,0,0,0,0,0,0
"645",645,"2",0,1,0,0,0,0,0,0,0,0
"646",646,"1",1,0,0,0,0,0,0,0,0,0
"647",647,"3",0,0,1,0,0,0,0,0,0,0
"648",648,"2",0,1,0,0,0,0,0,0,0,0
"649",649,"2",0,1,0,0,0,0,0,0,0,0
"650",650,"2",0,1,0,0,0,0,0,0,0,0
"651",651,"NA",0,0,0,0,0,0,0,0,0,1
"652",652,"1",1,0,0,0,0,0,0,0,0,0
"653",653,"1",1,0,0,0,0,0,0,0,0,0
"654",654,"1",1,0,0,0,0,0,0,0,0,0
"655",655,"5",0,0,0,0,1,0,0,0,0,0
"656",656,"1",1,0,0,0,0,0,0,0,0,0
"657",657,"NA",0,0,0,0,0,0,0,0,0,1
"658",658,"1",1,0,0,0,0,0,0,0,0,0
"659",659,"1",1,0,0,0,0,0,0,0,0,0
"660",660,"2",0,1,0,0,0,0,0,0,0,0
"661",661,"4",0,0,0,1,0,0,0,0,0,0
"662",662,"2",0,1,0,0,0,0,0,0,0,0
"663",663,"4",0,0,0,1,0,0,0,0,0,0
"664",664,"2",0,1,0,0,0,0,0,0,0,0
"665",665,"2",0,1,0,0,0,0,0,0,0,0
"666",666,"5",0,0,0,0,1,0,0,0,0,0
"667",667,"1",1,0,0,0,0,0,0,0,0,0
"668",668,"2",0,1,0,0,0,0,0,0,0,0
"669",669,"1",1,0,0,0,0,0,0,0,0,0
"670",670,"5",0,0,0,0,1,0,0,0,0,0
"671",671,"1",1,0,0,0,0,0,0,0,0,0
"672",672,"1",1,0,0,0,0,0,0,0,0,0
"673",673,"3",0,0,1,0,0,0,0,0,0,0
"674",674,"3",0,0,1,0,0,0,0,0,0,0
"675",675,"NA",0,0,0,0,0,0,0,0,0,1
"676",676,"NA",0,0,0,0,0,0,0,0,0,1
"677",677,"2",0,1,0,0,0,0,0,0,0,0
"678",678,"2",0,1,0,0,0,0,0,0,0,0
"679",679,"3",0,0,1,0,0,0,0,0,0,0
"680",680,"1",1,0,0,0,0,0,0,0,0,0
"681",681,"1",1,0,0,0,0,0,0,0,0,0
"682",682,"2",0,1,0,0,0,0,0,0,0,0
"683",683,"3",0,0,1,0,0,0,0,0,0,0
"684",684,"NA",0,0,0,0,0,0,0,0,0,1
"685",685,"2",0,1,0,0,0,0,0,0,0,0
"686",686,"1",1,0,0,0,0,0,0,0,0,0
"687",687,"1",1,0,0,0,0,0,0,0,0,0
"688",688,"2",0,1,0,0,0,0,0,0,0,0
"689",689,"2",0,1,0,0,0,0,0,0,0,0
"690",690,"1",1,0,0,0,0,0,0,0,0,0
"691",691,"1",1,0,0,0,0,0,0,0,0,0
"692",692,"5",0,0,0,0,1,0,0,0,0,0
"693",693,"1",1,0,0,0,0,0,0,0,0,0
"694",694,"2",0,1,0,0,0,0,0,0,0,0
"695",695,"3",0,0,1,0,0,0,0,0,0,0
"696",696,"4",0,0,0,1,0,0,0,0,0,0
"697",697,"3",0,0,1,0,0,0,0,0,0,0
"698",698,"3",0,0,1,0,0,0,0,0,0,0
"699",699,"2",0,1,0,0,0,0,0,0,0,0
"700",700,"1",1,0,0,0,0,0,0,0,0,0
"701",701,"NA",0,0,0,0,0,0,0,0,0,1
"702",702,"1",1,0,0,0,0,0,0,0,0,0
"703",703,"1",1,0,0,0,0,0,0,0,0,0
"704",704,"4",0,0,0,1,0,0,0,0,0,0
"705",705,"7",0,0,0,0,0,0,1,0,0,0
"706",706,"NA",0,0,0,0,0,0,0,0,0,1
"707",707,"1",1,0,0,0,0,0,0,0,0,0
"708",708,"1",1,0,0,0,0,0,0,0,0,0
"709",709,"3",0,0,1,0,0,0,0,0,0,0
"710",710,"2",0,1,0,0,0,0,0,0,0,0
"711",711,"3",0,0,1,0,0,0,0,0,0,0
"712",712,"2",0,1,0,0,0,0,0,0,0,0
"713",713,"2",0,1,0,0,0,0,0,0,0,0
"714",714,"1",1,0,0,0,0,0,0,0,0,0
"715",715,"2",0,1,0,0,0,0,0,0,0,0
"716",716,"2",0,1,0,0,0,0,0,0,0,0
"717",717,"2",0,1,0,0,0,0,0,0,0,0
"718",718,"2",0,1,0,0,0,0,0,0,0,0
"719",719,"2",0,1,0,0,0,0,0,0,0,0
"720",720,"3",0,0,1,0,0,0,0,0,0,0
"721",721,"1",1,0,0,0,0,0,0,0,0,0
"722",722,"4",0,0,0,1,0,0,0,0,0,0
"723",723,"NA",0,0,0,0,0,0,0,0,0,1
"724",724,"2",0,1,0,0,0,0,0,0,0,0
"725",725,"3",0,0,1,0,0,0,0,0,0,0
"726",726,"1",1,0,0,0,0,0,0,0,0,0
"727",727,"1",1,0,0,0,0,0,0,0,0,0
"728",728,"2",0,1,0,0,0,0,0,0,0,0
"729",729,"2",0,1,0,0,0,0,0,0,0,0
"730",730,"1",1,0,0,0,0,0,0,0,0,0
"731",731,"3",0,0,1,0,0,0,0,0,0,0
"732",732,"1",1,0,0,0,0,0,0,0,0,0
"733",733,"NA",0,0,0,0,0,0,0,0,0,1
"734",734,"1",1,0,0,0,0,0,0,0,0,0
"735",735,"NA",0,0,0,0,0,0,0,0,0,1
"736",736,"1",1,0,0,0,0,0,0,0,0,0
"737",737,"7",0,0,0,0,0,0,1,0,0,0
"738",738,"1",1,0,0,0,0,0,0,0,0,0
"739",739,"1",1,0,0,0,0,0,0,0,0,0
"740",740,"1",1,0,0,0,0,0,0,0,0,0
"741",741,"2",0,1,0,0,0,0,0,0,0,0
"742",742,"1",1,0,0,0,0,0,0,0,0,0
"743",743,"NA",0,0,0,0,0,0,0,0,0,1
"744",744,"3",0,0,1,0,0,0,0,0,0,0
"745",745,"1",1,0,0,0,0,0,0,0,0,0
"746",746,"2",0,1,0,0,0,0,0,0,0,0
"747",747,"1",1,0,0,0,0,0,0,0,0,0
"748",748,"3",0,0,1,0,0,0,0,0,0,0
"749",749,"5",0,0,0,0,1,0,0,0,0,0
"750",750,"2",0,1,0,0,0,0,0,0,0,0
"751",751,"2",0,1,0,0,0,0,0,0,0,0
"752",752,"2",0,1,0,0,0,0,0,0,0,0
"753",753,"2",0,1,0,0,0,0,0,0,0,0
"754",754,"1",1,0,0,0,0,0,0,0,0,0
"755",755,"3",0,0,1,0,0,0,0,0,0,0
"756",756,"2",0,1,0,0,0,0,0,0,0,0
"757",757,"1",1,0,0,0,0,0,0,0,0,0
"758",758,"2",0,1,0,0,0,0,0,0,0,0
"759",759,"1",1,0,0,0,0,0,0,0,0,0
"760",760,"3",0,0,1,0,0,0,0,0,0,0
"761",761,"2",0,1,0,0,0,0,0,0,0,0
"762",762,"2",0,1,0,0,0,0,0,0,0,0
"763",763,"3",0,0,1,0,0,0,0,0,0,0
"764",764,"2",0,1,0,0,0,0,0,0,0,0
"765",765,"5",0,0,0,0,1,0,0,0,0,0
"766",766,"1",1,0,0,0,0,0,0,0,0,0
"767",767,"NA",0,0,0,0,0,0,0,0,0,1
"768",768,"2",0,1,0,0,0,0,0,0,0,0
"769",769,"1",1,0,0,0,0,0,0,0,0,0
"770",770,"1",1,0,0,0,0,0,0,0,0,0
"771",771,"2",0,1,0,0,0,0,0,0,0,0
"772",772,"2",0,1,0,0,0,0,0,0,0,0
"773",773,"2",0,1,0,0,0,0,0,0,0,0
"774",774,"2",0,1,0,0,0,0,0,0,0,0
"775",775,"1",1,0,0,0,0,0,0,0,0,0
"776",776,"1",1,0,0,0,0,0,0,0,0,0
"777",777,"4",0,0,0,1,0,0,0,0,0,0
"778",778,"2",0,1,0,0,0,0,0,0,0,0
"779",779,"2",0,1,0,0,0,0,0,0,0,0
"780",780,"2",0,1,0,0,0,0,0,0,0,0
"781",781,"1",1,0,0,0,0,0,0,0,0,0
"782",782,"2",0,1,0,0,0,0,0,0,0,0
"783",783,"1",1,0,0,0,0,0,0,0,0,0
"784",784,"2",0,1,0,0,0,0,0,0,0,0
"785",785,"2",0,1,0,0,0,0,0,0,0,0
"786",786,"2",0,1,0,0,0,0,0,0,0,0
"787",787,"2",0,1,0,0,0,0,0,0,0,0
"788",788,"1",1,0,0,0,0,0,0,0,0,0
"789",789,"3",0,0,1,0,0,0,0,0,0,0
"790",790,"3",0,0,1,0,0,0,0,0,0,0
"791",791,"3",0,0,1,0,0,0,0,0,0,0
"792",792,"2",0,1,0,0,0,0,0,0,0,0
"793",793,"2",0,1,0,0,0,0,0,0,0,0
"794",794,"4",0,0,0,1,0,0,0,0,0,0
"795",795,"3",0,0,1,0,0,0,0,0,0,0
"796",796,"NA",0,0,0,0,0,0,0,0,0,1
"797",797,"2",0,1,0,0,0,0,0,0,0,0
"798",798,"1",1,0,0,0,0,0,0,0,0,0
"799",799,"NA",0,0,0,0,0,0,0,0,0,1
"800",800,"2",0,1,0,0,0,0,0,0,0,0
"801",801,"2",0,1,0,0,0,0,0,0,0,0
"802",802,"3",0,0,1,0,0,0,0,0,0,0
"803",803,"1",1,0,0,0,0,0,0,0,0,0
"804",804,"2",0,1,0,0,0,0,0,0,0,0
"805",805,"1",1,0,0,0,0,0,0,0,0,0
"806",806,"3",0,0,1,0,0,0,0,0,0,0
"807",807,"1",1,0,0,0,0,0,0,0,0,0
"808",808,"1",1,0,0,0,0,0,0,0,0,0
"809",809,"1",1,0,0,0,0,0,0,0,0,0
"810",810,"2",0,1,0,0,0,0,0,0,0,0
"811",811,"3",0,0,1,0,0,0,0,0,0,0
"812",812,"2",0,1,0,0,0,0,0,0,0,0
"813",813,"NA",0,0,0,0,0,0,0,0,0,1
"814",814,"3",0,0,1,0,0,0,0,0,0,0
"815",815,"1",1,0,0,0,0,0,0,0,0,0
"816",816,"2",0,1,0,0,0,0,0,0,0,0
"817",817,"NA",0,0,0,0,0,0,0,0,0,1
"818",818,"1",1,0,0,0,0,0,0,0,0,0
"819",819,"2",0,1,0,0,0,0,0,0,0,0
"820",820,"1",1,0,0,0,0,0,0,0,0,0
"821",821,"2",0,1,0,0,0,0,0,0,0,0
"822",822,"4",0,0,0,1,0,0,0,0,0,0
"823",823,"2",0,1,0,0,0,0,0,0,0,0
"824",824,"3",0,0,1,0,0,0,0,0,0,0
"825",825,"3",0,0,1,0,0,0,0,0,0,0
"826",826,"1",1,0,0,0,0,0,0,0,0,0
"827",827,"1",1,0,0,0,0,0,0,0,0,0
"828",828,"4",0,0,0,1,0,0,0,0,0,0
"829",829,"2",0,1,0,0,0,0,0,0,0,0
"830",830,"1",1,0,0,0,0,0,0,0,0,0
"831",831,"NA",0,0,0,0,0,0,0,0,0,1
"832",832,"1",1,0,0,0,0,0,0,0,0,0
"833",833,"2",0,1,0,0,0,0,0,0,0,0
"834",834,"3",0,0,1,0,0,0,0,0,0,0
"835",835,"3",0,0,1,0,0,0,0,0,0,0
"836",836,"1",1,0,0,0,0,0,0,0,0,0
"837",837,"NA",0,0,0,0,0,0,0,0,0,1
"838",838,"3",0,0,1,0,0,0,0,0,0,0
"839",839,"1",1,0,0,0,0,0,0,0,0,0
"840",840,"2",0,1,0,0,0,0,0,0,0,0
"841",841,"4",0,0,0,1,0,0,0,0,0,0
"842",842,"NA",0,0,0,0,0,0,0,0,0,1
"843",843,"1",1,0,0,0,0,0,0,0,0,0
"844",844,"2",0,1,0,0,0,0,0,0,0,0
"845",845,"3",0,0,1,0,0,0,0,0,0,0
"846",846,"1",1,0,0,0,0,0,0,0,0,0
"847",847,"2",0,1,0,0,0,0,0,0,0,0
"848",848,"NA",0,0,0,0,0,0,0,0,0,1
"849",849,"2",0,1,0,0,0,0,0,0,0,0
"850",850,"2",0,1,0,0,0,0,0,0,0,0
"851",851,"1",1,0,0,0,0,0,0,0,0,0
"852",852,"2",0,1,0,0,0,0,0,0,0,0
"853",853,"3",0,0,1,0,0,0,0,0,0,0
"854",854,"1",1,0,0,0,0,0,0,0,0,0
"855",855,"2",0,1,0,0,0,0,0,0,0,0
"856",856,"NA",0,0,0,0,0,0,0,0,0,1
"857",857,"2",0,1,0,0,0,0,0,0,0,0
"858",858,"1",1,0,0,0,0,0,0,0,0,0
"859",859,"4",0,0,0,1,0,0,0,0,0,0
"860",860,"2",0,1,0,0,0,0,0,0,0,0
"861",861,"2",0,1,0,0,0,0,0,0,0,0
"862",862,"1",1,0,0,0,0,0,0,0,0,0
"863",863,"1",1,0,0,0,0,0,0,0,0,0
"864",864,"2",0,1,0,0,0,0,0,0,0,0
"865",865,"2",0,1,0,0,0,0,0,0,0,0
"866",866,"1",1,0,0,0,0,0,0,0,0,0
"867",867,"4",0,0,0,1,0,0,0,0,0,0
"868",868,"2",0,1,0,0,0,0,0,0,0,0
"869",869,"2",0,1,0,0,0,0,0,0,0,0
"870",870,"NA",0,0,0,0,0,0,0,0,0,1
"871",871,"3",0,0,1,0,0,0,0,0,0,0
"872",872,"2",0,1,0,0,0,0,0,0,0,0
"873",873,"1",1,0,0,0,0,0,0,0,0,0
"874",874,"NA",0,0,0,0,0,0,0,0,0,1
"875",875,"4",0,0,0,1,0,0,0,0,0,0
"876",876,"3",0,0,1,0,0,0,0,0,0,0
"877",877,"1",1,0,0,0,0,0,0,0,0,0
"878",878,"2",0,1,0,0,0,0,0,0,0,0
"879",879,"3",0,0,1,0,0,0,0,0,0,0
"880",880,"1",1,0,0,0,0,0,0,0,0,0
"881",881,"2",0,1,0,0,0,0,0,0,0,0
"882",882,"1",1,0,0,0,0,0,0,0,0,0
"883",883,"1",1,0,0,0,0,0,0,0,0,0
"884",884,"2",0,1,0,0,0,0,0,0,0,0
"885",885,"4",0,0,0,1,0,0,0,0,0,0
"886",886,"2",0,1,0,0,0,0,0,0,0,0
"887",887,"3",0,0,1,0,0,0,0,0,0,0
"888",888,"4",0,0,0,1,0,0,0,0,0,0
"889",889,"9",0,0,0,0,0,0,0,0,1,0
"890",890,"1",1,0,0,0,0,0,0,0,0,0
"891",891,"1",1,0,0,0,0,0,0,0,0,0
"892",892,"2",0,1,0,0,0,0,0,0,0,0
"893",893,"1",1,0,0,0,0,0,0,0,0,0
"894",894,"1",1,0,0,0,0,0,0,0,0,0
"895",895,"2",0,1,0,0,0,0,0,0,0,0
"896",896,"2",0,1,0,0,0,0,0,0,0,0
"897",897,"NA",0,0,0,0,0,0,0,0,0,1
"898",898,"3",0,0,1,0,0,0,0,0,0,0
"899",899,"1",1,0,0,0,0,0,0,0,0,0
"900",900,"3",0,0,1,0,0,0,0,0,0,0
"901",901,"1",1,0,0,0,0,0,0,0,0,0
"902",902,"1",1,0,0,0,0,0,0,0,0,0
"903",903,"2",0,1,0,0,0,0,0,0,0,0
"904",904,"2",0,1,0,0,0,0,0,0,0,0
"905",905,"1",1,0,0,0,0,0,0,0,0,0
"906",906,"1",1,0,0,0,0,0,0,0,0,0
"907",907,"3",0,0,1,0,0,0,0,0,0,0
"908",908,"2",0,1,0,0,0,0,0,0,0,0
"909",909,"2",0,1,0,0,0,0,0,0,0,0
"910",910,"1",1,0,0,0,0,0,0,0,0,0
"911",911,"3",0,0,1,0,0,0,0,0,0,0
"912",912,"2",0,1,0,0,0,0,0,0,0,0
"913",913,"3",0,0,1,0,0,0,0,0,0,0
"914",914,"2",0,1,0,0,0,0,0,0,0,0
"915",915,"2",0,1,0,0,0,0,0,0,0,0
"916",916,"4",0,0,0,1,0,0,0,0,0,0
"917",917,"1",1,0,0,0,0,0,0,0,0,0
"918",918,"3",0,0,1,0,0,0,0,0,0,0
"919",919,"3",0,0,1,0,0,0,0,0,0,0
"920",920,"3",0,0,1,0,0,0,0,0,0,0
"921",921,"1",1,0,0,0,0,0,0,0,0,0
"922",922,"1",1,0,0,0,0,0,0,0,0,0
"923",923,"3",0,0,1,0,0,0,0,0,0,0
"924",924,"1",1,0,0,0,0,0,0,0,0,0
"925",925,"2",0,1,0,0,0,0,0,0,0,0
"926",926,"4",0,0,0,1,0,0,0,0,0,0
"927",927,"5",0,0,0,0,1,0,0,0,0,0
"928",928,"1",1,0,0,0,0,0,0,0,0,0
"929",929,"1",1,0,0,0,0,0,0,0,0,0
"930",930,"3",0,0,1,0,0,0,0,0,0,0
"931",931,"5",0,0,0,0,1,0,0,0,0,0
"932",932,"NA",0,0,0,0,0,0,0,0,0,1
"933",933,"2",0,1,0,0,0,0,0,0,0,0
"934",934,"NA",0,0,0,0,0,0,0,0,0,1
"935",935,"1",1,0,0,0,0,0,0,0,0,0
"936",936,"3",0,0,1,0,0,0,0,0,0,0
"937",937,"1",1,0,0,0,0,0,0,0,0,0
"938",938,"1",1,0,0,0,0,0,0,0,0,0
"939",939,"3",0,0,1,0,0,0,0,0,0,0
"940",940,"2",0,1,0,0,0,0,0,0,0,0
"941",941,"2",0,1,0,0,0,0,0,0,0,0
"942",942,"1",1,0,0,0,0,0,0,0,0,0
"943",943,"2",0,1,0,0,0,0,0,0,0,0
"944",944,"NA",0,0,0,0,0,0,0,0,0,1
"945",945,"1",1,0,0,0,0,0,0,0,0,0
"946",946,"1",1,0,0,0,0,0,0,0,0,0
"947",947,"NA",0,0,0,0,0,0,0,0,0,1
"948",948,"2",0,1,0,0,0,0,0,0,0,0
"949",949,"1",1,0,0,0,0,0,0,0,0,0
"950",950,"2",0,1,0,0,0,0,0,0,0,0
"951",951,"5",0,0,0,0,1,0,0,0,0,0
"952",952,"2",0,1,0,0,0,0,0,0,0,0
"953",953,"1",1,0,0,0,0,0,0,0,0,0
"954",954,"3",0,0,1,0,0,0,0,0,0,0
"955",955,"NA",0,0,0,0,0,0,0,0,0,1
"956",956,"1",1,0,0,0,0,0,0,0,0,0
"957",957,"1",1,0,0,0,0,0,0,0,0,0
"958",958,"NA",0,0,0,0,0,0,0,0,0,1
"959",959,"3",0,0,1,0,0,0,0,0,0,0
"960",960,"1",1,0,0,0,0,0,0,0,0,0
"961",961,"1",1,0,0,0,0,0,0,0,0,0
"962",962,"1",1,0,0,0,0,0,0,0,0,0
"963",963,"1",1,0,0,0,0,0,0,0,0,0
"964",964,"NA",0,0,0,0,0,0,0,0,0,1
"965",965,"2",0,1,0,0,0,0,0,0,0,0
"966",966,"1",1,0,0,0,0,0,0,0,0,0
"967",967,"1",1,0,0,0,0,0,0,0,0,0
"968",968,"4",0,0,0,1,0,0,0,0,0,0
"969",969,"2",0,1,0,0,0,0,0,0,0,0
"970",970,"2",0,1,0,0,0,0,0,0,0,0
"971",971,"3",0,0,1,0,0,0,0,0,0,0
"972",972,"2",0,1,0,0,0,0,0,0,0,0
"973",973,"2",0,1,0,0,0,0,0,0,0,0
"974",974,"2",0,1,0,0,0,0,0,0,0,0
"975",975,"1",1,0,0,0,0,0,0,0,0,0
"976",976,"2",0,1,0,0,0,0,0,0,0,0
"977",977,"2",0,1,0,0,0,0,0,0,0,0
"978",978,"4",0,0,0,1,0,0,0,0,0,0
"979",979,"3",0,0,1,0,0,0,0,0,0,0
"980",980,"3",0,0,1,0,0,0,0,0,0,0
"981",981,"3",0,0,1,0,0,0,0,0,0,0
"982",982,"2",0,1,0,0,0,0,0,0,0,0
"983",983,"2",0,1,0,0,0,0,0,0,0,0
"984",984,"2",0,1,0,0,0,0,0,0,0,0
"985",985,"2",0,1,0,0,0,0,0,0,0,0
"986",986,"1",1,0,0,0,0,0,0,0,0,0
"987",987,"2",0,1,0,0,0,0,0,0,0,0
"988",988,"2",0,1,0,0,0,0,0,0,0,0
"989",989,"1",1,0,0,0,0,0,0,0,0,0
"990",990,"2",0,1,0,0,0,0,0,0,0,0
"991",991,"3",0,0,1,0,0,0,0,0,0,0
"992",992,"3",0,0,1,0,0,0,0,0,0,0
"993",993,"1",1,0,0,0,0,0,0,0,0,0
"994",994,"4",0,0,0,1,0,0,0,0,0,0
"995",995,"2",0,1,0,0,0,0,0,0,0,0
"996",996,"3",0,0,1,0,0,0,0,0,0,0
"997",997,"1",1,0,0,0,0,0,0,0,0,0
"998",998,"2",0,1,0,0,0,0,0,0,0,0
"999",999,"2",0,1,0,0,0,0,0,0,0,0
"1000",1000,"1",1,0,0,0,0,0,0,0,0,0
"1001",1001,"2",0,1,0,0,0,0,0,0,0,0
"1002",1002,"2",0,1,0,0,0,0,0,0,0,0
"1003",1003,"1",1,0,0,0,0,0,0,0,0,0
"1004",1004,"1",1,0,0,0,0,0,0,0,0,0
"1005",1005,"3",0,0,1,0,0,0,0,0,0,0
"1006",1006,"3",0,0,1,0,0,0,0,0,0,0
"1007",1007,"1",1,0,0,0,0,0,0,0,0,0
"1008",1008,"2",0,1,0,0,0,0,0,0,0,0
"1009",1009,"NA",0,0,0,0,0,0,0,0,0,1
"1010",1010,"3",0,0,1,0,0,0,0,0,0,0
"1011",1011,"2",0,1,0,0,0,0,0,0,0,0
"1012",1012,"2",0,1,0,0,0,0,0,0,0,0
"1013",1013,"2",0,1,0,0,0,0,0,0,0,0
"1014",1014,"1",1,0,0,0,0,0,0,0,0,0
"1015",1015,"5",0,0,0,0,1,0,0,0,0,0
"1016",1016,"NA",0,0,0,0,0,0,0,0,0,1
"1017",1017,"5",0,0,0,0,1,0,0,0,0,0
"1018",1018,"4",0,0,0,1,0,0,0,0,0,0
"1019",1019,"2",0,1,0,0,0,0,0,0,0,0
"1020",1020,"1",1,0,0,0,0,0,0,0,0,0
"1021",1021,"1",1,0,0,0,0,0,0,0,0,0
"1022",1022,"3",0,0,1,0,0,0,0,0,0,0
"1023",1023,"2",0,1,0,0,0,0,0,0,0,0
"1024",1024,"3",0,0,1,0,0,0,0,0,0,0
"1025",1025,"1",1,0,0,0,0,0,0,0,0,0
"1026",1026,"2",0,1,0,0,0,0,0,0,0,0
"1027",1027,"1",1,0,0,0,0,0,0,0,0,0
"1028",1028,"2",0,1,0,0,0,0,0,0,0,0
"1029",1029,"1",1,0,0,0,0,0,0,0,0,0
"1030",1030,"3",0,0,1,0,0,0,0,0,0,0
"1031",1031,"3",0,0,1,0,0,0,0,0,0,0
"1032",1032,"1",1,0,0,0,0,0,0,0,0,0
"1033",1033,"3",0,0,1,0,0,0,0,0,0,0
"1034",1034,"2",0,1,0,0,0,0,0,0,0,0
"1035",1035,"4",0,0,0,1,0,0,0,0,0,0
"1036",1036,"1",1,0,0,0,0,0,0,0,0,0
"1037",1037,"2",0,1,0,0,0,0,0,0,0,0
"1038",1038,"2",0,1,0,0,0,0,0,0,0,0
"1039",1039,"NA",0,0,0,0,0,0,0,0,0,1
"1040",1040,"2",0,1,0,0,0,0,0,0,0,0
"1041",1041,"NA",0,0,0,0,0,0,0,0,0,1
"1042",1042,"1",1,0,0,0,0,0,0,0,0,0
"1043",1043,"2",0,1,0,0,0,0,0,0,0,0
"1044",1044,"1",1,0,0,0,0,0,0,0,0,0
"1045",1045,"2",0,1,0,0,0,0,0,0,0,0
"1046",1046,"4",0,0,0,1,0,0,0,0,0,0
"1047",1047,"1",1,0,0,0,0,0,0,0,0,0
"1048",1048,"1",1,0,0,0,0,0,0,0,0,0
"1049",1049,"1",1,0,0,0,0,0,0,0,0,0
"1050",1050,"3",0,0,1,0,0,0,0,0,0,0
"1051",1051,"3",0,0,1,0,0,0,0,0,0,0
"1052",1052,"2",0,1,0,0,0,0,0,0,0,0
"1053",1053,"2",0,1,0,0,0,0,0,0,0,0
"1054",1054,"1",1,0,0,0,0,0,0,0,0,0
"1055",1055,"1",1,0,0,0,0,0,0,0,0,0
"1056",1056,"1",1,0,0,0,0,0,0,0,0,0
"1057",1057,"2",0,1,0,0,0,0,0,0,0,0
"1058",1058,"2",0,1,0,0,0,0,0,0,0,0
"1059",1059,"NA",0,0,0,0,0,0,0,0,0,1
"1060",1060,"2",0,1,0,0,0,0,0,0,0,0
"1061",1061,"2",0,1,0,0,0,0,0,0,0,0
"1062",1062,"1",1,0,0,0,0,0,0,0,0,0
"1063",1063,"1",1,0,0,0,0,0,0,0,0,0
"1064",1064,"4",0,0,0,1,0,0,0,0,0,0
"1065",1065,"NA",0,0,0,0,0,0,0,0,0,1
"1066",1066,"3",0,0,1,0,0,0,0,0,0,0
"1067",1067,"NA",0,0,0,0,0,0,0,0,0,1
"1068",1068,"NA",0,0,0,0,0,0,0,0,0,1
"1069",1069,"2",0,1,0,0,0,0,0,0,0,0
"1070",1070,"2",0,1,0,0,0,0,0,0,0,0
"1071",1071,"1",1,0,0,0,0,0,0,0,0,0
"1072",1072,"1",1,0,0,0,0,0,0,0,0,0
"1073",1073,"2",0,1,0,0,0,0,0,0,0,0
"1074",1074,"1",1,0,0,0,0,0,0,0,0,0
"1075",1075,"3",0,0,1,0,0,0,0,0,0,0
"1076",1076,"2",0,1,0,0,0,0,0,0,0,0
"1077",1077,"1",1,0,0,0,0,0,0,0,0,0
"1078",1078,"4",0,0,0,1,0,0,0,0,0,0
"1079",1079,"3",0,0,1,0,0,0,0,0,0,0
"1080",1080,"3",0,0,1,0,0,0,0,0,0,0
"1081",1081,"NA",0,0,0,0,0,0,0,0,0,1
"1082",1082,"1",1,0,0,0,0,0,0,0,0,0
"1083",1083,"2",0,1,0,0,0,0,0,0,0,0
"1084",1084,"2",0,1,0,0,0,0,0,0,0,0
"1085",1085,"2",0,1,0,0,0,0,0,0,0,0
"1086",1086,"1",1,0,0,0,0,0,0,0,0,0
"1087",1087,"4",0,0,0,1,0,0,0,0,0,0
"1088",1088,"2",0,1,0,0,0,0,0,0,0,0
"1089",1089,"1",1,0,0,0,0,0,0,0,0,0
"1090",1090,"1",1,0,0,0,0,0,0,0,0,0
"1091",1091,"2",0,1,0,0,0,0,0,0,0,0
"1092",1092,"1",1,0,0,0,0,0,0,0,0,0
"1093",1093,"2",0,1,0,0,0,0,0,0,0,0
"1094",1094,"1",1,0,0,0,0,0,0,0,0,0
"1095",1095,"2",0,1,0,0,0,0,0,0,0,0
"1096",1096,"1",1,0,0,0,0,0,0,0,0,0
"1097",1097,"3",0,0,1,0,0,0,0,0,0,0
"1098",1098,"2",0,1,0,0,0,0,0,0,0,0
"1099",1099,"1",1,0,0,0,0,0,0,0,0,0
"1100",1100,"1",1,0,0,0,0,0,0,0,0,0
"1101",1101,"2",0,1,0,0,0,0,0,0,0,0
"1102",1102,"1",1,0,0,0,0,0,0,0,0,0
"1103",1103,"1",1,0,0,0,0,0,0,0,0,0
"1104",1104,"2",0,1,0,0,0,0,0,0,0,0
"1105",1105,"1",1,0,0,0,0,0,0,0,0,0
"1106",1106,"1",1,0,0,0,0,0,0,0,0,0
"1107",1107,"1",1,0,0,0,0,0,0,0,0,0
"1108",1108,"1",1,0,0,0,0,0,0,0,0,0
"1109",1109,"2",0,1,0,0,0,0,0,0,0,0
"1110",1110,"4",0,0,0,1,0,0,0,0,0,0
"1111",1111,"1",1,0,0,0,0,0,0,0,0,0
"1112",1112,"1",1,0,0,0,0,0,0,0,0,0
"1113",1113,"2",0,1,0,0,0,0,0,0,0,0
"1114",1114,"1",1,0,0,0,0,0,0,0,0,0
"1115",1115,"2",0,1,0,0,0,0,0,0,0,0
"1116",1116,"NA",0,0,0,0,0,0,0,0,0,1
"1117",1117,"2",0,1,0,0,0,0,0,0,0,0
"1118",1118,"2",0,1,0,0,0,0,0,0,0,0
"1119",1119,"2",0,1,0,0,0,0,0,0,0,0
"1120",1120,"NA",0,0,0,0,0,0,0,0,0,1
"1121",1121,"2",0,1,0,0,0,0,0,0,0,0
"1122",1122,"2",0,1,0,0,0,0,0,0,0,0
"1123",1123,"3",0,0,1,0,0,0,0,0,0,0
"1124",1124,"2",0,1,0,0,0,0,0,0,0,0
"1125",1125,"NA",0,0,0,0,0,0,0,0,0,1
"1126",1126,"2",0,1,0,0,0,0,0,0,0,0
"1127",1127,"1",1,0,0,0,0,0,0,0,0,0
"1128",1128,"1",1,0,0,0,0,0,0,0,0,0
"1129",1129,"NA",0,0,0,0,0,0,0,0,0,1
"1130",1130,"3",0,0,1,0,0,0,0,0,0,0
"1131",1131,"1",1,0,0,0,0,0,0,0,0,0
"1132",1132,"4",0,0,0,1,0,0,0,0,0,0
"1133",1133,"1",1,0,0,0,0,0,0,0,0,0
"1134",1134,"1",1,0,0,0,0,0,0,0,0,0
"1135",1135,"2",0,1,0,0,0,0,0,0,0,0
"1136",1136,"3",0,0,1,0,0,0,0,0,0,0
"1137",1137,"3",0,0,1,0,0,0,0,0,0,0
"1138",1138,"1",1,0,0,0,0,0,0,0,0,0
"1139",1139,"2",0,1,0,0,0,0,0,0,0,0
"1140",1140,"2",0,1,0,0,0,0,0,0,0,0
"1141",1141,"4",0,0,0,1,0,0,0,0,0,0
"1142",1142,"4",0,0,0,1,0,0,0,0,0,0
"1143",1143,"2",0,1,0,0,0,0,0,0,0,0
"1144",1144,"3",0,0,1,0,0,0,0,0,0,0
"1145",1145,"3",0,0,1,0,0,0,0,0,0,0
"1146",1146,"1",1,0,0,0,0,0,0,0,0,0
"1147",1147,"2",0,1,0,0,0,0,0,0,0,0
"1148",1148,"1",1,0,0,0,0,0,0,0,0,0
"1149",1149,"1",1,0,0,0,0,0,0,0,0,0
"1150",1150,"2",0,1,0,0,0,0,0,0,0,0
"1151",1151,"2",0,1,0,0,0,0,0,0,0,0
"1152",1152,"3",0,0,1,0,0,0,0,0,0,0
"1153",1153,"3",0,0,1,0,0,0,0,0,0,0
"1154",1154,"2",0,1,0,0,0,0,0,0,0,0
"1155",1155,"4",0,0,0,1,0,0,0,0,0,0
"1156",1156,"1",1,0,0,0,0,0,0,0,0,0
"1157",1157,"NA",0,0,0,0,0,0,0,0,0,1
"1158",1158,"2",0,1,0,0,0,0,0,0,0,0
"1159",1159,"3",0,0,1,0,0,0,0,0,0,0
"1160",1160,"2",0,1,0,0,0,0,0,0,0,0
"1161",1161,"1",1,0,0,0,0,0,0,0,0,0
"1162",1162,"1",1,0,0,0,0,0,0,0,0,0
"1163",1163,"NA",0,0,0,0,0,0,0,0,0,1
"1164",1164,"2",0,1,0,0,0,0,0,0,0,0
"1165",1165,"1",1,0,0,0,0,0,0,0,0,0
"1166",1166,"2",0,1,0,0,0,0,0,0,0,0
"1167",1167,"2",0,1,0,0,0,0,0,0,0,0
"1168",1168,"3",0,0,1,0,0,0,0,0,0,0
"1169",1169,"2",0,1,0,0,0,0,0,0,0,0
"1170",1170,"NA",0,0,0,0,0,0,0,0,0,1
"1171",1171,"3",0,0,1,0,0,0,0,0,0,0
"1172",1172,"2",0,1,0,0,0,0,0,0,0,0
"1173",1173,"2",0,1,0,0,0,0,0,0,0,0
"1174",1174,"3",0,0,1,0,0,0,0,0,0,0
"1175",1175,"1",1,0,0,0,0,0,0,0,0,0
"1176",1176,"2",0,1,0,0,0,0,0,0,0,0
"1177",1177,"3",0,0,1,0,0,0,0,0,0,0
"1178",1178,"2",0,1,0,0,0,0,0,0,0,0
"1179",1179,"1",1,0,0,0,0,0,0,0,0,0
"1180",1180,"1",1,0,0,0,0,0,0,0,0,0
"1181",1181,"2",0,1,0,0,0,0,0,0,0,0
"1182",1182,"NA",0,0,0,0,0,0,0,0,0,1
"1183",1183,"1",1,0,0,0,0,0,0,0,0,0
"1184",1184,"1",1,0,0,0,0,0,0,0,0,0
"1185",1185,"2",0,1,0,0,0,0,0,0,0,0
"1186",1186,"2",0,1,0,0,0,0,0,0,0,0
"1187",1187,"NA",0,0,0,0,0,0,0,0,0,1
"1188",1188,"2",0,1,0,0,0,0,0,0,0,0
"1189",1189,"1",1,0,0,0,0,0,0,0,0,0
"1190",1190,"2",0,1,0,0,0,0,0,0,0,0
"1191",1191,"NA",0,0,0,0,0,0,0,0,0,1
"1192",1192,"2",0,1,0,0,0,0,0,0,0,0
"1193",1193,"1",1,0,0,0,0,0,0,0,0,0
"1194",1194,"1",1,0,0,0,0,0,0,0,0,0
"1195",1195,"1",1,0,0,0,0,0,0,0,0,0
"1196",1196,"2",0,1,0,0,0,0,0,0,0,0
"1197",1197,"1",1,0,0,0,0,0,0,0,0,0
"1198",1198,"3",0,0,1,0,0,0,0,0,0,0
"1199",1199,"3",0,0,1,0,0,0,0,0,0,0
"1200",1200,"1",1,0,0,0,0,0,0,0,0,0
"1201",1201,"4",0,0,0,1,0,0,0,0,0,0
"1202",1202,"2",0,1,0,0,0,0,0,0,0,0
"1203",1203,"NA",0,0,0,0,0,0,0,0,0,1
"1204",1204,"1",1,0,0,0,0,0,0,0,0,0
"1205",1205,"2",0,1,0,0,0,0,0,0,0,0
"1206",1206,"1",1,0,0,0,0,0,0,0,0,0
"1207",1207,"1",1,0,0,0,0,0,0,0,0,0
"1208",1208,"NA",0,0,0,0,0,0,0,0,0,1
"1209",1209,"3",0,0,1,0,0,0,0,0,0,0
"1210",1210,"1",1,0,0,0,0,0,0,0,0,0
"1211",1211,"2",0,1,0,0,0,0,0,0,0,0
"1212",1212,"2",0,1,0,0,0,0,0,0,0,0
"1213",1213,"3",0,0,1,0,0,0,0,0,0,0
"1214",1214,"3",0,0,1,0,0,0,0,0,0,0
"1215",1215,"1",1,0,0,0,0,0,0,0,0,0
"1216",1216,"NA",0,0,0,0,0,0,0,0,0,1
"1217",1217,"4",0,0,0,1,0,0,0,0,0,0
"1218",1218,"3",0,0,1,0,0,0,0,0,0,0
"1219",1219,"1",1,0,0,0,0,0,0,0,0,0
"1220",1220,"1",1,0,0,0,0,0,0,0,0,0
"1221",1221,"3",0,0,1,0,0,0,0,0,0,0
"1222",1222,"NA",0,0,0,0,0,0,0,0,0,1
"1223",1223,"1",1,0,0,0,0,0,0,0,0,0
"1224",1224,"2",0,1,0,0,0,0,0,0,0,0
"1225",1225,"2",0,1,0,0,0,0,0,0,0,0
"1226",1226,"3",0,0,1,0,0,0,0,0,0,0
"1227",1227,"1",1,0,0,0,0,0,0,0,0,0
"1228",1228,"2",0,1,0,0,0,0,0,0,0,0
"1229",1229,"1",1,0,0,0,0,0,0,0,0,0
"1230",1230,"NA",0,0,0,0,0,0,0,0,0,1
"1231",1231,"2",0,1,0,0,0,0,0,0,0,0
"1232",1232,"3",0,0,1,0,0,0,0,0,0,0
"1233",1233,"2",0,1,0,0,0,0,0,0,0,0
"1234",1234,"1",1,0,0,0,0,0,0,0,0,0
"1235",1235,"2",0,1,0,0,0,0,0,0,0,0
"1236",1236,"4",0,0,0,1,0,0,0,0,0,0
"1237",1237,"3",0,0,1,0,0,0,0,0,0,0
"1238",1238,"NA",0,0,0,0,0,0,0,0,0,1
"1239",1239,"2",0,1,0,0,0,0,0,0,0,0
"1240",1240,"4",0,0,0,1,0,0,0,0,0,0
"1241",1241,"6",0,0,0,0,0,1,0,0,0,0
"1242",1242,"4",0,0,0,1,0,0,0,0,0,0
"1243",1243,"5",0,0,0,0,1,0,0,0,0,0
"1244",1244,"NA",0,0,0,0,0,0,0,0,0,1
"1245",1245,"3",0,0,1,0,0,0,0,0,0,0
"1246",1246,"2",0,1,0,0,0,0,0,0,0,0
"1247",1247,"1",1,0,0,0,0,0,0,0,0,0
"1248",1248,"4",0,0,0,1,0,0,0,0,0,0
"1249",1249,"1",1,0,0,0,0,0,0,0,0,0
"1250",1250,"5",0,0,0,0,1,0,0,0,0,0
"1251",1251,"1",1,0,0,0,0,0,0,0,0,0
"1252",1252,"3",0,0,1,0,0,0,0,0,0,0
"1253",1253,"2",0,1,0,0,0,0,0,0,0,0
"1254",1254,"2",0,1,0,0,0,0,0,0,0,0
"1255",1255,"1",1,0,0,0,0,0,0,0,0,0
"1256",1256,"1",1,0,0,0,0,0,0,0,0,0
"1257",1257,"1",1,0,0,0,0,0,0,0,0,0
"1258",1258,"2",0,1,0,0,0,0,0,0,0,0
"1259",1259,"1",1,0,0,0,0,0,0,0,0,0
"1260",1260,"1",1,0,0,0,0,0,0,0,0,0
"1261",1261,"2",0,1,0,0,0,0,0,0,0,0
"1262",1262,"1",1,0,0,0,0,0,0,0,0,0
"1263",1263,"NA",0,0,0,0,0,0,0,0,0,1
"1264",1264,"1",1,0,0,0,0,0,0,0,0,0
"1265",1265,"2",0,1,0,0,0,0,0,0,0,0
"1266",1266,"1",1,0,0,0,0,0,0,0,0,0
"1267",1267,"2",0,1,0,0,0,0,0,0,0,0
"1268",1268,"1",1,0,0,0,0,0,0,0,0,0
"1269",1269,"1",1,0,0,0,0,0,0,0,0,0
"1270",1270,"2",0,1,0,0,0,0,0,0,0,0
"1271",1271,"5",0,0,0,0,1,0,0,0,0,0
"1272",1272,"2",0,1,0,0,0,0,0,0,0,0
"1273",1273,"3",0,0,1,0,0,0,0,0,0,0
"1274",1274,"1",1,0,0,0,0,0,0,0,0,0
"1275",1275,"2",0,1,0,0,0,0,0,0,0,0
"1276",1276,"1",1,0,0,0,0,0,0,0,0,0
"1277",1277,"2",0,1,0,0,0,0,0,0,0,0
"1278",1278,"1",1,0,0,0,0,0,0,0,0,0
"1279",1279,"1",1,0,0,0,0,0,0,0,0,0
"1280",1280,"1",1,0,0,0,0,0,0,0,0,0
"1281",1281,"5",0,0,0,0,1,0,0,0,0,0
"1282",1282,"1",1,0,0,0,0,0,0,0,0,0
"1283",1283,"3",0,0,1,0,0,0,0,0,0,0
"1284",1284,"2",0,1,0,0,0,0,0,0,0,0
"1285",1285,"3",0,0,1,0,0,0,0,0,0,0
"1286",1286,"4",0,0,0,1,0,0,0,0,0,0
"1287",1287,"1",1,0,0,0,0,0,0,0,0,0
"1288",1288,"1",1,0,0,0,0,0,0,0,0,0
"1289",1289,"1",1,0,0,0,0,0,0,0,0,0
"1290",1290,"2",0,1,0,0,0,0,0,0,0,0
"1291",1291,"NA",0,0,0,0,0,0,0,0,0,1
"1292",1292,"1",1,0,0,0,0,0,0,0,0,0
"1293",1293,"1",1,0,0,0,0,0,0,0,0,0
"1294",1294,"2",0,1,0,0,0,0,0,0,0,0
"1295",1295,"NA",0,0,0,0,0,0,0,0,0,1
"1296",1296,"1",1,0,0,0,0,0,0,0,0,0
"1297",1297,"2",0,1,0,0,0,0,0,0,0,0
"1298",1298,"1",1,0,0,0,0,0,0,0,0,0
"1299",1299,"5",0,0,0,0,1,0,0,0,0,0
"1300",1300,"2",0,1,0,0,0,0,0,0,0,0
"1301",1301,"2",0,1,0,0,0,0,0,0,0,0
"1302",1302,"2",0,1,0,0,0,0,0,0,0,0
"1303",1303,"2",0,1,0,0,0,0,0,0,0,0
"1304",1304,"NA",0,0,0,0,0,0,0,0,0,1
"1305",1305,"3",0,0,1,0,0,0,0,0,0,0
"1306",1306,"NA",0,0,0,0,0,0,0,0,0,1
"1307",1307,"2",0,1,0,0,0,0,0,0,0,0
"1308",1308,"3",0,0,1,0,0,0,0,0,0,0
"1309",1309,"NA",0,0,0,0,0,0,0,0,0,1
"1310",1310,"1",1,0,0,0,0,0,0,0,0,0
"1311",1311,"1",1,0,0,0,0,0,0,0,0,0
"1312",1312,"1",1,0,0,0,0,0,0,0,0,0
"1313",1313,"1",1,0,0,0,0,0,0,0,0,0
"1314",1314,"2",0,1,0,0,0,0,0,0,0,0
"1315",1315,"1",1,0,0,0,0,0,0,0,0,0
"1316",1316,"2",0,1,0,0,0,0,0,0,0,0
"1317",1317,"NA",0,0,0,0,0,0,0,0,0,1
"1318",1318,"2",0,1,0,0,0,0,0,0,0,0
"1319",1319,"1",1,0,0,0,0,0,0,0,0,0
"1320",1320,"1",1,0,0,0,0,0,0,0,0,0
"1321",1321,"2",0,1,0,0,0,0,0,0,0,0
"1322",1322,"1",1,0,0,0,0,0,0,0,0,0
"1323",1323,"1",1,0,0,0,0,0,0,0,0,0
"1324",1324,"NA",0,0,0,0,0,0,0,0,0,1
"1325",1325,"2",0,1,0,0,0,0,0,0,0,0
"1326",1326,"1",1,0,0,0,0,0,0,0,0,0
"1327",1327,"2",0,1,0,0,0,0,0,0,0,0
"1328",1328,"2",0,1,0,0,0,0,0,0,0,0
"1329",1329,"1",1,0,0,0,0,0,0,0,0,0
"1330",1330,"3",0,0,1,0,0,0,0,0,0,0
"1331",1331,"2",0,1,0,0,0,0,0,0,0,0
"1332",1332,"1",1,0,0,0,0,0,0,0,0,0
"1333",1333,"2",0,1,0,0,0,0,0,0,0,0
"1334",1334,"NA",0,0,0,0,0,0,0,0,0,1
"1335",1335,"3",0,0,1,0,0,0,0,0,0,0
"1336",1336,"1",1,0,0,0,0,0,0,0,0,0
"1337",1337,"4",0,0,0,1,0,0,0,0,0,0
"1338",1338,"3",0,0,1,0,0,0,0,0,0,0
"1339",1339,"1",1,0,0,0,0,0,0,0,0,0
"1340",1340,"2",0,1,0,0,0,0,0,0,0,0
"1341",1341,"4",0,0,0,1,0,0,0,0,0,0
"1342",1342,"2",0,1,0,0,0,0,0,0,0,0
"1343",1343,"2",0,1,0,0,0,0,0,0,0,0
"1344",1344,"1",1,0,0,0,0,0,0,0,0,0
"1345",1345,"1",1,0,0,0,0,0,0,0,0,0
"1346",1346,"1",1,0,0,0,0,0,0,0,0,0
"1347",1347,"1",1,0,0,0,0,0,0,0,0,0
"1348",1348,"1",1,0,0,0,0,0,0,0,0,0
"1349",1349,"NA",0,0,0,0,0,0,0,0,0,1
"1350",1350,"NA",0,0,0,0,0,0,0,0,0,1
"1351",1351,"4",0,0,0,1,0,0,0,0,0,0
"1352",1352,"NA",0,0,0,0,0,0,0,0,0,1
"1353",1353,"2",0,1,0,0,0,0,0,0,0,0
"1354",1354,"NA",0,0,0,0,0,0,0,0,0,1
"1355",1355,"1",1,0,0,0,0,0,0,0,0,0
"1356",1356,"1",1,0,0,0,0,0,0,0,0,0
"1357",1357,"1",1,0,0,0,0,0,0,0,0,0
"1358",1358,"2",0,1,0,0,0,0,0,0,0,0
"1359",1359,"2",0,1,0,0,0,0,0,0,0,0
"1360",1360,"1",1,0,0,0,0,0,0,0,0,0
"1361",1361,"3",0,0,1,0,0,0,0,0,0,0
"1362",1362,"2",0,1,0,0,0,0,0,0,0,0
"1363",1363,"NA",0,0,0,0,0,0,0,0,0,1
"1364",1364,"1",1,0,0,0,0,0,0,0,0,0
"1365",1365,"2",0,1,0,0,0,0,0,0,0,0
"1366",1366,"2",0,1,0,0,0,0,0,0,0,0
"1367",1367,"1",1,0,0,0,0,0,0,0,0,0
"1368",1368,"5",0,0,0,0,1,0,0,0,0,0
"1369",1369,"NA",0,0,0,0,0,0,0,0,0,1
"1370",1370,"2",0,1,0,0,0,0,0,0,0,0
"1371",1371,"3",0,0,1,0,0,0,0,0,0,0
"1372",1372,"3",0,0,1,0,0,0,0,0,0,0
"1373",1373,"2",0,1,0,0,0,0,0,0,0,0
"1374",1374,"1",1,0,0,0,0,0,0,0,0,0
"1375",1375,"1",1,0,0,0,0,0,0,0,0,0
"1376",1376,"3",0,0,1,0,0,0,0,0,0,0
"1377",1377,"2",0,1,0,0,0,0,0,0,0,0
"1378",1378,"1",1,0,0,0,0,0,0,0,0,0
"1379",1379,"1",1,0,0,0,0,0,0,0,0,0
"1380",1380,"5",0,0,0,0,1,0,0,0,0,0
"1381",1381,"2",0,1,0,0,0,0,0,0,0,0
"1382",1382,"2",0,1,0,0,0,0,0,0,0,0
"1383",1383,"NA",0,0,0,0,0,0,0,0,0,1
"1384",1384,"1",1,0,0,0,0,0,0,0,0,0
"1385",1385,"NA",0,0,0,0,0,0,0,0,0,1
"1386",1386,"NA",0,0,0,0,0,0,0,0,0,1
"1387",1387,"4",0,0,0,1,0,0,0,0,0,0
"1388",1388,"3",0,0,1,0,0,0,0,0,0,0
"1389",1389,"3",0,0,1,0,0,0,0,0,0,0
"1390",1390,"2",0,1,0,0,0,0,0,0,0,0
"1391",1391,"6",0,0,0,0,0,1,0,0,0,0
"1392",1392,"1",1,0,0,0,0,0,0,0,0,0
"1393",1393,"NA",0,0,0,0,0,0,0,0,0,1
"1394",1394,"1",1,0,0,0,0,0,0,0,0,0
"1395",1395,"2",0,1,0,0,0,0,0,0,0,0
"1396",1396,"1",1,0,0,0,0,0,0,0,0,0
"1397",1397,"1",1,0,0,0,0,0,0,0,0,0
"1398",1398,"2",0,1,0,0,0,0,0,0,0,0
"1399",1399,"2",0,1,0,0,0,0,0,0,0,0
"1400",1400,"2",0,1,0,0,0,0,0,0,0,0
"1401",1401,"1",1,0,0,0,0,0,0,0,0,0
"1402",1402,"1",1,0,0,0,0,0,0,0,0,0
"1403",1403,"2",0,1,0,0,0,0,0,0,0,0
"1404",1404,"3",0,0,1,0,0,0,0,0,0,0
"1405",1405,"2",0,1,0,0,0,0,0,0,0,0
"1406",1406,"NA",0,0,0,0,0,0,0,0,0,1
"1407",1407,"1",1,0,0,0,0,0,0,0,0,0
"1408",1408,"1",1,0,0,0,0,0,0,0,0,0
"1409",1409,"1",1,0,0,0,0,0,0,0,0,0
"1410",1410,"3",0,0,1,0,0,0,0,0,0,0
"1411",1411,"1",1,0,0,0,0,0,0,0,0,0
"1412",1412,"1",1,0,0,0,0,0,0,0,0,0
"1413",1413,"3",0,0,1,0,0,0,0,0,0,0
"1414",1414,"NA",0,0,0,0,0,0,0,0,0,1
"1415",1415,"NA",0,0,0,0,0,0,0,0,0,1
"1416",1416,"1",1,0,0,0,0,0,0,0,0,0
"1417",1417,"1",1,0,0,0,0,0,0,0,0,0
"1418",1418,"1",1,0,0,0,0,0,0,0,0,0
"1419",1419,"2",0,1,0,0,0,0,0,0,0,0
"1420",1420,"1",1,0,0,0,0,0,0,0,0,0
"1421",1421,"2",0,1,0,0,0,0,0,0,0,0
"1422",1422,"4",0,0,0,1,0,0,0,0,0,0
"1423",1423,"NA",0,0,0,0,0,0,0,0,0,1
"1424",1424,"1",1,0,0,0,0,0,0,0,0,0
"1425",1425,"NA",0,0,0,0,0,0,0,0,0,1
"1426",1426,"1",1,0,0,0,0,0,0,0,0,0
"1427",1427,"1",1,0,0,0,0,0,0,0,0,0
"1428",1428,"2",0,1,0,0,0,0,0,0,0,0
"1429",1429,"2",0,1,0,0,0,0,0,0,0,0
"1430",1430,"1",1,0,0,0,0,0,0,0,0,0
"1431",1431,"2",0,1,0,0,0,0,0,0,0,0
"1432",1432,"NA",0,0,0,0,0,0,0,0,0,1
"1433",1433,"NA",0,0,0,0,0,0,0,0,0,1
"1434",1434,"1",1,0,0,0,0,0,0,0,0,0
"1435",1435,"2",0,1,0,0,0,0,0,0,0,0
"1436",1436,"3",0,0,1,0,0,0,0,0,0,0
"1437",1437,"3",0,0,1,0,0,0,0,0,0,0
"1438",1438,"1",1,0,0,0,0,0,0,0,0,0
"1439",1439,"NA",0,0,0,0,0,0,0,0,0,1
"1440",1440,"2",0,1,0,0,0,0,0,0,0,0
"1441",1441,"NA",0,0,0,0,0,0,0,0,0,1
"1442",1442,"2",0,1,0,0,0,0,0,0,0,0
"1443",1443,"4",0,0,0,1,0,0,0,0,0,0
"1444",1444,"1",1,0,0,0,0,0,0,0,0,0
"1445",1445,"2",0,1,0,0,0,0,0,0,0,0
"1446",1446,"1",1,0,0,0,0,0,0,0,0,0
"1447",1447,"NA",0,0,0,0,0,0,0,0,0,1
"1448",1448,"3",0,0,1,0,0,0,0,0,0,0
"1449",1449,"1",1,0,0,0,0,0,0,0,0,0
"1450",1450,"2",0,1,0,0,0,0,0,0,0,0
"1451",1451,"NA",0,0,0,0,0,0,0,0,0,1
"1452",1452,"2",0,1,0,0,0,0,0,0,0,0
"1453",1453,"1",1,0,0,0,0,0,0,0,0,0
"1454",1454,"3",0,0,1,0,0,0,0,0,0,0
"1455",1455,"1",1,0,0,0,0,0,0,0,0,0
"1456",1456,"1",1,0,0,0,0,0,0,0,0,0
"1457",1457,"2",0,1,0,0,0,0,0,0,0,0
"1458",1458,"1",1,0,0,0,0,0,0,0,0,0
"1459",1459,"3",0,0,1,0,0,0,0,0,0,0
"1460",1460,"1",1,0,0,0,0,0,0,0,0,0
"1461",1461,"3",0,0,1,0,0,0,0,0,0,0
"1462",1462,"1",1,0,0,0,0,0,0,0,0,0
"1463",1463,"1",1,0,0,0,0,0,0,0,0,0
"1464",1464,"1",1,0,0,0,0,0,0,0,0,0
"1465",1465,"NA",0,0,0,0,0,0,0,0,0,1
"1466",1466,"1",1,0,0,0,0,0,0,0,0,0
"1467",1467,"2",0,1,0,0,0,0,0,0,0,0
"1468",1468,"2",0,1,0,0,0,0,0,0,0,0
"1469",1469,"1",1,0,0,0,0,0,0,0,0,0
"1470",1470,"2",0,1,0,0,0,0,0,0,0,0
"1471",1471,"NA",0,0,0,0,0,0,0,0,0,1
"1472",1472,"1",1,0,0,0,0,0,0,0,0,0
"1473",1473,"NA",0,0,0,0,0,0,0,0,0,1
"1474",1474,"1",1,0,0,0,0,0,0,0,0,0
"1475",1475,"4",0,0,0,1,0,0,0,0,0,0
"1476",1476,"NA",0,0,0,0,0,0,0,0,0,1
"1477",1477,"3",0,0,1,0,0,0,0,0,0,0
"1478",1478,"NA",0,0,0,0,0,0,0,0,0,1
"1479",1479,"1",1,0,0,0,0,0,0,0,0,0
"1480",1480,"1",1,0,0,0,0,0,0,0,0,0
"1481",1481,"2",0,1,0,0,0,0,0,0,0,0
"1482",1482,"NA",0,0,0,0,0,0,0,0,0,1
"1483",1483,"9",0,0,0,0,0,0,0,0,1,0
"1484",1484,"NA",0,0,0,0,0,0,0,0,0,1
"1485",1485,"NA",0,0,0,0,0,0,0,0,0,1
"1486",1486,"1",1,0,0,0,0,0,0,0,0,0
"1487",1487,"1",1,0,0,0,0,0,0,0,0,0
"1488",1488,"2",0,1,0,0,0,0,0,0,0,0
"1489",1489,"1",1,0,0,0,0,0,0,0,0,0
"1490",1490,"1",1,0,0,0,0,0,0,0,0,0
"1491",1491,"3",0,0,1,0,0,0,0,0,0,0
"1492",1492,"3",0,0,1,0,0,0,0,0,0,0
"1493",1493,"1",1,0,0,0,0,0,0,0,0,0
"1494",1494,"2",0,1,0,0,0,0,0,0,0,0
"1495",1495,"1",1,0,0,0,0,0,0,0,0,0
"1496",1496,"1",1,0,0,0,0,0,0,0,0,0
"1497",1497,"2",0,1,0,0,0,0,0,0,0,0
"1498",1498,"NA",0,0,0,0,0,0,0,0,0,1
"1499",1499,"2",0,1,0,0,0,0,0,0,0,0
"1500",1500,"2",0,1,0,0,0,0,0,0,0,0
"1501",1501,"3",0,0,1,0,0,0,0,0,0,0
"1502",1502,"1",1,0,0,0,0,0,0,0,0,0
"1503",1503,"2",0,1,0,0,0,0,0,0,0,0
"1504",1504,"1",1,0,0,0,0,0,0,0,0,0
"1505",1505,"1",1,0,0,0,0,0,0,0,0,0
"1506",1506,"1",1,0,0,0,0,0,0,0,0,0
"1507",1507,"1",1,0,0,0,0,0,0,0,0,0
"1508",1508,"1",1,0,0,0,0,0,0,0,0,0
"1509",1509,"2",0,1,0,0,0,0,0,0,0,0
"1510",1510,"1",1,0,0,0,0,0,0,0,0,0
"1511",1511,"2",0,1,0,0,0,0,0,0,0,0
"1512",1512,"2",0,1,0,0,0,0,0,0,0,0
"1513",1513,"1",1,0,0,0,0,0,0,0,0,0
"1514",1514,"1",1,0,0,0,0,0,0,0,0,0
"1515",1515,"6",0,0,0,0,0,1,0,0,0,0
"1516",1516,"NA",0,0,0,0,0,0,0,0,0,1
"1517",1517,"NA",0,0,0,0,0,0,0,0,0,1
"1518",1518,"2",0,1,0,0,0,0,0,0,0,0
"1519",1519,"1",1,0,0,0,0,0,0,0,0,0
"1520",1520,"2",0,1,0,0,0,0,0,0,0,0
"1521",1521,"1",1,0,0,0,0,0,0,0,0,0
"1522",1522,"1",1,0,0,0,0,0,0,0,0,0
"1523",1523,"1",1,0,0,0,0,0,0,0,0,0
"1524",1524,"2",0,1,0,0,0,0,0,0,0,0
"1525",1525,"3",0,0,1,0,0,0,0,0,0,0
"1526",1526,"1",1,0,0,0,0,0,0,0,0,0
"1527",1527,"NA",0,0,0,0,0,0,0,0,0,1
"1528",1528,"1",1,0,0,0,0,0,0,0,0,0
"1529",1529,"NA",0,0,0,0,0,0,0,0,0,1
"1530",1530,"1",1,0,0,0,0,0,0,0,0,0
"1531",1531,"NA",0,0,0,0,0,0,0,0,0,1
"1532",1532,"1",1,0,0,0,0,0,0,0,0,0
"1533",1533,"6",0,0,0,0,0,1,0,0,0,0
"1534",1534,"3",0,0,1,0,0,0,0,0,0,0
"1535",1535,"NA",0,0,0,0,0,0,0,0,0,1
"1536",1536,"NA",0,0,0,0,0,0,0,0,0,1
"1537",1537,"2",0,1,0,0,0,0,0,0,0,0
"1538",1538,"1",1,0,0,0,0,0,0,0,0,0
"1539",1539,"2",0,1,0,0,0,0,0,0,0,0
"1540",1540,"2",0,1,0,0,0,0,0,0,0,0
"1541",1541,"1",1,0,0,0,0,0,0,0,0,0
"1542",1542,"2",0,1,0,0,0,0,0,0,0,0
"1543",1543,"1",1,0,0,0,0,0,0,0,0,0
"1544",1544,"NA",0,0,0,0,0,0,0,0,0,1
"1545",1545,"1",1,0,0,0,0,0,0,0,0,0
"1546",1546,"1",1,0,0,0,0,0,0,0,0,0
"1547",1547,"1",1,0,0,0,0,0,0,0,0,0
"1548",1548,"2",0,1,0,0,0,0,0,0,0,0
"1549",1549,"2",0,1,0,0,0,0,0,0,0,0
"1550",1550,"1",1,0,0,0,0,0,0,0,0,0
"1551",1551,"3",0,0,1,0,0,0,0,0,0,0
"1552",1552,"NA",0,0,0,0,0,0,0,0,0,1
"1553",1553,"2",0,1,0,0,0,0,0,0,0,0
"1554",1554,"2",0,1,0,0,0,0,0,0,0,0
"1555",1555,"3",0,0,1,0,0,0,0,0,0,0
"1556",1556,"1",1,0,0,0,0,0,0,0,0,0
"1557",1557,"1",1,0,0,0,0,0,0,0,0,0
"1558",1558,"1",1,0,0,0,0,0,0,0,0,0
"1559",1559,"3",0,0,1,0,0,0,0,0,0,0
"1560",1560,"3",0,0,1,0,0,0,0,0,0,0
"1561",1561,"2",0,1,0,0,0,0,0,0,0,0
"1562",1562,"1",1,0,0,0,0,0,0,0,0,0
"1563",1563,"2",0,1,0,0,0,0,0,0,0,0
"1564",1564,"NA",0,0,0,0,0,0,0,0,0,1
"1565",1565,"1",1,0,0,0,0,0,0,0,0,0
"1566",1566,"NA",0,0,0,0,0,0,0,0,0,1
"1567",1567,"2",0,1,0,0,0,0,0,0,0,0
"1568",1568,"3",0,0,1,0,0,0,0,0,0,0
"1569",1569,"NA",0,0,0,0,0,0,0,0,0,1
"1570",1570,"NA",0,0,0,0,0,0,0,0,0,1
"1571",1571,"2",0,1,0,0,0,0,0,0,0,0
"1572",1572,"1",1,0,0,0,0,0,0,0,0,0
"1573",1573,"2",0,1,0,0,0,0,0,0,0,0
"1574",1574,"5",0,0,0,0,1,0,0,0,0,0
"1575",1575,"1",1,0,0,0,0,0,0,0,0,0
"1576",1576,"1",1,0,0,0,0,0,0,0,0,0
"1577",1577,"2",0,1,0,0,0,0,0,0,0,0
"1578",1578,"NA",0,0,0,0,0,0,0,0,0,1
"1579",1579,"2",0,1,0,0,0,0,0,0,0,0
"1580",1580,"NA",0,0,0,0,0,0,0,0,0,1
"1581",1581,"NA",0,0,0,0,0,0,0,0,0,1
"1582",1582,"NA",0,0,0,0,0,0,0,0,0,1
"1583",1583,"1",1,0,0,0,0,0,0,0,0,0
"1584",1584,"1",1,0,0,0,0,0,0,0,0,0
"1585",1585,"3",0,0,1,0,0,0,0,0,0,0
"1586",1586,"2",0,1,0,0,0,0,0,0,0,0
"1587",1587,"3",0,0,1,0,0,0,0,0,0,0
"1588",1588,"1",1,0,0,0,0,0,0,0,0,0
"1589",1589,"2",0,1,0,0,0,0,0,0,0,0
"1590",1590,"NA",0,0,0,0,0,0,0,0,0,1
"1591",1591,"2",0,1,0,0,0,0,0,0,0,0
"1592",1592,"2",0,1,0,0,0,0,0,0,0,0
"1593",1593,"1",1,0,0,0,0,0,0,0,0,0
"1594",1594,"2",0,1,0,0,0,0,0,0,0,0
"1595",1595,"1",1,0,0,0,0,0,0,0,0,0
"1596",1596,"3",0,0,1,0,0,0,0,0,0,0
"1597",1597,"3",0,0,1,0,0,0,0,0,0,0
"1598",1598,"4",0,0,0,1,0,0,0,0,0,0
"1599",1599,"3",0,0,1,0,0,0,0,0,0,0
"1600",1600,"NA",0,0,0,0,0,0,0,0,0,1
"1601",1601,"NA",0,0,0,0,0,0,0,0,0,1
"1602",1602,"4",0,0,0,1,0,0,0,0,0,0
"1603",1603,"1",1,0,0,0,0,0,0,0,0,0
"1604",1604,"2",0,1,0,0,0,0,0,0,0,0
"1605",1605,"3",0,0,1,0,0,0,0,0,0,0
"1606",1606,"1",1,0,0,0,0,0,0,0,0,0
"1607",1607,"2",0,1,0,0,0,0,0,0,0,0
"1608",1608,"2",0,1,0,0,0,0,0,0,0,0
"1609",1609,"1",1,0,0,0,0,0,0,0,0,0
"1610",1610,"3",0,0,1,0,0,0,0,0,0,0
"1611",1611,"3",0,0,1,0,0,0,0,0,0,0
"1612",1612,"1",1,0,0,0,0,0,0,0,0,0
"1613",1613,"1",1,0,0,0,0,0,0,0,0,0
"1614",1614,"1",1,0,0,0,0,0,0,0,0,0
"1615",1615,"1",1,0,0,0,0,0,0,0,0,0
"1616",1616,"5",0,0,0,0,1,0,0,0,0,0
"1617",1617,"1",1,0,0,0,0,0,0,0,0,0
"1618",1618,"1",1,0,0,0,0,0,0,0,0,0
"1619",1619,"1",1,0,0,0,0,0,0,0,0,0
"1620",1620,"2",0,1,0,0,0,0,0,0,0,0
"1621",1621,"1",1,0,0,0,0,0,0,0,0,0
"1622",1622,"1",1,0,0,0,0,0,0,0,0,0
"1623",1623,"3",0,0,1,0,0,0,0,0,0,0
"1624",1624,"4",0,0,0,1,0,0,0,0,0,0
"1625",1625,"3",0,0,1,0,0,0,0,0,0,0
"1626",1626,"NA",0,0,0,0,0,0,0,0,0,1
"1627",1627,"1",1,0,0,0,0,0,0,0,0,0
"1628",1628,"2",0,1,0,0,0,0,0,0,0,0
"1629",1629,"1",1,0,0,0,0,0,0,0,0,0
"1630",1630,"1",1,0,0,0,0,0,0,0,0,0
"1631",1631,"NA",0,0,0,0,0,0,0,0,0,1
"1632",1632,"2",0,1,0,0,0,0,0,0,0,0
"1633",1633,"3",0,0,1,0,0,0,0,0,0,0
"1634",1634,"4",0,0,0,1,0,0,0,0,0,0
"1635",1635,"2",0,1,0,0,0,0,0,0,0,0
"1636",1636,"1",1,0,0,0,0,0,0,0,0,0
"1637",1637,"4",0,0,0,1,0,0,0,0,0,0
"1638",1638,"2",0,1,0,0,0,0,0,0,0,0
"1639",1639,"NA",0,0,0,0,0,0,0,0,0,1
"1640",1640,"NA",0,0,0,0,0,0,0,0,0,1
"1641",1641,"2",0,1,0,0,0,0,0,0,0,0
"1642",1642,"1",1,0,0,0,0,0,0,0,0,0
"1643",1643,"5",0,0,0,0,1,0,0,0,0,0
"1644",1644,"1",1,0,0,0,0,0,0,0,0,0
"1645",1645,"3",0,0,1,0,0,0,0,0,0,0
"1646",1646,"1",1,0,0,0,0,0,0,0,0,0
"1647",1647,"1",1,0,0,0,0,0,0,0,0,0
"1648",1648,"2",0,1,0,0,0,0,0,0,0,0
"1649",1649,"3",0,0,1,0,0,0,0,0,0,0
"1650",1650,"1",1,0,0,0,0,0,0,0,0,0
"1651",1651,"2",0,1,0,0,0,0,0,0,0,0
"1652",1652,"2",0,1,0,0,0,0,0,0,0,0
"1653",1653,"3",0,0,1,0,0,0,0,0,0,0
"1654",1654,"2",0,1,0,0,0,0,0,0,0,0
"1655",1655,"1",1,0,0,0,0,0,0,0,0,0
"1656",1656,"2",0,1,0,0,0,0,0,0,0,0
"1657",1657,"NA",0,0,0,0,0,0,0,0,0,1
"1658",1658,"2",0,1,0,0,0,0,0,0,0,0
"1659",1659,"2",0,1,0,0,0,0,0,0,0,0
"1660",1660,"NA",0,0,0,0,0,0,0,0,0,1
"1661",1661,"1",1,0,0,0,0,0,0,0,0,0
"1662",1662,"2",0,1,0,0,0,0,0,0,0,0
"1663",1663,"NA",0,0,0,0,0,0,0,0,0,1
"1664",1664,"1",1,0,0,0,0,0,0,0,0,0
"1665",1665,"3",0,0,1,0,0,0,0,0,0,0
"1666",1666,"2",0,1,0,0,0,0,0,0,0,0
"1667",1667,"2",0,1,0,0,0,0,0,0,0,0
"1668",1668,"1",1,0,0,0,0,0,0,0,0,0
"1669",1669,"NA",0,0,0,0,0,0,0,0,0,1
"1670",1670,"2",0,1,0,0,0,0,0,0,0,0
"1671",1671,"1",1,0,0,0,0,0,0,0,0,0
"1672",1672,"1",1,0,0,0,0,0,0,0,0,0
"1673",1673,"1",1,0,0,0,0,0,0,0,0,0
"1674",1674,"3",0,0,1,0,0,0,0,0,0,0
"1675",1675,"3",0,0,1,0,0,0,0,0,0,0
"1676",1676,"1",1,0,0,0,0,0,0,0,0,0
"1677",1677,"1",1,0,0,0,0,0,0,0,0,0
"1678",1678,"1",1,0,0,0,0,0,0,0,0,0
"1679",1679,"2",0,1,0,0,0,0,0,0,0,0
"1680",1680,"1",1,0,0,0,0,0,0,0,0,0
"1681",1681,"2",0,1,0,0,0,0,0,0,0,0
"1682",1682,"1",1,0,0,0,0,0,0,0,0,0
"1683",1683,"2",0,1,0,0,0,0,0,0,0,0
"1684",1684,"2",0,1,0,0,0,0,0,0,0,0
"1685",1685,"3",0,0,1,0,0,0,0,0,0,0
"1686",1686,"1",1,0,0,0,0,0,0,0,0,0
"1687",1687,"1",1,0,0,0,0,0,0,0,0,0
"1688",1688,"1",1,0,0,0,0,0,0,0,0,0
"1689",1689,"1",1,0,0,0,0,0,0,0,0,0
"1690",1690,"1",1,0,0,0,0,0,0,0,0,0
"1691",1691,"1",1,0,0,0,0,0,0,0,0,0
"1692",1692,"3",0,0,1,0,0,0,0,0,0,0
"1693",1693,"1",1,0,0,0,0,0,0,0,0,0
"1694",1694,"2",0,1,0,0,0,0,0,0,0,0
"1695",1695,"2",0,1,0,0,0,0,0,0,0,0
"1696",1696,"1",1,0,0,0,0,0,0,0,0,0
"1697",1697,"3",0,0,1,0,0,0,0,0,0,0
"1698",1698,"2",0,1,0,0,0,0,0,0,0,0
"1699",1699,"3",0,0,1,0,0,0,0,0,0,0
"1700",1700,"2",0,1,0,0,0,0,0,0,0,0
"1701",1701,"2",0,1,0,0,0,0,0,0,0,0
"1702",1702,"2",0,1,0,0,0,0,0,0,0,0
"1703",1703,"3",0,0,1,0,0,0,0,0,0,0
"1704",1704,"1",1,0,0,0,0,0,0,0,0,0
"1705",1705,"1",1,0,0,0,0,0,0,0,0,0
"1706",1706,"1",1,0,0,0,0,0,0,0,0,0
"1707",1707,"3",0,0,1,0,0,0,0,0,0,0
"1708",1708,"NA",0,0,0,0,0,0,0,0,0,1
"1709",1709,"2",0,1,0,0,0,0,0,0,0,0
"1710",1710,"2",0,1,0,0,0,0,0,0,0,0
"1711",1711,"1",1,0,0,0,0,0,0,0,0,0
"1712",1712,"NA",0,0,0,0,0,0,0,0,0,1
"1713",1713,"3",0,0,1,0,0,0,0,0,0,0
"1714",1714,"1",1,0,0,0,0,0,0,0,0,0
"1715",1715,"3",0,0,1,0,0,0,0,0,0,0
"1716",1716,"2",0,1,0,0,0,0,0,0,0,0
"1717",1717,"2",0,1,0,0,0,0,0,0,0,0
"1718",1718,"2",0,1,0,0,0,0,0,0,0,0
"1719",1719,"3",0,0,1,0,0,0,0,0,0,0
"1720",1720,"1",1,0,0,0,0,0,0,0,0,0
"1721",1721,"4",0,0,0,1,0,0,0,0,0,0
"1722",1722,"1",1,0,0,0,0,0,0,0,0,0
"1723",1723,"2",0,1,0,0,0,0,0,0,0,0
"1724",1724,"1",1,0,0,0,0,0,0,0,0,0
"1725",1725,"2",0,1,0,0,0,0,0,0,0,0
"1726",1726,"2",0,1,0,0,0,0,0,0,0,0
"1727",1727,"3",0,0,1,0,0,0,0,0,0,0
"1728",1728,"1",1,0,0,0,0,0,0,0,0,0
"1729",1729,"1",1,0,0,0,0,0,0,0,0,0
"1730",1730,"3",0,0,1,0,0,0,0,0,0,0
"1731",1731,"1",1,0,0,0,0,0,0,0,0,0
"1732",1732,"NA",0,0,0,0,0,0,0,0,0,1
"1733",1733,"3",0,0,1,0,0,0,0,0,0,0
"1734",1734,"2",0,1,0,0,0,0,0,0,0,0
"1735",1735,"5",0,0,0,0,1,0,0,0,0,0
"1736",1736,"4",0,0,0,1,0,0,0,0,0,0
"1737",1737,"NA",0,0,0,0,0,0,0,0,0,1
"1738",1738,"1",1,0,0,0,0,0,0,0,0,0
"1739",1739,"2",0,1,0,0,0,0,0,0,0,0
"1740",1740,"NA",0,0,0,0,0,0,0,0,0,1
"1741",1741,"1",1,0,0,0,0,0,0,0,0,0
"1742",1742,"NA",0,0,0,0,0,0,0,0,0,1
"1743",1743,"1",1,0,0,0,0,0,0,0,0,0
"1744",1744,"3",0,0,1,0,0,0,0,0,0,0
"1745",1745,"2",0,1,0,0,0,0,0,0,0,0
"1746",1746,"1",1,0,0,0,0,0,0,0,0,0
"1747",1747,"1",1,0,0,0,0,0,0,0,0,0
"1748",1748,"2",0,1,0,0,0,0,0,0,0,0
"1749",1749,"3",0,0,1,0,0,0,0,0,0,0
"1750",1750,"1",1,0,0,0,0,0,0,0,0,0
"1751",1751,"1",1,0,0,0,0,0,0,0,0,0
"1752",1752,"1",1,0,0,0,0,0,0,0,0,0
"1753",1753,"5",0,0,0,0,1,0,0,0,0,0
"1754",1754,"3",0,0,1,0,0,0,0,0,0,0
"1755",1755,"1",1,0,0,0,0,0,0,0,0,0
"1756",1756,"3",0,0,1,0,0,0,0,0,0,0
"1757",1757,"NA",0,0,0,0,0,0,0,0,0,1
"1758",1758,"1",1,0,0,0,0,0,0,0,0,0
"1759",1759,"NA",0,0,0,0,0,0,0,0,0,1
"1760",1760,"1",1,0,0,0,0,0,0,0,0,0
"1761",1761,"3",0,0,1,0,0,0,0,0,0,0
"1762",1762,"1",1,0,0,0,0,0,0,0,0,0
"1763",1763,"1",1,0,0,0,0,0,0,0,0,0
"1764",1764,"1",1,0,0,0,0,0,0,0,0,0
"1765",1765,"NA",0,0,0,0,0,0,0,0,0,1
"1766",1766,"1",1,0,0,0,0,0,0,0,0,0
"1767",1767,"2",0,1,0,0,0,0,0,0,0,0
"1768",1768,"4",0,0,0,1,0,0,0,0,0,0
"1769",1769,"1",1,0,0,0,0,0,0,0,0,0
"1770",1770,"2",0,1,0,0,0,0,0,0,0,0
"1771",1771,"1",1,0,0,0,0,0,0,0,0,0
"1772",1772,"2",0,1,0,0,0,0,0,0,0,0
"1773",1773,"1",1,0,0,0,0,0,0,0,0,0
"1774",1774,"2",0,1,0,0,0,0,0,0,0,0
"1775",1775,"2",0,1,0,0,0,0,0,0,0,0
"1776",1776,"3",0,0,1,0,0,0,0,0,0,0
"1777",1777,"2",0,1,0,0,0,0,0,0,0,0
"1778",1778,"1",1,0,0,0,0,0,0,0,0,0
"1779",1779,"2",0,1,0,0,0,0,0,0,0,0
"1780",1780,"1",1,0,0,0,0,0,0,0,0,0
"1781",1781,"2",0,1,0,0,0,0,0,0,0,0
"1782",1782,"1",1,0,0,0,0,0,0,0,0,0
"1783",1783,"3",0,0,1,0,0,0,0,0,0,0
"1784",1784,"NA",0,0,0,0,0,0,0,0,0,1
"1785",1785,"3",0,0,1,0,0,0,0,0,0,0
"1786",1786,"2",0,1,0,0,0,0,0,0,0,0
"1787",1787,"1",1,0,0,0,0,0,0,0,0,0
"1788",1788,"1",1,0,0,0,0,0,0,0,0,0
"1789",1789,"1",1,0,0,0,0,0,0,0,0,0
"1790",1790,"1",1,0,0,0,0,0,0,0,0,0
"1791",1791,"1",1,0,0,0,0,0,0,0,0,0
"1792",1792,"1",1,0,0,0,0,0,0,0,0,0
"1793",1793,"2",0,1,0,0,0,0,0,0,0,0
"1794",1794,"1",1,0,0,0,0,0,0,0,0,0
"1795",1795,"NA",0,0,0,0,0,0,0,0,0,1
"1796",1796,"2",0,1,0,0,0,0,0,0,0,0
"1797",1797,"1",1,0,0,0,0,0,0,0,0,0
"1798",1798,"2",0,1,0,0,0,0,0,0,0,0
"1799",1799,"3",0,0,1,0,0,0,0,0,0,0
"1800",1800,"2",0,1,0,0,0,0,0,0,0,0
"1801",1801,"2",0,1,0,0,0,0,0,0,0,0
"1802",1802,"3",0,0,1,0,0,0,0,0,0,0
"1803",1803,"2",0,1,0,0,0,0,0,0,0,0
"1804",1804,"NA",0,0,0,0,0,0,0,0,0,1
"1805",1805,"3",0,0,1,0,0,0,0,0,0,0
"1806",1806,"1",1,0,0,0,0,0,0,0,0,0
"1807",1807,"1",1,0,0,0,0,0,0,0,0,0
"1808",1808,"1",1,0,0,0,0,0,0,0,0,0
"1809",1809,"2",0,1,0,0,0,0,0,0,0,0
"1810",1810,"NA",0,0,0,0,0,0,0,0,0,1
"1811",1811,"4",0,0,0,1,0,0,0,0,0,0
"1812",1812,"2",0,1,0,0,0,0,0,0,0,0
"1813",1813,"3",0,0,1,0,0,0,0,0,0,0
"1814",1814,"1",1,0,0,0,0,0,0,0,0,0
"1815",1815,"NA",0,0,0,0,0,0,0,0,0,1
"1816",1816,"2",0,1,0,0,0,0,0,0,0,0
"1817",1817,"1",1,0,0,0,0,0,0,0,0,0
"1818",1818,"3",0,0,1,0,0,0,0,0,0,0
"1819",1819,"1",1,0,0,0,0,0,0,0,0,0
"1820",1820,"2",0,1,0,0,0,0,0,0,0,0
"1821",1821,"1",1,0,0,0,0,0,0,0,0,0
"1822",1822,"1",1,0,0,0,0,0,0,0,0,0
"1823",1823,"1",1,0,0,0,0,0,0,0,0,0
"1824",1824,"1",1,0,0,0,0,0,0,0,0,0
"1825",1825,"1",1,0,0,0,0,0,0,0,0,0
"1826",1826,"3",0,0,1,0,0,0,0,0,0,0
"1827",1827,"2",0,1,0,0,0,0,0,0,0,0
"1828",1828,"4",0,0,0,1,0,0,0,0,0,0
"1829",1829,"NA",0,0,0,0,0,0,0,0,0,1
"1830",1830,"2",0,1,0,0,0,0,0,0,0,0
"1831",1831,"2",0,1,0,0,0,0,0,0,0,0
"1832",1832,"1",1,0,0,0,0,0,0,0,0,0
"1833",1833,"3",0,0,1,0,0,0,0,0,0,0
"1834",1834,"3",0,0,1,0,0,0,0,0,0,0
"1835",1835,"NA",0,0,0,0,0,0,0,0,0,1
"1836",1836,"1",1,0,0,0,0,0,0,0,0,0
"1837",1837,"NA",0,0,0,0,0,0,0,0,0,1
"1838",1838,"3",0,0,1,0,0,0,0,0,0,0
"1839",1839,"3",0,0,1,0,0,0,0,0,0,0
"1840",1840,"1",1,0,0,0,0,0,0,0,0,0
"1841",1841,"NA",0,0,0,0,0,0,0,0,0,1
"1842",1842,"2",0,1,0,0,0,0,0,0,0,0
"1843",1843,"1",1,0,0,0,0,0,0,0,0,0
"1844",1844,"NA",0,0,0,0,0,0,0,0,0,1
"1845",1845,"NA",0,0,0,0,0,0,0,0,0,1
"1846",1846,"1",1,0,0,0,0,0,0,0,0,0
"1847",1847,"7",0,0,0,0,0,0,1,0,0,0
"1848",1848,"3",0,0,1,0,0,0,0,0,0,0
"1849",1849,"1",1,0,0,0,0,0,0,0,0,0
"1850",1850,"NA",0,0,0,0,0,0,0,0,0,1
"1851",1851,"2",0,1,0,0,0,0,0,0,0,0
"1852",1852,"3",0,0,1,0,0,0,0,0,0,0
"1853",1853,"3",0,0,1,0,0,0,0,0,0,0
"1854",1854,"2",0,1,0,0,0,0,0,0,0,0
"1855",1855,"NA",0,0,0,0,0,0,0,0,0,1
"1856",1856,"2",0,1,0,0,0,0,0,0,0,0
"1857",1857,"1",1,0,0,0,0,0,0,0,0,0
"1858",1858,"1",1,0,0,0,0,0,0,0,0,0
"1859",1859,"3",0,0,1,0,0,0,0,0,0,0
"1860",1860,"1",1,0,0,0,0,0,0,0,0,0
"1861",1861,"2",0,1,0,0,0,0,0,0,0,0
"1862",1862,"2",0,1,0,0,0,0,0,0,0,0
"1863",1863,"3",0,0,1,0,0,0,0,0,0,0
"1864",1864,"1",1,0,0,0,0,0,0,0,0,0
"1865",1865,"2",0,1,0,0,0,0,0,0,0,0
"1866",1866,"NA",0,0,0,0,0,0,0,0,0,1
"1867",1867,"1",1,0,0,0,0,0,0,0,0,0
"1868",1868,"2",0,1,0,0,0,0,0,0,0,0
"1869",1869,"1",1,0,0,0,0,0,0,0,0,0
"1870",1870,"1",1,0,0,0,0,0,0,0,0,0
"1871",1871,"1",1,0,0,0,0,0,0,0,0,0
"1872",1872,"1",1,0,0,0,0,0,0,0,0,0
"1873",1873,"1",1,0,0,0,0,0,0,0,0,0
"1874",1874,"3",0,0,1,0,0,0,0,0,0,0
"1875",1875,"1",1,0,0,0,0,0,0,0,0,0
"1876",1876,"3",0,0,1,0,0,0,0,0,0,0
"1877",1877,"NA",0,0,0,0,0,0,0,0,0,1
"1878",1878,"1",1,0,0,0,0,0,0,0,0,0
"1879",1879,"3",0,0,1,0,0,0,0,0,0,0
"1880",1880,"2",0,1,0,0,0,0,0,0,0,0
"1881",1881,"NA",0,0,0,0,0,0,0,0,0,1
"1882",1882,"6",0,0,0,0,0,1,0,0,0,0
"1883",1883,"1",1,0,0,0,0,0,0,0,0,0
"1884",1884,"2",0,1,0,0,0,0,0,0,0,0
"1885",1885,"NA",0,0,0,0,0,0,0,0,0,1
"1886",1886,"2",0,1,0,0,0,0,0,0,0,0
"1887",1887,"NA",0,0,0,0,0,0,0,0,0,1
"1888",1888,"NA",0,0,0,0,0,0,0,0,0,1
"1889",1889,"1",1,0,0,0,0,0,0,0,0,0
"1890",1890,"2",0,1,0,0,0,0,0,0,0,0
"1891",1891,"NA",0,0,0,0,0,0,0,0,0,1
"1892",1892,"2",0,1,0,0,0,0,0,0,0,0
"1893",1893,"3",0,0,1,0,0,0,0,0,0,0
"1894",1894,"2",0,1,0,0,0,0,0,0,0,0
"1895",1895,"3",0,0,1,0,0,0,0,0,0,0
"1896",1896,"NA",0,0,0,0,0,0,0,0,0,1
"1897",1897,"2",0,1,0,0,0,0,0,0,0,0
"1898",1898,"1",1,0,0,0,0,0,0,0,0,0
"1899",1899,"NA",0,0,0,0,0,0,0,0,0,1
"1900",1900,"NA",0,0,0,0,0,0,0,0,0,1
"1901",1901,"1",1,0,0,0,0,0,0,0,0,0
"1902",1902,"1",1,0,0,0,0,0,0,0,0,0
"1903",1903,"NA",0,0,0,0,0,0,0,0,0,1
"1904",1904,"3",0,0,1,0,0,0,0,0,0,0
"1905",1905,"1",1,0,0,0,0,0,0,0,0,0
"1906",1906,"2",0,1,0,0,0,0,0,0,0,0
"1907",1907,"2",0,1,0,0,0,0,0,0,0,0
"1908",1908,"NA",0,0,0,0,0,0,0,0,0,1
"1909",1909,"3",0,0,1,0,0,0,0,0,0,0
"1910",1910,"3",0,0,1,0,0,0,0,0,0,0
"1911",1911,"NA",0,0,0,0,0,0,0,0,0,1
"1912",1912,"2",0,1,0,0,0,0,0,0,0,0
"1913",1913,"3",0,0,1,0,0,0,0,0,0,0
"1914",1914,"3",0,0,1,0,0,0,0,0,0,0
"1915",1915,"1",1,0,0,0,0,0,0,0,0,0
"1916",1916,"2",0,1,0,0,0,0,0,0,0,0
"1917",1917,"1",1,0,0,0,0,0,0,0,0,0
"1918",1918,"NA",0,0,0,0,0,0,0,0,0,1
"1919",1919,"1",1,0,0,0,0,0,0,0,0,0
"1920",1920,"1",1,0,0,0,0,0,0,0,0,0
"1921",1921,"1",1,0,0,0,0,0,0,0,0,0
"1922",1922,"NA",0,0,0,0,0,0,0,0,0,1
"1923",1923,"1",1,0,0,0,0,0,0,0,0,0
"1924",1924,"2",0,1,0,0,0,0,0,0,0,0
"1925",1925,"1",1,0,0,0,0,0,0,0,0,0
"1926",1926,"1",1,0,0,0,0,0,0,0,0,0
"1927",1927,"2",0,1,0,0,0,0,0,0,0,0
"1928",1928,"3",0,0,1,0,0,0,0,0,0,0
"1929",1929,"1",1,0,0,0,0,0,0,0,0,0
"1930",1930,"2",0,1,0,0,0,0,0,0,0,0
"1931",1931,"NA",0,0,0,0,0,0,0,0,0,1
"1932",1932,"1",1,0,0,0,0,0,0,0,0,0
"1933",1933,"1",1,0,0,0,0,0,0,0,0,0
"1934",1934,"2",0,1,0,0,0,0,0,0,0,0
"1935",1935,"3",0,0,1,0,0,0,0,0,0,0
"1936",1936,"NA",0,0,0,0,0,0,0,0,0,1
"1937",1937,"1",1,0,0,0,0,0,0,0,0,0
"1938",1938,"1",1,0,0,0,0,0,0,0,0,0
"1939",1939,"1",1,0,0,0,0,0,0,0,0,0
"1940",1940,"NA",0,0,0,0,0,0,0,0,0,1
"1941",1941,"2",0,1,0,0,0,0,0,0,0,0
"1942",1942,"2",0,1,0,0,0,0,0,0,0,0
"1943",1943,"NA",0,0,0,0,0,0,0,0,0,1
"1944",1944,"1",1,0,0,0,0,0,0,0,0,0
"1945",1945,"1",1,0,0,0,0,0,0,0,0,0
"1946",1946,"2",0,1,0,0,0,0,0,0,0,0
"1947",1947,"1",1,0,0,0,0,0,0,0,0,0
"1948",1948,"3",0,0,1,0,0,0,0,0,0,0
"1949",1949,"1",1,0,0,0,0,0,0,0,0,0
"1950",1950,"1",1,0,0,0,0,0,0,0,0,0
"1951",1951,"1",1,0,0,0,0,0,0,0,0,0
"1952",1952,"4",0,0,0,1,0,0,0,0,0,0
"1953",1953,"3",0,0,1,0,0,0,0,0,0,0
"1954",1954,"NA",0,0,0,0,0,0,0,0,0,1
"1955",1955,"2",0,1,0,0,0,0,0,0,0,0
"1956",1956,"2",0,1,0,0,0,0,0,0,0,0
"1957",1957,"NA",0,0,0,0,0,0,0,0,0,1
"1958",1958,"NA",0,0,0,0,0,0,0,0,0,1
"1959",1959,"NA",0,0,0,0,0,0,0,0,0,1
"1960",1960,"3",0,0,1,0,0,0,0,0,0,0
"1961",1961,"NA",0,0,0,0,0,0,0,0,0,1
"1962",1962,"2",0,1,0,0,0,0,0,0,0,0
"1963",1963,"NA",0,0,0,0,0,0,0,0,0,1
"1964",1964,"NA",0,0,0,0,0,0,0,0,0,1
"1965",1965,"1",1,0,0,0,0,0,0,0,0,0
"1966",1966,"1",1,0,0,0,0,0,0,0,0,0
"1967",1967,"1",1,0,0,0,0,0,0,0,0,0
"1968",1968,"NA",0,0,0,0,0,0,0,0,0,1
"1969",1969,"NA",0,0,0,0,0,0,0,0,0,1
"1970",1970,"3",0,0,1,0,0,0,0,0,0,0
"1971",1971,"3",0,0,1,0,0,0,0,0,0,0
"1972",1972,"1",1,0,0,0,0,0,0,0,0,0
"1973",1973,"NA",0,0,0,0,0,0,0,0,0,1
"1974",1974,"2",0,1,0,0,0,0,0,0,0,0
"1975",1975,"NA",0,0,0,0,0,0,0,0,0,1
"1976",1976,"1",1,0,0,0,0,0,0,0,0,0
"1977",1977,"2",0,1,0,0,0,0,0,0,0,0
"1978",1978,"1",1,0,0,0,0,0,0,0,0,0
"1979",1979,"NA",0,0,0,0,0,0,0,0,0,1
"1980",1980,"NA",0,0,0,0,0,0,0,0,0,1
"1981",1981,"NA",0,0,0,0,0,0,0,0,0,1
"1982",1982,"2",0,1,0,0,0,0,0,0,0,0
"1983",1983,"1",1,0,0,0,0,0,0,0,0,0
"1984",1984,"1",1,0,0,0,0,0,0,0,0,0
"1985",1985,"1",1,0,0,0,0,0,0,0,0,0
"1986",1986,"1",1,0,0,0,0,0,0,0,0,0
"1987",1987,"1",1,0,0,0,0,0,0,0,0,0
"1988",1988,"2",0,1,0,0,0,0,0,0,0,0
"1989",1989,"1",1,0,0,0,0,0,0,0,0,0
"1990",1990,"NA",0,0,0,0,0,0,0,0,0,1
"1991",1991,"2",0,1,0,0,0,0,0,0,0,0
"1992",1992,"1",1,0,0,0,0,0,0,0,0,0
"1993",1993,"3",0,0,1,0,0,0,0,0,0,0
"1994",1994,"2",0,1,0,0,0,0,0,0,0,0
"1995",1995,"NA",0,0,0,0,0,0,0,0,0,1
"1996",1996,"1",1,0,0,0,0,0,0,0,0,0
"1997",1997,"2",0,1,0,0,0,0,0,0,0,0
"1998",1998,"2",0,1,0,0,0,0,0,0,0,0
"1999",1999,"2",0,1,0,0,0,0,0,0,0,0
"2000",2000,"NA",0,0,0,0,0,0,0,0,0,1
