"","Y","id","tfa_1M","category","category_$500Mto$1B","category_$100Mto$500M","category_$10Mto$50M","category_$1Bto$10B","category_$50Mto$100M","category_$1Mto$10M","category_Lessthan$1M","category_NA"
"1",1,1,683,"$500Mto$1B",1,0,0,0,0,0,0,0
"2",1,2,115.5,"$100Mto$500M",0,1,0,0,0,0,0,0
"3",1,3,233.001006,"$100Mto$500M",0,1,0,0,0,0,0,0
"4",1,4,122,"$100Mto$500M",0,1,0,0,0,0,0,0
"5",1,5,33.99,"$10Mto$50M",0,0,1,0,0,0,0,0
"6",1,6,209.2,"$100Mto$500M",0,1,0,0,0,0,0,0
"7",1,7,104,"$100Mto$500M",0,1,0,0,0,0,0,0
"8",1,8,21,"$10Mto$50M",0,0,1,0,0,0,0,0
"9",1,9,650,"$500Mto$1B",1,0,0,0,0,0,0,0
"10",1,10,1750,"$1Bto$10B",0,0,0,1,0,0,0,0
"11",1,11,800,"$500Mto$1B",1,0,0,0,0,0,0,0
"12",1,12,215,"$100Mto$500M",0,1,0,0,0,0,0,0
"13",1,13,658.7,"$500Mto$1B",1,0,0,0,0,0,0,0
"14",1,14,219,"$100Mto$500M",0,1,0,0,0,0,0,0
"15",1,15,50,"$10Mto$50M",0,0,1,0,0,0,0,0
"16",1,16,163.5,"$100Mto$500M",0,1,0,0,0,0,0,0
"17",1,17,4898.985,"$1Bto$10B",0,0,0,1,0,0,0,0
"18",1,18,93,"$50Mto$100M",0,0,0,0,1,0,0,0
"19",1,19,163,"$100Mto$500M",0,1,0,0,0,0,0,0
"20",1,20,2101,"$1Bto$10B",0,0,0,1,0,0,0,0
"21",1,21,363,"$100Mto$500M",0,1,0,0,0,0,0,0
"22",1,22,3198.403166,"$1Bto$10B",0,0,0,1,0,0,0,0
"23",1,23,127.5,"$100Mto$500M",0,1,0,0,0,0,0,0
"24",1,24,30.25,"$10Mto$50M",0,0,1,0,0,0,0,0
"25",1,25,296.3,"$100Mto$500M",0,1,0,0,0,0,0,0
"26",1,26,106.6,"$100Mto$500M",0,1,0,0,0,0,0,0
"27",1,27,344.7,"$100Mto$500M",0,1,0,0,0,0,0,0
"28",1,28,503,"$500Mto$1B",1,0,0,0,0,0,0,0
"29",1,29,164.5,"$100Mto$500M",0,1,0,0,0,0,0,0
"30",1,30,185.72,"$100Mto$500M",0,1,0,0,0,0,0,0
"31",1,31,180.916,"$100Mto$500M",0,1,0,0,0,0,0,0
"32",1,32,206.96,"$100Mto$500M",0,1,0,0,0,0,0,0
"33",1,33,15.5,"$10Mto$50M",0,0,1,0,0,0,0,0
"34",1,34,375,"$100Mto$500M",0,1,0,0,0,0,0,0
"35",1,35,150,"$100Mto$500M",0,1,0,0,0,0,0,0
"36",1,36,361.45,"$100Mto$500M",0,1,0,0,0,0,0,0
"37",1,37,220,"$100Mto$500M",0,1,0,0,0,0,0,0
"38",1,38,14,"$10Mto$50M",0,0,1,0,0,0,0,0
"39",1,39,72.875,"$50Mto$100M",0,0,0,0,1,0,0,0
"40",1,40,450,"$100Mto$500M",0,1,0,0,0,0,0,0
"41",1,41,41,"$10Mto$50M",0,0,1,0,0,0,0,0
"42",1,42,400,"$100Mto$500M",0,1,0,0,0,0,0,0
"43",1,43,64.25,"$50Mto$100M",0,0,0,0,1,0,0,0
"44",1,44,58.825,"$50Mto$100M",0,0,0,0,1,0,0,0
"45",1,45,4.95,"$1Mto$10M",0,0,0,0,0,1,0,0
"46",1,46,15.52,"$10Mto$50M",0,0,1,0,0,0,0,0
"47",1,47,257.5,"$100Mto$500M",0,1,0,0,0,0,0,0
"48",1,48,150.35,"$100Mto$500M",0,1,0,0,0,0,0,0
"49",1,49,0.8,"Lessthan$1M",0,0,0,0,0,0,1,0
"50",1,50,31.8,"$10Mto$50M",0,0,1,0,0,0,0,0
"51",1,51,1.12,"$1Mto$10M",0,0,0,0,0,1,0,0
"52",1,52,20.595,"$10Mto$50M",0,0,1,0,0,0,0,0
"53",1,53,325.955,"$100Mto$500M",0,1,0,0,0,0,0,0
"54",1,54,92,"$50Mto$100M",0,0,0,0,1,0,0,0
"55",1,55,72.42,"$50Mto$100M",0,0,0,0,1,0,0,0
"56",1,56,110.5,"$100Mto$500M",0,1,0,0,0,0,0,0
"57",1,57,51.8,"$50Mto$100M",0,0,0,0,1,0,0,0
"58",1,58,107.5,"$100Mto$500M",0,1,0,0,0,0,0,0
"59",1,59,11,"$10Mto$50M",0,0,1,0,0,0,0,0
"60",1,60,200,"$100Mto$500M",0,1,0,0,0,0,0,0
"61",1,61,16,"$10Mto$50M",0,0,1,0,0,0,0,0
"62",1,62,7.65,"$1Mto$10M",0,0,0,0,0,1,0,0
"63",1,63,8.5,"$1Mto$10M",0,0,0,0,0,1,0,0
"64",1,64,61,"$50Mto$100M",0,0,0,0,1,0,0,0
"65",1,65,37,"$10Mto$50M",0,0,1,0,0,0,0,0
"66",1,66,302,"$100Mto$500M",0,1,0,0,0,0,0,0
"67",1,67,141.561341,"$100Mto$500M",0,1,0,0,0,0,0,0
"68",1,68,297,"$100Mto$500M",0,1,0,0,0,0,0,0
"69",1,69,61.7,"$50Mto$100M",0,0,0,0,1,0,0,0
"70",1,70,70,"$50Mto$100M",0,0,0,0,1,0,0,0
"71",1,71,110.6,"$100Mto$500M",0,1,0,0,0,0,0,0
"72",1,72,12.82,"$10Mto$50M",0,0,1,0,0,0,0,0
"73",1,73,13.1,"$10Mto$50M",0,0,1,0,0,0,0,0
"74",1,74,78.3,"$50Mto$100M",0,0,0,0,1,0,0,0
"75",1,75,83.5,"$50Mto$100M",0,0,0,0,1,0,0,0
"76",1,76,1.5,"$1Mto$10M",0,0,0,0,0,1,0,0
"77",1,77,75,"$50Mto$100M",0,0,0,0,1,0,0,0
"78",1,78,40.5,"$10Mto$50M",0,0,1,0,0,0,0,0
"79",1,79,500,"$100Mto$500M",0,1,0,0,0,0,0,0
"80",1,80,233,"$100Mto$500M",0,1,0,0,0,0,0,0
"81",1,81,204.439706,"$100Mto$500M",0,1,0,0,0,0,0,0
"82",1,82,8,"$1Mto$10M",0,0,0,0,0,1,0,0
"83",1,83,15,"$10Mto$50M",0,0,1,0,0,0,0,0
"84",1,84,6,"$1Mto$10M",0,0,0,0,0,1,0,0
"85",1,85,111.464,"$100Mto$500M",0,1,0,0,0,0,0,0
"86",1,86,9.5,"$1Mto$10M",0,0,0,0,0,1,0,0
"87",1,87,43.61,"$10Mto$50M",0,0,1,0,0,0,0,0
"88",1,88,5.14,"$1Mto$10M",0,0,0,0,0,1,0,0
"89",1,89,75,"$50Mto$100M",0,0,0,0,1,0,0,0
"90",1,90,64.0369,"$50Mto$100M",0,0,0,0,1,0,0,0
"91",1,91,119.866665,"$100Mto$500M",0,1,0,0,0,0,0,0
"92",1,92,17,"$10Mto$50M",0,0,1,0,0,0,0,0
"93",1,93,37.099999,"$10Mto$50M",0,0,1,0,0,0,0,0
"94",1,94,43.6,"$10Mto$50M",0,0,1,0,0,0,0,0
"95",1,95,14.1,"$10Mto$50M",0,0,1,0,0,0,0,0
"96",1,96,107.651032,"$100Mto$500M",0,1,0,0,0,0,0,0
"97",1,97,28.25,"$10Mto$50M",0,0,1,0,0,0,0,0
"98",1,98,811,"$500Mto$1B",1,0,0,0,0,0,0,0
"99",1,99,96,"$50Mto$100M",0,0,0,0,1,0,0,0
"100",1,100,60,"$50Mto$100M",0,0,0,0,1,0,0,0
"101",1,101,7.72,"$1Mto$10M",0,0,0,0,0,1,0,0
"102",1,102,197.6,"$100Mto$500M",0,1,0,0,0,0,0,0
"103",1,103,115,"$100Mto$500M",0,1,0,0,0,0,0,0
"104",1,104,161.87916,"$100Mto$500M",0,1,0,0,0,0,0,0
"105",1,105,43.873169,"$10Mto$50M",0,0,1,0,0,0,0,0
"106",1,106,124.26,"$100Mto$500M",0,1,0,0,0,0,0,0
"107",1,107,73.1,"$50Mto$100M",0,0,0,0,1,0,0,0
"108",1,108,89.749991,"$50Mto$100M",0,0,0,0,1,0,0,0
"109",1,109,9.2,"$1Mto$10M",0,0,0,0,0,1,0,0
"110",1,110,3.3,"$1Mto$10M",0,0,0,0,0,1,0,0
"111",1,111,623,"$500Mto$1B",1,0,0,0,0,0,0,0
"112",1,112,7,"$1Mto$10M",0,0,0,0,0,1,0,0
"113",1,113,50,"$10Mto$50M",0,0,1,0,0,0,0,0
"114",1,114,15,"$10Mto$50M",0,0,1,0,0,0,0,0
"115",1,115,30,"$10Mto$50M",0,0,1,0,0,0,0,0
"116",1,116,181.5,"$100Mto$500M",0,1,0,0,0,0,0,0
"117",1,117,20.627957,"$10Mto$50M",0,0,1,0,0,0,0,0
"118",1,118,340.362625,"$100Mto$500M",0,1,0,0,0,0,0,0
"119",1,119,36.9,"$10Mto$50M",0,0,1,0,0,0,0,0
"120",1,120,14,"$10Mto$50M",0,0,1,0,0,0,0,0
"121",1,121,168.153477,"$100Mto$500M",0,1,0,0,0,0,0,0
"122",1,122,2.8,"$1Mto$10M",0,0,0,0,0,1,0,0
"123",1,123,18.899998,"$10Mto$50M",0,0,1,0,0,0,0,0
"124",1,124,38.2,"$10Mto$50M",0,0,1,0,0,0,0,0
"125",1,125,75,"$50Mto$100M",0,0,0,0,1,0,0,0
"126",1,126,10.35,"$10Mto$50M",0,0,1,0,0,0,0,0
"127",1,127,14.925,"$10Mto$50M",0,0,1,0,0,0,0,0
"128",1,128,12,"$10Mto$50M",0,0,1,0,0,0,0,0
"129",1,129,54,"$50Mto$100M",0,0,0,0,1,0,0,0
"130",1,130,2.45,"$1Mto$10M",0,0,0,0,0,1,0,0
"131",1,131,8.3,"$1Mto$10M",0,0,0,0,0,1,0,0
"132",1,132,85.25,"$50Mto$100M",0,0,0,0,1,0,0,0
"133",1,133,65,"$50Mto$100M",0,0,0,0,1,0,0,0
"134",1,134,71.1,"$50Mto$100M",0,0,0,0,1,0,0,0
"135",1,135,29.7,"$10Mto$50M",0,0,1,0,0,0,0,0
"136",1,136,217,"$100Mto$500M",0,1,0,0,0,0,0,0
"137",1,137,30.4,"$10Mto$50M",0,0,1,0,0,0,0,0
"138",1,138,1476.5,"$1Bto$10B",0,0,0,1,0,0,0,0
"139",1,139,275,"$100Mto$500M",0,1,0,0,0,0,0,0
"140",1,140,35,"$10Mto$50M",0,0,1,0,0,0,0,0
"141",1,141,28.1,"$10Mto$50M",0,0,1,0,0,0,0,0
"142",1,142,6,"$1Mto$10M",0,0,0,0,0,1,0,0
"143",1,143,103.6,"$100Mto$500M",0,1,0,0,0,0,0,0
"144",1,144,11.5,"$10Mto$50M",0,0,1,0,0,0,0,0
"145",1,145,279,"$100Mto$500M",0,1,0,0,0,0,0,0
"146",1,146,10.6,"$10Mto$50M",0,0,1,0,0,0,0,0
"147",1,147,238.7,"$100Mto$500M",0,1,0,0,0,0,0,0
"148",1,148,35.918996,"$10Mto$50M",0,0,1,0,0,0,0,0
"149",1,149,44.999999,"$10Mto$50M",0,0,1,0,0,0,0,0
"150",1,150,86.269417,"$50Mto$100M",0,0,0,0,1,0,0,0
"151",1,151,12.099999,"$10Mto$50M",0,0,1,0,0,0,0,0
"152",1,152,163.188999,"$100Mto$500M",0,1,0,0,0,0,0,0
"153",1,153,4.907598,"$1Mto$10M",0,0,0,0,0,1,0,0
"154",1,154,79.14948,"$50Mto$100M",0,0,0,0,1,0,0,0
"155",1,155,700,"$500Mto$1B",1,0,0,0,0,0,0,0
"156",1,156,30,"$10Mto$50M",0,0,1,0,0,0,0,0
"157",1,157,38,"$10Mto$50M",0,0,1,0,0,0,0,0
"158",1,158,62.6,"$50Mto$100M",0,0,0,0,1,0,0,0
"159",1,159,270,"$100Mto$500M",0,1,0,0,0,0,0,0
"160",1,160,25.5,"$10Mto$50M",0,0,1,0,0,0,0,0
"161",1,161,15.06,"$10Mto$50M",0,0,1,0,0,0,0,0
"162",1,162,250,"$100Mto$500M",0,1,0,0,0,0,0,0
"163",1,163,1450,"$1Bto$10B",0,0,0,1,0,0,0,0
"164",1,164,36.24601,"$10Mto$50M",0,0,1,0,0,0,0,0
"165",1,165,27.33,"$10Mto$50M",0,0,1,0,0,0,0,0
"166",1,166,15,"$10Mto$50M",0,0,1,0,0,0,0,0
"167",1,167,7,"$1Mto$10M",0,0,0,0,0,1,0,0
"168",1,168,60,"$50Mto$100M",0,0,0,0,1,0,0,0
"169",1,169,3.62,"$1Mto$10M",0,0,0,0,0,1,0,0
"170",1,170,116,"$100Mto$500M",0,1,0,0,0,0,0,0
"171",1,171,140,"$100Mto$500M",0,1,0,0,0,0,0,0
"172",1,172,155,"$100Mto$500M",0,1,0,0,0,0,0,0
"173",1,173,0.75,"Lessthan$1M",0,0,0,0,0,0,1,0
"174",1,174,141.75,"$100Mto$500M",0,1,0,0,0,0,0,0
"175",1,175,368.426737,"$100Mto$500M",0,1,0,0,0,0,0,0
"176",1,176,2.65,"$1Mto$10M",0,0,0,0,0,1,0,0
"177",1,177,336,"$100Mto$500M",0,1,0,0,0,0,0,0
"178",1,178,77.387354,"$50Mto$100M",0,0,0,0,1,0,0,0
"179",1,179,1800,"$1Bto$10B",0,0,0,1,0,0,0,0
"180",1,180,27.131159,"$10Mto$50M",0,0,1,0,0,0,0,0
"181",1,181,3.05,"$1Mto$10M",0,0,0,0,0,1,0,0
"182",1,182,74.5,"$50Mto$100M",0,0,0,0,1,0,0,0
"183",1,183,0.4,"Lessthan$1M",0,0,0,0,0,0,1,0
"184",1,184,10.2,"$10Mto$50M",0,0,1,0,0,0,0,0
"185",1,185,111.6,"$100Mto$500M",0,1,0,0,0,0,0,0
"186",1,186,39.25,"$10Mto$50M",0,0,1,0,0,0,0,0
"187",1,187,30.6,"$10Mto$50M",0,0,1,0,0,0,0,0
"188",1,188,115.3,"$100Mto$500M",0,1,0,0,0,0,0,0
"189",1,189,20,"$10Mto$50M",0,0,1,0,0,0,0,0
"190",1,190,15,"$10Mto$50M",0,0,1,0,0,0,0,0
"191",1,191,3.9,"$1Mto$10M",0,0,0,0,0,1,0,0
"192",1,192,110,"$100Mto$500M",0,1,0,0,0,0,0,0
"193",1,193,70.5112,"$50Mto$100M",0,0,0,0,1,0,0,0
"194",1,194,25.02,"$10Mto$50M",0,0,1,0,0,0,0,0
"195",1,195,37,"$10Mto$50M",0,0,1,0,0,0,0,0
"196",1,196,16.5,"$10Mto$50M",0,0,1,0,0,0,0,0
"197",1,197,275,"$100Mto$500M",0,1,0,0,0,0,0,0
"198",1,198,11,"$10Mto$50M",0,0,1,0,0,0,0,0
"199",1,199,29,"$10Mto$50M",0,0,1,0,0,0,0,0
"200",1,200,39.1,"$10Mto$50M",0,0,1,0,0,0,0,0
"201",1,201,60,"$50Mto$100M",0,0,0,0,1,0,0,0
"202",1,202,54.06,"$50Mto$100M",0,0,0,0,1,0,0,0
"203",1,203,44.835181,"$10Mto$50M",0,0,1,0,0,0,0,0
"204",1,204,20.457493,"$10Mto$50M",0,0,1,0,0,0,0,0
"205",1,205,103.729995,"$100Mto$500M",0,1,0,0,0,0,0,0
"206",1,206,52.6,"$50Mto$100M",0,0,0,0,1,0,0,0
"207",1,207,72.5,"$50Mto$100M",0,0,0,0,1,0,0,0
"208",1,208,1134.47668,"$1Bto$10B",0,0,0,1,0,0,0,0
"209",1,209,547.5,"$500Mto$1B",1,0,0,0,0,0,0,0
"210",1,210,1.25,"$1Mto$10M",0,0,0,0,0,1,0,0
"211",1,211,40,"$10Mto$50M",0,0,1,0,0,0,0,0
"212",1,212,78,"$50Mto$100M",0,0,0,0,1,0,0,0
"213",1,213,42.75,"$10Mto$50M",0,0,1,0,0,0,0,0
"214",1,214,141.28,"$100Mto$500M",0,1,0,0,0,0,0,0
"215",1,215,29.5,"$10Mto$50M",0,0,1,0,0,0,0,0
"216",1,216,44.135,"$10Mto$50M",0,0,1,0,0,0,0,0
"217",1,217,77.549995,"$50Mto$100M",0,0,0,0,1,0,0,0
"218",1,218,3.8,"$1Mto$10M",0,0,0,0,0,1,0,0
"219",1,219,65,"$50Mto$100M",0,0,0,0,1,0,0,0
"220",1,220,70,"$50Mto$100M",0,0,0,0,1,0,0,0
"221",1,221,45.05,"$10Mto$50M",0,0,1,0,0,0,0,0
"222",1,222,271.749879,"$100Mto$500M",0,1,0,0,0,0,0,0
"223",1,223,27.537305,"$10Mto$50M",0,0,1,0,0,0,0,0
"224",1,224,55.82699,"$50Mto$100M",0,0,0,0,1,0,0,0
"225",1,225,10,"$1Mto$10M",0,0,0,0,0,1,0,0
"226",1,226,11.7,"$10Mto$50M",0,0,1,0,0,0,0,0
"227",1,227,26,"$10Mto$50M",0,0,1,0,0,0,0,0
"228",1,228,42.000361,"$10Mto$50M",0,0,1,0,0,0,0,0
"229",1,229,113.487877,"$100Mto$500M",0,1,0,0,0,0,0,0
"230",1,230,63,"$50Mto$100M",0,0,0,0,1,0,0,0
"231",1,231,53.97,"$50Mto$100M",0,0,0,0,1,0,0,0
"232",1,232,22.7,"$10Mto$50M",0,0,1,0,0,0,0,0
"233",1,233,22.07,"$10Mto$50M",0,0,1,0,0,0,0,0
"234",1,234,12,"$10Mto$50M",0,0,1,0,0,0,0,0
"235",1,235,1.25,"$1Mto$10M",0,0,0,0,0,1,0,0
"236",1,236,43.962386,"$10Mto$50M",0,0,1,0,0,0,0,0
"237",1,237,7.5,"$1Mto$10M",0,0,0,0,0,1,0,0
"238",1,238,10,"$1Mto$10M",0,0,0,0,0,1,0,0
"239",1,239,5.6,"$1Mto$10M",0,0,0,0,0,1,0,0
"240",1,240,8.4,"$1Mto$10M",0,0,0,0,0,1,0,0
"241",1,241,12.5,"$10Mto$50M",0,0,1,0,0,0,0,0
"242",1,242,10,"$1Mto$10M",0,0,0,0,0,1,0,0
"243",1,243,64.8,"$50Mto$100M",0,0,0,0,1,0,0,0
"244",1,244,73.667993,"$50Mto$100M",0,0,0,0,1,0,0,0
"245",1,245,114.471104,"$100Mto$500M",0,1,0,0,0,0,0,0
"246",1,246,5.8,"$1Mto$10M",0,0,0,0,0,1,0,0
"247",1,247,100,"$50Mto$100M",0,0,0,0,1,0,0,0
"248",1,248,9.359798,"$1Mto$10M",0,0,0,0,0,1,0,0
"249",1,249,74,"$50Mto$100M",0,0,0,0,1,0,0,0
"250",1,250,35,"$10Mto$50M",0,0,1,0,0,0,0,0
"251",1,251,11,"$10Mto$50M",0,0,1,0,0,0,0,0
"252",1,252,88,"$50Mto$100M",0,0,0,0,1,0,0,0
"253",1,253,5.35,"$1Mto$10M",0,0,0,0,0,1,0,0
"254",1,254,273.1,"$100Mto$500M",0,1,0,0,0,0,0,0
"255",1,255,69,"$50Mto$100M",0,0,0,0,1,0,0,0
"256",1,256,51.4,"$50Mto$100M",0,0,0,0,1,0,0,0
"257",1,257,38.75,"$10Mto$50M",0,0,1,0,0,0,0,0
"258",1,258,40.088916,"$10Mto$50M",0,0,1,0,0,0,0,0
"259",1,259,16.25,"$10Mto$50M",0,0,1,0,0,0,0,0
"260",1,260,0.72,"Lessthan$1M",0,0,0,0,0,0,1,0
"261",1,261,8.499994,"$1Mto$10M",0,0,0,0,0,1,0,0
"262",1,262,150,"$100Mto$500M",0,1,0,0,0,0,0,0
"263",1,263,36.71776,"$10Mto$50M",0,0,1,0,0,0,0,0
"264",1,264,28,"$10Mto$50M",0,0,1,0,0,0,0,0
"265",1,265,3.114157,"$1Mto$10M",0,0,0,0,0,1,0,0
"266",1,266,25.874814,"$10Mto$50M",0,0,1,0,0,0,0,0
"267",1,267,21.5,"$10Mto$50M",0,0,1,0,0,0,0,0
"268",1,268,2,"$1Mto$10M",0,0,0,0,0,1,0,0
"269",1,269,5.135,"$1Mto$10M",0,0,0,0,0,1,0,0
"270",1,270,4.5,"$1Mto$10M",0,0,0,0,0,1,0,0
"271",1,271,78.5,"$50Mto$100M",0,0,0,0,1,0,0,0
"272",1,272,96,"$50Mto$100M",0,0,0,0,1,0,0,0
"273",1,273,11.5,"$10Mto$50M",0,0,1,0,0,0,0,0
"274",1,274,156,"$100Mto$500M",0,1,0,0,0,0,0,0
"275",1,275,49.110523,"$10Mto$50M",0,0,1,0,0,0,0,0
"276",1,276,42,"$10Mto$50M",0,0,1,0,0,0,0,0
"277",1,277,31.735,"$10Mto$50M",0,0,1,0,0,0,0,0
"278",1,278,4.82,"$1Mto$10M",0,0,0,0,0,1,0,0
"279",1,279,12.8,"$10Mto$50M",0,0,1,0,0,0,0,0
"280",1,280,10,"$1Mto$10M",0,0,0,0,0,1,0,0
"281",1,281,40,"$10Mto$50M",0,0,1,0,0,0,0,0
"282",1,282,1.8,"$1Mto$10M",0,0,0,0,0,1,0,0
"283",1,283,62,"$50Mto$100M",0,0,0,0,1,0,0,0
"284",1,284,65.062378,"$50Mto$100M",0,0,0,0,1,0,0,0
"285",1,285,24.867498,"$10Mto$50M",0,0,1,0,0,0,0,0
"286",1,286,110,"$100Mto$500M",0,1,0,0,0,0,0,0
"287",1,287,100,"$50Mto$100M",0,0,0,0,1,0,0,0
"288",1,288,350,"$100Mto$500M",0,1,0,0,0,0,0,0
"289",1,289,38,"$10Mto$50M",0,0,1,0,0,0,0,0
"290",1,290,38.8,"$10Mto$50M",0,0,1,0,0,0,0,0
"291",1,291,4.22626,"$1Mto$10M",0,0,0,0,0,1,0,0
"292",1,292,4.75,"$1Mto$10M",0,0,0,0,0,1,0,0
"293",1,293,18.95737,"$10Mto$50M",0,0,1,0,0,0,0,0
"294",1,294,14.874998,"$10Mto$50M",0,0,1,0,0,0,0,0
"295",1,295,14,"$10Mto$50M",0,0,1,0,0,0,0,0
"296",1,296,17.967197,"$10Mto$50M",0,0,1,0,0,0,0,0
"297",1,297,162.199,"$100Mto$500M",0,1,0,0,0,0,0,0
"298",1,298,698,"$500Mto$1B",1,0,0,0,0,0,0,0
"299",1,299,1300,"$1Bto$10B",0,0,0,1,0,0,0,0
"300",1,300,31.8,"$10Mto$50M",0,0,1,0,0,0,0,0
"301",1,301,30,"$10Mto$50M",0,0,1,0,0,0,0,0
"302",1,302,17.5,"$10Mto$50M",0,0,1,0,0,0,0,0
"303",1,303,35,"$10Mto$50M",0,0,1,0,0,0,0,0
"304",1,304,41.432571,"$10Mto$50M",0,0,1,0,0,0,0,0
"305",1,305,7.714643,"$1Mto$10M",0,0,0,0,0,1,0,0
"306",1,306,19.968,"$10Mto$50M",0,0,1,0,0,0,0,0
"307",1,307,6,"$1Mto$10M",0,0,0,0,0,1,0,0
"308",1,308,10.5,"$10Mto$50M",0,0,1,0,0,0,0,0
"309",1,309,50,"$10Mto$50M",0,0,1,0,0,0,0,0
"310",1,310,13,"$10Mto$50M",0,0,1,0,0,0,0,0
"311",1,311,14.5,"$10Mto$50M",0,0,1,0,0,0,0,0
"312",1,312,15.658737,"$10Mto$50M",0,0,1,0,0,0,0,0
"313",1,313,4.65,"$1Mto$10M",0,0,0,0,0,1,0,0
"314",1,314,8.7,"$1Mto$10M",0,0,0,0,0,1,0,0
"315",1,315,2.7,"$1Mto$10M",0,0,0,0,0,1,0,0
"316",1,316,35.9,"$10Mto$50M",0,0,1,0,0,0,0,0
"317",1,317,7,"$1Mto$10M",0,0,0,0,0,1,0,0
"318",1,318,4.2,"$1Mto$10M",0,0,0,0,0,1,0,0
"319",1,319,6.5,"$1Mto$10M",0,0,0,0,0,1,0,0
"320",1,320,11.6,"$10Mto$50M",0,0,1,0,0,0,0,0
"321",1,321,13.5,"$10Mto$50M",0,0,1,0,0,0,0,0
"322",1,322,6,"$1Mto$10M",0,0,0,0,0,1,0,0
"323",1,323,4.35,"$1Mto$10M",0,0,0,0,0,1,0,0
"324",1,324,10,"$1Mto$10M",0,0,0,0,0,1,0,0
"325",1,325,77.5,"$50Mto$100M",0,0,0,0,1,0,0,0
"326",1,326,31.280524,"$10Mto$50M",0,0,1,0,0,0,0,0
"327",1,327,20.305,"$10Mto$50M",0,0,1,0,0,0,0,0
"328",1,328,54.2,"$50Mto$100M",0,0,0,0,1,0,0,0
"329",1,329,7.3,"$1Mto$10M",0,0,0,0,0,1,0,0
"330",1,330,18,"$10Mto$50M",0,0,1,0,0,0,0,0
"331",1,331,47,"$10Mto$50M",0,0,1,0,0,0,0,0
"332",1,332,5.3,"$1Mto$10M",0,0,0,0,0,1,0,0
"333",1,333,166,"$100Mto$500M",0,1,0,0,0,0,0,0
"334",1,334,40.78,"$10Mto$50M",0,0,1,0,0,0,0,0
"335",1,335,84.06,"$50Mto$100M",0,0,0,0,1,0,0,0
"336",1,336,7.39,"$1Mto$10M",0,0,0,0,0,1,0,0
"337",1,337,5.1,"$1Mto$10M",0,0,0,0,0,1,0,0
"338",1,338,250,"$100Mto$500M",0,1,0,0,0,0,0,0
"339",1,339,12.3,"$10Mto$50M",0,0,1,0,0,0,0,0
"340",1,340,158.3,"$100Mto$500M",0,1,0,0,0,0,0,0
"341",1,341,41.5,"$10Mto$50M",0,0,1,0,0,0,0,0
"342",1,342,0.8,"Lessthan$1M",0,0,0,0,0,0,1,0
"343",1,343,10,"$1Mto$10M",0,0,0,0,0,1,0,0
"344",1,344,360,"$100Mto$500M",0,1,0,0,0,0,0,0
"345",1,345,7.7,"$1Mto$10M",0,0,0,0,0,1,0,0
"346",1,346,4.55,"$1Mto$10M",0,0,0,0,0,1,0,0
"347",1,347,13.02,"$10Mto$50M",0,0,1,0,0,0,0,0
"348",1,348,101.25,"$100Mto$500M",0,1,0,0,0,0,0,0
"349",1,349,7.55,"$1Mto$10M",0,0,0,0,0,1,0,0
"350",1,350,17.5,"$10Mto$50M",0,0,1,0,0,0,0,0
"351",1,351,35,"$10Mto$50M",0,0,1,0,0,0,0,0
"352",1,352,260,"$100Mto$500M",0,1,0,0,0,0,0,0
"353",1,353,84,"$50Mto$100M",0,0,0,0,1,0,0,0
"354",1,354,1,"Lessthan$1M",0,0,0,0,0,0,1,0
"355",1,355,25.890503,"$10Mto$50M",0,0,1,0,0,0,0,0
"356",1,356,4.95,"$1Mto$10M",0,0,0,0,0,1,0,0
"357",1,357,1,"Lessthan$1M",0,0,0,0,0,0,1,0
"358",1,358,5.377053,"$1Mto$10M",0,0,0,0,0,1,0,0
"359",1,359,10,"$1Mto$10M",0,0,0,0,0,1,0,0
"360",1,360,7,"$1Mto$10M",0,0,0,0,0,1,0,0
"361",1,361,3,"$1Mto$10M",0,0,0,0,0,1,0,0
"362",1,362,20,"$10Mto$50M",0,0,1,0,0,0,0,0
"363",1,363,24.75,"$10Mto$50M",0,0,1,0,0,0,0,0
"364",1,364,20,"$10Mto$50M",0,0,1,0,0,0,0,0
"365",1,365,18,"$10Mto$50M",0,0,1,0,0,0,0,0
"366",1,366,24.35,"$10Mto$50M",0,0,1,0,0,0,0,0
"367",1,367,22.971,"$10Mto$50M",0,0,1,0,0,0,0,0
"368",1,368,21,"$10Mto$50M",0,0,1,0,0,0,0,0
"369",1,369,18,"$10Mto$50M",0,0,1,0,0,0,0,0
"370",1,370,10.8,"$10Mto$50M",0,0,1,0,0,0,0,0
"371",1,371,4,"$1Mto$10M",0,0,0,0,0,1,0,0
"372",1,372,20.049964,"$10Mto$50M",0,0,1,0,0,0,0,0
"373",1,373,110.004793,"$100Mto$500M",0,1,0,0,0,0,0,0
"374",1,374,17.5,"$10Mto$50M",0,0,1,0,0,0,0,0
"375",1,375,123,"$100Mto$500M",0,1,0,0,0,0,0,0
"376",1,376,30,"$10Mto$50M",0,0,1,0,0,0,0,0
"377",1,377,6.6,"$1Mto$10M",0,0,0,0,0,1,0,0
"378",1,378,105,"$100Mto$500M",0,1,0,0,0,0,0,0
"379",1,379,10,"$1Mto$10M",0,0,0,0,0,1,0,0
"380",1,380,0.6,"Lessthan$1M",0,0,0,0,0,0,1,0
"381",1,381,3,"$1Mto$10M",0,0,0,0,0,1,0,0
"382",1,382,16,"$10Mto$50M",0,0,1,0,0,0,0,0
"383",1,383,10,"$1Mto$10M",0,0,0,0,0,1,0,0
"384",1,384,20,"$10Mto$50M",0,0,1,0,0,0,0,0
"385",1,385,70.6,"$50Mto$100M",0,0,0,0,1,0,0,0
"386",1,386,11.461,"$10Mto$50M",0,0,1,0,0,0,0,0
"387",1,387,42.656845,"$10Mto$50M",0,0,1,0,0,0,0,0
"388",1,388,11.5,"$10Mto$50M",0,0,1,0,0,0,0,0
"389",1,389,29,"$10Mto$50M",0,0,1,0,0,0,0,0
"390",1,390,5.8,"$1Mto$10M",0,0,0,0,0,1,0,0
"391",1,391,1.355,"$1Mto$10M",0,0,0,0,0,1,0,0
"392",1,392,13.65,"$10Mto$50M",0,0,1,0,0,0,0,0
"393",1,393,674.3,"$500Mto$1B",1,0,0,0,0,0,0,0
"394",1,394,5.049,"$1Mto$10M",0,0,0,0,0,1,0,0
"395",1,395,31.207667,"$10Mto$50M",0,0,1,0,0,0,0,0
"396",1,396,5,"$1Mto$10M",0,0,0,0,0,1,0,0
"397",1,397,8.6,"$1Mto$10M",0,0,0,0,0,1,0,0
"398",1,398,12.5,"$10Mto$50M",0,0,1,0,0,0,0,0
"399",1,399,25.5,"$10Mto$50M",0,0,1,0,0,0,0,0
"400",1,400,7.62,"$1Mto$10M",0,0,0,0,0,1,0,0
"401",1,401,13.75,"$10Mto$50M",0,0,1,0,0,0,0,0
"402",1,402,2011,"$1Bto$10B",0,0,0,1,0,0,0,0
"403",1,403,30,"$10Mto$50M",0,0,1,0,0,0,0,0
"404",1,404,2.42,"$1Mto$10M",0,0,0,0,0,1,0,0
"405",1,405,3.275,"$1Mto$10M",0,0,0,0,0,1,0,0
"406",1,406,3.4,"$1Mto$10M",0,0,0,0,0,1,0,0
"407",1,407,12,"$10Mto$50M",0,0,1,0,0,0,0,0
"408",1,408,413.882896,"$100Mto$500M",0,1,0,0,0,0,0,0
"409",1,409,26,"$10Mto$50M",0,0,1,0,0,0,0,0
"410",1,410,41.481914,"$10Mto$50M",0,0,1,0,0,0,0,0
"411",1,411,10.5,"$10Mto$50M",0,0,1,0,0,0,0,0
"412",1,412,14,"$10Mto$50M",0,0,1,0,0,0,0,0
"413",1,413,13.355,"$10Mto$50M",0,0,1,0,0,0,0,0
"414",1,414,2.55,"$1Mto$10M",0,0,0,0,0,1,0,0
"415",1,415,5.756,"$1Mto$10M",0,0,0,0,0,1,0,0
"416",1,416,4.95,"$1Mto$10M",0,0,0,0,0,1,0,0
"417",1,417,15,"$10Mto$50M",0,0,1,0,0,0,0,0
"418",1,418,8.5,"$1Mto$10M",0,0,0,0,0,1,0,0
"419",1,419,5,"$1Mto$10M",0,0,0,0,0,1,0,0
"420",1,420,30,"$10Mto$50M",0,0,1,0,0,0,0,0
"421",1,421,3.75,"$1Mto$10M",0,0,0,0,0,1,0,0
"422",1,422,7.2,"$1Mto$10M",0,0,0,0,0,1,0,0
"423",1,423,NA,NA,NA,NA,NA,NA,NA,NA,NA,1
"424",1,424,11.75,"$10Mto$50M",0,0,1,0,0,0,0,0
"425",1,425,17.135,"$10Mto$50M",0,0,1,0,0,0,0,0
"426",1,426,200,"$100Mto$500M",0,1,0,0,0,0,0,0
"427",1,427,6.55,"$1Mto$10M",0,0,0,0,0,1,0,0
"428",1,428,25.827,"$10Mto$50M",0,0,1,0,0,0,0,0
"429",1,429,48.5,"$10Mto$50M",0,0,1,0,0,0,0,0
"430",1,430,19.30655,"$10Mto$50M",0,0,1,0,0,0,0,0
"431",1,431,66,"$50Mto$100M",0,0,0,0,1,0,0,0
"432",1,432,4.96,"$1Mto$10M",0,0,0,0,0,1,0,0
"433",1,433,26.25,"$10Mto$50M",0,0,1,0,0,0,0,0
"434",1,434,25,"$10Mto$50M",0,0,1,0,0,0,0,0
"435",1,435,2.218,"$1Mto$10M",0,0,0,0,0,1,0,0
"436",1,436,23.7,"$10Mto$50M",0,0,1,0,0,0,0,0
"437",1,437,10.25,"$10Mto$50M",0,0,1,0,0,0,0,0
"438",1,438,37,"$10Mto$50M",0,0,1,0,0,0,0,0
"439",1,439,27.2947,"$10Mto$50M",0,0,1,0,0,0,0,0
"440",1,440,89.466,"$50Mto$100M",0,0,0,0,1,0,0,0
"441",1,441,425,"$100Mto$500M",0,1,0,0,0,0,0,0
"442",1,442,13.250002,"$10Mto$50M",0,0,1,0,0,0,0,0
"443",1,443,2,"$1Mto$10M",0,0,0,0,0,1,0,0
"444",1,444,28.3,"$10Mto$50M",0,0,1,0,0,0,0,0
"445",1,445,4.05,"$1Mto$10M",0,0,0,0,0,1,0,0
"446",1,446,11,"$10Mto$50M",0,0,1,0,0,0,0,0
"447",1,447,20,"$10Mto$50M",0,0,1,0,0,0,0,0
"448",1,448,65,"$50Mto$100M",0,0,0,0,1,0,0,0
"449",1,449,22.625,"$10Mto$50M",0,0,1,0,0,0,0,0
"450",1,450,30,"$10Mto$50M",0,0,1,0,0,0,0,0
"451",1,451,4,"$1Mto$10M",0,0,0,0,0,1,0,0
"452",1,452,2.6,"$1Mto$10M",0,0,0,0,0,1,0,0
"453",0,453,2.8,"$1Mto$10M",0,0,0,0,0,1,0,0
"454",0,454,57,"$50Mto$100M",0,0,0,0,1,0,0,0
"455",0,455,162,"$100Mto$500M",0,1,0,0,0,0,0,0
"456",0,456,5.8,"$1Mto$10M",0,0,0,0,0,1,0,0
"457",0,457,19.826,"$10Mto$50M",0,0,1,0,0,0,0,0
"458",0,458,8.8,"$1Mto$10M",0,0,0,0,0,1,0,0
"459",0,459,16.7261,"$10Mto$50M",0,0,1,0,0,0,0,0
"460",0,460,15.8,"$10Mto$50M",0,0,1,0,0,0,0,0
"461",0,461,5.6,"$1Mto$10M",0,0,0,0,0,1,0,0
"462",0,462,40,"$10Mto$50M",0,0,1,0,0,0,0,0
"463",0,463,162.5,"$100Mto$500M",0,1,0,0,0,0,0,0
"464",0,464,23.9475,"$10Mto$50M",0,0,1,0,0,0,0,0
"465",0,465,27.6,"$10Mto$50M",0,0,1,0,0,0,0,0
"466",0,466,5.25,"$1Mto$10M",0,0,0,0,0,1,0,0
"467",0,467,6.4,"$1Mto$10M",0,0,0,0,0,1,0,0
"468",0,468,7,"$1Mto$10M",0,0,0,0,0,1,0,0
"469",0,469,11.43,"$10Mto$50M",0,0,1,0,0,0,0,0
"470",0,470,23.5,"$10Mto$50M",0,0,1,0,0,0,0,0
"471",0,471,65,"$50Mto$100M",0,0,0,0,1,0,0,0
"472",0,472,4.71,"$1Mto$10M",0,0,0,0,0,1,0,0
"473",0,473,3,"$1Mto$10M",0,0,0,0,0,1,0,0
"474",0,474,NA,NA,NA,NA,NA,NA,NA,NA,NA,1
"475",0,475,10,"$1Mto$10M",0,0,0,0,0,1,0,0
"476",0,476,121.000392,"$100Mto$500M",0,1,0,0,0,0,0,0
"477",0,477,160.760133,"$100Mto$500M",0,1,0,0,0,0,0,0
"478",0,478,4,"$1Mto$10M",0,0,0,0,0,1,0,0
"479",0,479,30,"$10Mto$50M",0,0,1,0,0,0,0,0
"480",0,480,6.988095,"$1Mto$10M",0,0,0,0,0,1,0,0
"481",0,481,11.955273,"$10Mto$50M",0,0,1,0,0,0,0,0
"482",0,482,18,"$10Mto$50M",0,0,1,0,0,0,0,0
"483",0,483,7.40392,"$1Mto$10M",0,0,0,0,0,1,0,0
"484",0,484,4,"$1Mto$10M",0,0,0,0,0,1,0,0
"485",0,485,11,"$10Mto$50M",0,0,1,0,0,0,0,0
"486",0,486,20.35,"$10Mto$50M",0,0,1,0,0,0,0,0
"487",0,487,11.1,"$10Mto$50M",0,0,1,0,0,0,0,0
"488",0,488,22,"$10Mto$50M",0,0,1,0,0,0,0,0
"489",0,489,11.4,"$10Mto$50M",0,0,1,0,0,0,0,0
"490",0,490,0.5,"Lessthan$1M",0,0,0,0,0,0,1,0
"491",0,491,0.3,"Lessthan$1M",0,0,0,0,0,0,1,0
"492",0,492,2,"$1Mto$10M",0,0,0,0,0,1,0,0
"493",0,493,12.7,"$10Mto$50M",0,0,1,0,0,0,0,0
"494",0,494,57.2,"$50Mto$100M",0,0,0,0,1,0,0,0
"495",0,495,11,"$10Mto$50M",0,0,1,0,0,0,0,0
"496",0,496,3.2,"$1Mto$10M",0,0,0,0,0,1,0,0
"497",0,497,0.8,"Lessthan$1M",0,0,0,0,0,0,1,0
"498",0,498,8,"$1Mto$10M",0,0,0,0,0,1,0,0
"499",0,499,2,"$1Mto$10M",0,0,0,0,0,1,0,0
"500",0,500,84.3,"$50Mto$100M",0,0,0,0,1,0,0,0
"501",0,501,1.65,"$1Mto$10M",0,0,0,0,0,1,0,0
"502",0,502,3,"$1Mto$10M",0,0,0,0,0,1,0,0
"503",0,503,23,"$10Mto$50M",0,0,1,0,0,0,0,0
"504",0,504,3.65,"$1Mto$10M",0,0,0,0,0,1,0,0
"505",0,505,500,"$100Mto$500M",0,1,0,0,0,0,0,0
"506",0,506,2,"$1Mto$10M",0,0,0,0,0,1,0,0
"507",0,507,2.5,"$1Mto$10M",0,0,0,0,0,1,0,0
"508",0,508,25.492899,"$10Mto$50M",0,0,1,0,0,0,0,0
"509",0,509,NA,NA,NA,NA,NA,NA,NA,NA,NA,1
"510",0,510,7.5,"$1Mto$10M",0,0,0,0,0,1,0,0
"511",0,511,120,"$100Mto$500M",0,1,0,0,0,0,0,0
"512",0,512,52,"$50Mto$100M",0,0,0,0,1,0,0,0
"513",0,513,11.2,"$10Mto$50M",0,0,1,0,0,0,0,0
"514",0,514,4.095,"$1Mto$10M",0,0,0,0,0,1,0,0
"515",0,515,292,"$100Mto$500M",0,1,0,0,0,0,0,0
"516",0,516,11,"$10Mto$50M",0,0,1,0,0,0,0,0
"517",0,517,1.2,"$1Mto$10M",0,0,0,0,0,1,0,0
"518",0,518,4.1,"$1Mto$10M",0,0,0,0,0,1,0,0
"519",0,519,211.526,"$100Mto$500M",0,1,0,0,0,0,0,0
"520",0,520,15.15,"$10Mto$50M",0,0,1,0,0,0,0,0
"521",0,521,3,"$1Mto$10M",0,0,0,0,0,1,0,0
"522",0,522,3.562743,"$1Mto$10M",0,0,0,0,0,1,0,0
"523",0,523,16.1,"$10Mto$50M",0,0,1,0,0,0,0,0
"524",0,524,75,"$50Mto$100M",0,0,0,0,1,0,0,0
"525",0,525,3.7,"$1Mto$10M",0,0,0,0,0,1,0,0
"526",0,526,20.6,"$10Mto$50M",0,0,1,0,0,0,0,0
"527",0,527,3.45,"$1Mto$10M",0,0,0,0,0,1,0,0
"528",0,528,56.788185,"$50Mto$100M",0,0,0,0,1,0,0,0
"529",0,529,41.227,"$10Mto$50M",0,0,1,0,0,0,0,0
"530",0,530,3.5,"$1Mto$10M",0,0,0,0,0,1,0,0
"531",0,531,21.24,"$10Mto$50M",0,0,1,0,0,0,0,0
"532",0,532,9.7,"$1Mto$10M",0,0,0,0,0,1,0,0
"533",0,533,22.009994,"$10Mto$50M",0,0,1,0,0,0,0,0
"534",0,534,36.460671,"$10Mto$50M",0,0,1,0,0,0,0,0
"535",0,535,323.394037,"$100Mto$500M",0,1,0,0,0,0,0,0
"536",0,536,15,"$10Mto$50M",0,0,1,0,0,0,0,0
"537",0,537,10,"$1Mto$10M",0,0,0,0,0,1,0,0
"538",0,538,1.425,"$1Mto$10M",0,0,0,0,0,1,0,0
"539",0,539,19,"$10Mto$50M",0,0,1,0,0,0,0,0
"540",0,540,5.4,"$1Mto$10M",0,0,0,0,0,1,0,0
"541",0,541,8.4,"$1Mto$10M",0,0,0,0,0,1,0,0
"542",0,542,10,"$1Mto$10M",0,0,0,0,0,1,0,0
"543",0,543,24.925,"$10Mto$50M",0,0,1,0,0,0,0,0
"544",0,544,0.15,"Lessthan$1M",0,0,0,0,0,0,1,0
"545",0,545,53,"$50Mto$100M",0,0,0,0,1,0,0,0
"546",0,546,9.5,"$1Mto$10M",0,0,0,0,0,1,0,0
"547",0,547,38,"$10Mto$50M",0,0,1,0,0,0,0,0
"548",0,548,49,"$10Mto$50M",0,0,1,0,0,0,0,0
"549",0,549,5,"$1Mto$10M",0,0,0,0,0,1,0,0
"550",0,550,109.300009,"$100Mto$500M",0,1,0,0,0,0,0,0
"551",0,551,4.825,"$1Mto$10M",0,0,0,0,0,1,0,0
"552",0,552,6.5,"$1Mto$10M",0,0,0,0,0,1,0,0
"553",0,553,NA,NA,NA,NA,NA,NA,NA,NA,NA,1
"554",0,554,5,"$1Mto$10M",0,0,0,0,0,1,0,0
"555",0,555,7.72602,"$1Mto$10M",0,0,0,0,0,1,0,0
"556",0,556,2,"$1Mto$10M",0,0,0,0,0,1,0,0
"557",0,557,3.798973,"$1Mto$10M",0,0,0,0,0,1,0,0
"558",0,558,12.5,"$10Mto$50M",0,0,1,0,0,0,0,0
"559",0,559,19.500978,"$10Mto$50M",0,0,1,0,0,0,0,0
"560",0,560,4.1,"$1Mto$10M",0,0,0,0,0,1,0,0
"561",0,561,53.229009,"$50Mto$100M",0,0,0,0,1,0,0,0
"562",0,562,147,"$100Mto$500M",0,1,0,0,0,0,0,0
"563",0,563,78.043517,"$50Mto$100M",0,0,0,0,1,0,0,0
"564",0,564,39,"$10Mto$50M",0,0,1,0,0,0,0,0
"565",0,565,13.537704,"$10Mto$50M",0,0,1,0,0,0,0,0
"566",0,566,20,"$10Mto$50M",0,0,1,0,0,0,0,0
"567",0,567,45.039999,"$10Mto$50M",0,0,1,0,0,0,0,0
"568",0,568,3,"$1Mto$10M",0,0,0,0,0,1,0,0
"569",0,569,NA,NA,NA,NA,NA,NA,NA,NA,NA,1
"570",0,570,7.500006,"$1Mto$10M",0,0,0,0,0,1,0,0
"571",0,571,3.8,"$1Mto$10M",0,0,0,0,0,1,0,0
"572",0,572,NA,NA,NA,NA,NA,NA,NA,NA,NA,1
"573",0,573,34.6,"$10Mto$50M",0,0,1,0,0,0,0,0
"574",0,574,2.768284,"$1Mto$10M",0,0,0,0,0,1,0,0
"575",0,575,140,"$100Mto$500M",0,1,0,0,0,0,0,0
"576",0,576,100,"$50Mto$100M",0,0,0,0,1,0,0,0
"577",0,577,5.775,"$1Mto$10M",0,0,0,0,0,1,0,0
"578",0,578,12,"$10Mto$50M",0,0,1,0,0,0,0,0
"579",0,579,0.15,"Lessthan$1M",0,0,0,0,0,0,1,0
"580",0,580,44.735076,"$10Mto$50M",0,0,1,0,0,0,0,0
"581",0,581,12,"$10Mto$50M",0,0,1,0,0,0,0,0
"582",0,582,109.5,"$100Mto$500M",0,1,0,0,0,0,0,0
"583",0,583,23,"$10Mto$50M",0,0,1,0,0,0,0,0
"584",0,584,4.5,"$1Mto$10M",0,0,0,0,0,1,0,0
"585",0,585,69.037,"$50Mto$100M",0,0,0,0,1,0,0,0
"586",0,586,14.5,"$10Mto$50M",0,0,1,0,0,0,0,0
"587",0,587,8,"$1Mto$10M",0,0,0,0,0,1,0,0
"588",0,588,21.925,"$10Mto$50M",0,0,1,0,0,0,0,0
"589",0,589,5.3,"$1Mto$10M",0,0,0,0,0,1,0,0
"590",0,590,7.625,"$1Mto$10M",0,0,0,0,0,1,0,0
"591",0,591,4,"$1Mto$10M",0,0,0,0,0,1,0,0
"592",0,592,21.5,"$10Mto$50M",0,0,1,0,0,0,0,0
"593",0,593,NA,NA,NA,NA,NA,NA,NA,NA,NA,1
"594",0,594,33.9,"$10Mto$50M",0,0,1,0,0,0,0,0
"595",0,595,50,"$10Mto$50M",0,0,1,0,0,0,0,0
"596",0,596,1.999999,"$1Mto$10M",0,0,0,0,0,1,0,0
"597",0,597,2.5,"$1Mto$10M",0,0,0,0,0,1,0,0
"598",0,598,5.25,"$1Mto$10M",0,0,0,0,0,1,0,0
"599",0,599,4.9,"$1Mto$10M",0,0,0,0,0,1,0,0
"600",0,600,11.150004,"$10Mto$50M",0,0,1,0,0,0,0,0
"601",0,601,4.5,"$1Mto$10M",0,0,0,0,0,1,0,0
"602",0,602,3.25,"$1Mto$10M",0,0,0,0,0,1,0,0
"603",0,603,2.5,"$1Mto$10M",0,0,0,0,0,1,0,0
"604",0,604,16.82,"$10Mto$50M",0,0,1,0,0,0,0,0
"605",0,605,38.75,"$10Mto$50M",0,0,1,0,0,0,0,0
"606",0,606,3.25,"$1Mto$10M",0,0,0,0,0,1,0,0
"607",0,607,18,"$10Mto$50M",0,0,1,0,0,0,0,0
"608",0,608,250.8,"$100Mto$500M",0,1,0,0,0,0,0,0
"609",0,609,22,"$10Mto$50M",0,0,1,0,0,0,0,0
"610",0,610,8.705279,"$1Mto$10M",0,0,0,0,0,1,0,0
"611",0,611,10.5,"$10Mto$50M",0,0,1,0,0,0,0,0
"612",0,612,71.046,"$50Mto$100M",0,0,0,0,1,0,0,0
"613",0,613,3.204728,"$1Mto$10M",0,0,0,0,0,1,0,0
"614",0,614,86,"$50Mto$100M",0,0,0,0,1,0,0,0
"615",0,615,7.5,"$1Mto$10M",0,0,0,0,0,1,0,0
"616",0,616,299.949098,"$100Mto$500M",0,1,0,0,0,0,0,0
"617",0,617,5,"$1Mto$10M",0,0,0,0,0,1,0,0
"618",0,618,27.841613,"$10Mto$50M",0,0,1,0,0,0,0,0
"619",0,619,NA,NA,NA,NA,NA,NA,NA,NA,NA,1
"620",0,620,3.325,"$1Mto$10M",0,0,0,0,0,1,0,0
"621",0,621,18.828182,"$10Mto$50M",0,0,1,0,0,0,0,0
"622",0,622,15,"$10Mto$50M",0,0,1,0,0,0,0,0
"623",0,623,95.5,"$50Mto$100M",0,0,0,0,1,0,0,0
"624",0,624,12.8,"$10Mto$50M",0,0,1,0,0,0,0,0
"625",0,625,4,"$1Mto$10M",0,0,0,0,0,1,0,0
"626",0,626,2.5,"$1Mto$10M",0,0,0,0,0,1,0,0
"627",0,627,0.465,"Lessthan$1M",0,0,0,0,0,0,1,0
"628",0,628,23,"$10Mto$50M",0,0,1,0,0,0,0,0
"629",0,629,1.3,"$1Mto$10M",0,0,0,0,0,1,0,0
"630",0,630,150,"$100Mto$500M",0,1,0,0,0,0,0,0
"631",0,631,47.5,"$10Mto$50M",0,0,1,0,0,0,0,0
"632",0,632,1.6,"$1Mto$10M",0,0,0,0,0,1,0,0
"633",0,633,1.95,"$1Mto$10M",0,0,0,0,0,1,0,0
"634",0,634,14.3217,"$10Mto$50M",0,0,1,0,0,0,0,0
"635",0,635,32.007027,"$10Mto$50M",0,0,1,0,0,0,0,0
"636",0,636,127.33567,"$100Mto$500M",0,1,0,0,0,0,0,0
"637",0,637,57,"$50Mto$100M",0,0,0,0,1,0,0,0
"638",0,638,25.63,"$10Mto$50M",0,0,1,0,0,0,0,0
"639",0,639,2,"$1Mto$10M",0,0,0,0,0,1,0,0
"640",0,640,210.6,"$100Mto$500M",0,1,0,0,0,0,0,0
"641",0,641,10.7,"$10Mto$50M",0,0,1,0,0,0,0,0
"642",0,642,18.25,"$10Mto$50M",0,0,1,0,0,0,0,0
"643",0,643,8,"$1Mto$10M",0,0,0,0,0,1,0,0
"644",0,644,31.1,"$10Mto$50M",0,0,1,0,0,0,0,0
"645",0,645,NA,NA,NA,NA,NA,NA,NA,NA,NA,1
"646",0,646,3,"$1Mto$10M",0,0,0,0,0,1,0,0
"647",0,647,3.1,"$1Mto$10M",0,0,0,0,0,1,0,0
"648",0,648,1.892832,"$1Mto$10M",0,0,0,0,0,1,0,0
"649",0,649,4.15,"$1Mto$10M",0,0,0,0,0,1,0,0
"650",0,650,132,"$100Mto$500M",0,1,0,0,0,0,0,0
"651",0,651,86,"$50Mto$100M",0,0,0,0,1,0,0,0
"652",0,652,10.186111,"$10Mto$50M",0,0,1,0,0,0,0,0
"653",0,653,18.000004,"$10Mto$50M",0,0,1,0,0,0,0,0
"654",0,654,25,"$10Mto$50M",0,0,1,0,0,0,0,0
"655",0,655,5.515,"$1Mto$10M",0,0,0,0,0,1,0,0
"656",0,656,20,"$10Mto$50M",0,0,1,0,0,0,0,0
"657",0,657,140,"$100Mto$500M",0,1,0,0,0,0,0,0
"658",0,658,1.9,"$1Mto$10M",0,0,0,0,0,1,0,0
"659",0,659,13.869916,"$10Mto$50M",0,0,1,0,0,0,0,0
"660",0,660,3.5,"$1Mto$10M",0,0,0,0,0,1,0,0
"661",0,661,2.5,"$1Mto$10M",0,0,0,0,0,1,0,0
"662",0,662,4.835492,"$1Mto$10M",0,0,0,0,0,1,0,0
"663",0,663,48,"$10Mto$50M",0,0,1,0,0,0,0,0
"664",0,664,1,"Lessthan$1M",0,0,0,0,0,0,1,0
"665",0,665,2,"$1Mto$10M",0,0,0,0,0,1,0,0
"666",0,666,11.775,"$10Mto$50M",0,0,1,0,0,0,0,0
"667",0,667,25.035634,"$10Mto$50M",0,0,1,0,0,0,0,0
"668",0,668,4.85,"$1Mto$10M",0,0,0,0,0,1,0,0
"669",0,669,45.249996,"$10Mto$50M",0,0,1,0,0,0,0,0
"670",0,670,0.405,"Lessthan$1M",0,0,0,0,0,0,1,0
"671",0,671,1.288,"$1Mto$10M",0,0,0,0,0,1,0,0
"672",0,672,3.9,"$1Mto$10M",0,0,0,0,0,1,0,0
"673",0,673,8.5,"$1Mto$10M",0,0,0,0,0,1,0,0
"674",0,674,2.716395,"$1Mto$10M",0,0,0,0,0,1,0,0
"675",0,675,132.383989,"$100Mto$500M",0,1,0,0,0,0,0,0
"676",0,676,7.544031,"$1Mto$10M",0,0,0,0,0,1,0,0
"677",0,677,15.2,"$10Mto$50M",0,0,1,0,0,0,0,0
"678",0,678,2,"$1Mto$10M",0,0,0,0,0,1,0,0
"679",0,679,7.3,"$1Mto$10M",0,0,0,0,0,1,0,0
"680",0,680,2.245,"$1Mto$10M",0,0,0,0,0,1,0,0
"681",0,681,66.700504,"$50Mto$100M",0,0,0,0,1,0,0,0
"682",0,682,2.55,"$1Mto$10M",0,0,0,0,0,1,0,0
"683",0,683,3.69,"$1Mto$10M",0,0,0,0,0,1,0,0
"684",0,684,32.500075,"$10Mto$50M",0,0,1,0,0,0,0,0
"685",0,685,3.869177,"$1Mto$10M",0,0,0,0,0,1,0,0
"686",0,686,7.7,"$1Mto$10M",0,0,0,0,0,1,0,0
"687",0,687,10.2,"$10Mto$50M",0,0,1,0,0,0,0,0
"688",0,688,100,"$50Mto$100M",0,0,0,0,1,0,0,0
"689",0,689,0.25,"Lessthan$1M",0,0,0,0,0,0,1,0
"690",0,690,70.49824,"$50Mto$100M",0,0,0,0,1,0,0,0
"691",0,691,20,"$10Mto$50M",0,0,1,0,0,0,0,0
"692",0,692,1.3,"$1Mto$10M",0,0,0,0,0,1,0,0
"693",0,693,1.8,"$1Mto$10M",0,0,0,0,0,1,0,0
"694",0,694,5,"$1Mto$10M",0,0,0,0,0,1,0,0
"695",0,695,9.49,"$1Mto$10M",0,0,0,0,0,1,0,0
"696",0,696,11.3,"$10Mto$50M",0,0,1,0,0,0,0,0
"697",0,697,53,"$50Mto$100M",0,0,0,0,1,0,0,0
"698",0,698,20.329804,"$10Mto$50M",0,0,1,0,0,0,0,0
"699",0,699,20,"$10Mto$50M",0,0,1,0,0,0,0,0
"700",0,700,7,"$1Mto$10M",0,0,0,0,0,1,0,0
"701",0,701,300,"$100Mto$500M",0,1,0,0,0,0,0,0
"702",0,702,1.965,"$1Mto$10M",0,0,0,0,0,1,0,0
"703",0,703,50,"$10Mto$50M",0,0,1,0,0,0,0,0
"704",0,704,4,"$1Mto$10M",0,0,0,0,0,1,0,0
"705",0,705,0.12,"Lessthan$1M",0,0,0,0,0,0,1,0
"706",0,706,6.4725,"$1Mto$10M",0,0,0,0,0,1,0,0
"707",0,707,907.815479,"$500Mto$1B",1,0,0,0,0,0,0,0
"708",0,708,1,"Lessthan$1M",0,0,0,0,0,0,1,0
"709",0,709,1.65,"$1Mto$10M",0,0,0,0,0,1,0,0
"710",0,710,1.3,"$1Mto$10M",0,0,0,0,0,1,0,0
"711",0,711,18,"$10Mto$50M",0,0,1,0,0,0,0,0
"712",0,712,21,"$10Mto$50M",0,0,1,0,0,0,0,0
"713",0,713,2,"$1Mto$10M",0,0,0,0,0,1,0,0
"714",0,714,21.403,"$10Mto$50M",0,0,1,0,0,0,0,0
"715",0,715,3.1,"$1Mto$10M",0,0,0,0,0,1,0,0
"716",0,716,1.25,"$1Mto$10M",0,0,0,0,0,1,0,0
"717",0,717,3.695147,"$1Mto$10M",0,0,0,0,0,1,0,0
"718",0,718,NA,NA,NA,NA,NA,NA,NA,NA,NA,1
"719",0,719,45.5,"$10Mto$50M",0,0,1,0,0,0,0,0
"720",0,720,10.34,"$10Mto$50M",0,0,1,0,0,0,0,0
"721",0,721,212.620084,"$100Mto$500M",0,1,0,0,0,0,0,0
"722",0,722,2.3,"$1Mto$10M",0,0,0,0,0,1,0,0
"723",0,723,0.75,"Lessthan$1M",0,0,0,0,0,0,1,0
"724",0,724,1.875,"$1Mto$10M",0,0,0,0,0,1,0,0
"725",0,725,1.1,"$1Mto$10M",0,0,0,0,0,1,0,0
"726",0,726,22,"$10Mto$50M",0,0,1,0,0,0,0,0
"727",0,727,2.6,"$1Mto$10M",0,0,0,0,0,1,0,0
"728",0,728,9.949999,"$1Mto$10M",0,0,0,0,0,1,0,0
"729",0,729,29.69989,"$10Mto$50M",0,0,1,0,0,0,0,0
"730",0,730,3.882595,"$1Mto$10M",0,0,0,0,0,1,0,0
"731",0,731,37.73438,"$10Mto$50M",0,0,1,0,0,0,0,0
"732",0,732,4.8,"$1Mto$10M",0,0,0,0,0,1,0,0
"733",0,733,1.25,"$1Mto$10M",0,0,0,0,0,1,0,0
"734",0,734,1.35,"$1Mto$10M",0,0,0,0,0,1,0,0
"735",0,735,NA,NA,NA,NA,NA,NA,NA,NA,NA,1
"736",0,736,16.5,"$10Mto$50M",0,0,1,0,0,0,0,0
"737",0,737,20.4,"$10Mto$50M",0,0,1,0,0,0,0,0
"738",0,738,150.437465,"$100Mto$500M",0,1,0,0,0,0,0,0
"739",0,739,5.899996,"$1Mto$10M",0,0,0,0,0,1,0,0
"740",0,740,91.55,"$50Mto$100M",0,0,0,0,1,0,0,0
"741",0,741,2.228,"$1Mto$10M",0,0,0,0,0,1,0,0
"742",0,742,3,"$1Mto$10M",0,0,0,0,0,1,0,0
"743",0,743,NA,NA,NA,NA,NA,NA,NA,NA,NA,1
"744",0,744,2.485,"$1Mto$10M",0,0,0,0,0,1,0,0
"745",0,745,18,"$10Mto$50M",0,0,1,0,0,0,0,0
"746",0,746,0.3,"Lessthan$1M",0,0,0,0,0,0,1,0
"747",0,747,1.15,"$1Mto$10M",0,0,0,0,0,1,0,0
"748",0,748,NA,NA,NA,NA,NA,NA,NA,NA,NA,1
"749",0,749,27,"$10Mto$50M",0,0,1,0,0,0,0,0
"750",0,750,23.6,"$10Mto$50M",0,0,1,0,0,0,0,0
"751",0,751,12.892262,"$10Mto$50M",0,0,1,0,0,0,0,0
"752",0,752,4.62,"$1Mto$10M",0,0,0,0,0,1,0,0
"753",0,753,7.304607,"$1Mto$10M",0,0,0,0,0,1,0,0
"754",0,754,11.6,"$10Mto$50M",0,0,1,0,0,0,0,0
"755",0,755,49.85,"$10Mto$50M",0,0,1,0,0,0,0,0
"756",0,756,5.2,"$1Mto$10M",0,0,0,0,0,1,0,0
"757",0,757,123.999999,"$100Mto$500M",0,1,0,0,0,0,0,0
"758",0,758,5.3,"$1Mto$10M",0,0,0,0,0,1,0,0
"759",0,759,5.18,"$1Mto$10M",0,0,0,0,0,1,0,0
"760",0,760,19.5,"$10Mto$50M",0,0,1,0,0,0,0,0
"761",0,761,25,"$10Mto$50M",0,0,1,0,0,0,0,0
"762",0,762,2.425,"$1Mto$10M",0,0,0,0,0,1,0,0
"763",0,763,1.25,"$1Mto$10M",0,0,0,0,0,1,0,0
"764",0,764,5.036813,"$1Mto$10M",0,0,0,0,0,1,0,0
"765",0,765,61.530105,"$50Mto$100M",0,0,0,0,1,0,0,0
"766",0,766,34.8264,"$10Mto$50M",0,0,1,0,0,0,0,0
"767",0,767,0.15,"Lessthan$1M",0,0,0,0,0,0,1,0
"768",0,768,0.01,"Lessthan$1M",0,0,0,0,0,0,1,0
"769",0,769,2.7,"$1Mto$10M",0,0,0,0,0,1,0,0
"770",0,770,3,"$1Mto$10M",0,0,0,0,0,1,0,0
"771",0,771,3.1,"$1Mto$10M",0,0,0,0,0,1,0,0
"772",0,772,12.3,"$10Mto$50M",0,0,1,0,0,0,0,0
"773",0,773,20,"$10Mto$50M",0,0,1,0,0,0,0,0
"774",0,774,2.25,"$1Mto$10M",0,0,0,0,0,1,0,0
"775",0,775,96.698,"$50Mto$100M",0,0,0,0,1,0,0,0
"776",0,776,118,"$100Mto$500M",0,1,0,0,0,0,0,0
"777",0,777,7,"$1Mto$10M",0,0,0,0,0,1,0,0
"778",0,778,41.37,"$10Mto$50M",0,0,1,0,0,0,0,0
"779",0,779,675,"$500Mto$1B",1,0,0,0,0,0,0,0
"780",0,780,74.675009,"$50Mto$100M",0,0,0,0,1,0,0,0
"781",0,781,4.53,"$1Mto$10M",0,0,0,0,0,1,0,0
"782",0,782,26.6,"$10Mto$50M",0,0,1,0,0,0,0,0
"783",0,783,2.39936,"$1Mto$10M",0,0,0,0,0,1,0,0
"784",0,784,4,"$1Mto$10M",0,0,0,0,0,1,0,0
"785",0,785,16,"$10Mto$50M",0,0,1,0,0,0,0,0
"786",0,786,3.45,"$1Mto$10M",0,0,0,0,0,1,0,0
"787",0,787,1.2,"$1Mto$10M",0,0,0,0,0,1,0,0
"788",0,788,14.5,"$10Mto$50M",0,0,1,0,0,0,0,0
"789",0,789,2.95,"$1Mto$10M",0,0,0,0,0,1,0,0
"790",0,790,3.467,"$1Mto$10M",0,0,0,0,0,1,0,0
"791",0,791,0.251,"Lessthan$1M",0,0,0,0,0,0,1,0
"792",0,792,25,"$10Mto$50M",0,0,1,0,0,0,0,0
"793",0,793,0.15,"Lessthan$1M",0,0,0,0,0,0,1,0
"794",0,794,4.455,"$1Mto$10M",0,0,0,0,0,1,0,0
"795",0,795,41,"$10Mto$50M",0,0,1,0,0,0,0,0
"796",0,796,10,"$1Mto$10M",0,0,0,0,0,1,0,0
"797",0,797,57.075746,"$50Mto$100M",0,0,0,0,1,0,0,0
"798",0,798,37,"$10Mto$50M",0,0,1,0,0,0,0,0
"799",0,799,0.4,"Lessthan$1M",0,0,0,0,0,0,1,0
"800",0,800,3.85,"$1Mto$10M",0,0,0,0,0,1,0,0
"801",0,801,2.2,"$1Mto$10M",0,0,0,0,0,1,0,0
"802",0,802,2.750001,"$1Mto$10M",0,0,0,0,0,1,0,0
"803",0,803,12,"$10Mto$50M",0,0,1,0,0,0,0,0
"804",0,804,6.5,"$1Mto$10M",0,0,0,0,0,1,0,0
"805",0,805,2.765,"$1Mto$10M",0,0,0,0,0,1,0,0
"806",0,806,46.841245,"$10Mto$50M",0,0,1,0,0,0,0,0
"807",0,807,15,"$10Mto$50M",0,0,1,0,0,0,0,0
"808",0,808,3.3,"$1Mto$10M",0,0,0,0,0,1,0,0
"809",0,809,20.6,"$10Mto$50M",0,0,1,0,0,0,0,0
"810",0,810,0.65,"Lessthan$1M",0,0,0,0,0,0,1,0
"811",0,811,0.95,"Lessthan$1M",0,0,0,0,0,0,1,0
"812",0,812,25.75,"$10Mto$50M",0,0,1,0,0,0,0,0
"813",0,813,200,"$100Mto$500M",0,1,0,0,0,0,0,0
"814",0,814,1.5,"$1Mto$10M",0,0,0,0,0,1,0,0
"815",0,815,9.655354,"$1Mto$10M",0,0,0,0,0,1,0,0
"816",0,816,3,"$1Mto$10M",0,0,0,0,0,1,0,0
"817",0,817,60,"$50Mto$100M",0,0,0,0,1,0,0,0
"818",0,818,12,"$10Mto$50M",0,0,1,0,0,0,0,0
"819",0,819,115.5,"$100Mto$500M",0,1,0,0,0,0,0,0
"820",0,820,1,"Lessthan$1M",0,0,0,0,0,0,1,0
"821",0,821,2.35,"$1Mto$10M",0,0,0,0,0,1,0,0
"822",0,822,0.75,"Lessthan$1M",0,0,0,0,0,0,1,0
"823",0,823,3.999857,"$1Mto$10M",0,0,0,0,0,1,0,0
"824",0,824,13.5,"$10Mto$50M",0,0,1,0,0,0,0,0
"825",0,825,20.6,"$10Mto$50M",0,0,1,0,0,0,0,0
"826",0,826,14.599999,"$10Mto$50M",0,0,1,0,0,0,0,0
"827",0,827,5.2,"$1Mto$10M",0,0,0,0,0,1,0,0
"828",0,828,1,"Lessthan$1M",0,0,0,0,0,0,1,0
"829",0,829,3.4,"$1Mto$10M",0,0,0,0,0,1,0,0
"830",0,830,55.5,"$50Mto$100M",0,0,0,0,1,0,0,0
"831",0,831,6.129143,"$1Mto$10M",0,0,0,0,0,1,0,0
"832",0,832,58,"$50Mto$100M",0,0,0,0,1,0,0,0
"833",0,833,4.3,"$1Mto$10M",0,0,0,0,0,1,0,0
"834",0,834,5,"$1Mto$10M",0,0,0,0,0,1,0,0
"835",0,835,20,"$10Mto$50M",0,0,1,0,0,0,0,0
"836",0,836,0.12,"Lessthan$1M",0,0,0,0,0,0,1,0
"837",0,837,276.1,"$100Mto$500M",0,1,0,0,0,0,0,0
"838",0,838,24.3,"$10Mto$50M",0,0,1,0,0,0,0,0
"839",0,839,45.57,"$10Mto$50M",0,0,1,0,0,0,0,0
"840",0,840,10.749977,"$10Mto$50M",0,0,1,0,0,0,0,0
"841",0,841,4.3,"$1Mto$10M",0,0,0,0,0,1,0,0
"842",0,842,30.5,"$10Mto$50M",0,0,1,0,0,0,0,0
"843",0,843,150,"$100Mto$500M",0,1,0,0,0,0,0,0
"844",0,844,73,"$50Mto$100M",0,0,0,0,1,0,0,0
"845",0,845,8,"$1Mto$10M",0,0,0,0,0,1,0,0
"846",0,846,20,"$10Mto$50M",0,0,1,0,0,0,0,0
"847",0,847,40.461,"$10Mto$50M",0,0,1,0,0,0,0,0
"848",0,848,46.2,"$10Mto$50M",0,0,1,0,0,0,0,0
"849",0,849,8.332996,"$1Mto$10M",0,0,0,0,0,1,0,0
"850",0,850,28.4,"$10Mto$50M",0,0,1,0,0,0,0,0
"851",0,851,2.5,"$1Mto$10M",0,0,0,0,0,1,0,0
"852",0,852,14.9,"$10Mto$50M",0,0,1,0,0,0,0,0
"853",0,853,56.360001,"$50Mto$100M",0,0,0,0,1,0,0,0
"854",0,854,23.480381,"$10Mto$50M",0,0,1,0,0,0,0,0
"855",0,855,7.545,"$1Mto$10M",0,0,0,0,0,1,0,0
"856",0,856,1.035,"$1Mto$10M",0,0,0,0,0,1,0,0
"857",0,857,25,"$10Mto$50M",0,0,1,0,0,0,0,0
"858",0,858,6.5,"$1Mto$10M",0,0,0,0,0,1,0,0
"859",0,859,5.1,"$1Mto$10M",0,0,0,0,0,1,0,0
"860",0,860,5,"$1Mto$10M",0,0,0,0,0,1,0,0
"861",0,861,35,"$10Mto$50M",0,0,1,0,0,0,0,0
"862",0,862,20,"$10Mto$50M",0,0,1,0,0,0,0,0
"863",0,863,6,"$1Mto$10M",0,0,0,0,0,1,0,0
"864",0,864,42,"$10Mto$50M",0,0,1,0,0,0,0,0
"865",0,865,5.25,"$1Mto$10M",0,0,0,0,0,1,0,0
"866",0,866,0.15,"Lessthan$1M",0,0,0,0,0,0,1,0
"867",0,867,10,"$1Mto$10M",0,0,0,0,0,1,0,0
"868",0,868,3.065,"$1Mto$10M",0,0,0,0,0,1,0,0
"869",0,869,1.5,"$1Mto$10M",0,0,0,0,0,1,0,0
"870",0,870,NA,NA,NA,NA,NA,NA,NA,NA,NA,1
"871",0,871,0.7,"Lessthan$1M",0,0,0,0,0,0,1,0
"872",0,872,2.53,"$1Mto$10M",0,0,0,0,0,1,0,0
"873",0,873,10.25,"$10Mto$50M",0,0,1,0,0,0,0,0
"874",0,874,77.024004,"$50Mto$100M",0,0,0,0,1,0,0,0
"875",0,875,0.8,"Lessthan$1M",0,0,0,0,0,0,1,0
"876",0,876,0.670304,"Lessthan$1M",0,0,0,0,0,0,1,0
"877",0,877,60,"$50Mto$100M",0,0,0,0,1,0,0,0
"878",0,878,9.5,"$1Mto$10M",0,0,0,0,0,1,0,0
"879",0,879,2,"$1Mto$10M",0,0,0,0,0,1,0,0
"880",0,880,1.8,"$1Mto$10M",0,0,0,0,0,1,0,0
"881",0,881,3.3,"$1Mto$10M",0,0,0,0,0,1,0,0
"882",0,882,0.26,"Lessthan$1M",0,0,0,0,0,0,1,0
"883",0,883,5.5,"$1Mto$10M",0,0,0,0,0,1,0,0
"884",0,884,43.04,"$10Mto$50M",0,0,1,0,0,0,0,0
"885",0,885,44.169,"$10Mto$50M",0,0,1,0,0,0,0,0
"886",0,886,0.25,"Lessthan$1M",0,0,0,0,0,0,1,0
"887",0,887,3,"$1Mto$10M",0,0,0,0,0,1,0,0
"888",0,888,2.5,"$1Mto$10M",0,0,0,0,0,1,0,0
"889",0,889,8.55,"$1Mto$10M",0,0,0,0,0,1,0,0
"890",0,890,21,"$10Mto$50M",0,0,1,0,0,0,0,0
"891",0,891,5,"$1Mto$10M",0,0,0,0,0,1,0,0
"892",0,892,8.297,"$1Mto$10M",0,0,0,0,0,1,0,0
"893",0,893,1.1,"$1Mto$10M",0,0,0,0,0,1,0,0
"894",0,894,3,"$1Mto$10M",0,0,0,0,0,1,0,0
"895",0,895,0.096374,"Lessthan$1M",0,0,0,0,0,0,1,0
"896",0,896,18.7,"$10Mto$50M",0,0,1,0,0,0,0,0
"897",0,897,8,"$1Mto$10M",0,0,0,0,0,1,0,0
"898",0,898,1.425911,"$1Mto$10M",0,0,0,0,0,1,0,0
"899",0,899,24.01,"$10Mto$50M",0,0,1,0,0,0,0,0
"900",0,900,2.024983,"$1Mto$10M",0,0,0,0,0,1,0,0
"901",0,901,2,"$1Mto$10M",0,0,0,0,0,1,0,0
"902",0,902,110.75,"$100Mto$500M",0,1,0,0,0,0,0,0
"903",0,903,0.78,"Lessthan$1M",0,0,0,0,0,0,1,0
"904",0,904,19,"$10Mto$50M",0,0,1,0,0,0,0,0
"905",0,905,7,"$1Mto$10M",0,0,0,0,0,1,0,0
"906",0,906,10.481224,"$10Mto$50M",0,0,1,0,0,0,0,0
"907",0,907,7,"$1Mto$10M",0,0,0,0,0,1,0,0
"908",0,908,6.8,"$1Mto$10M",0,0,0,0,0,1,0,0
"909",0,909,5.7,"$1Mto$10M",0,0,0,0,0,1,0,0
"910",0,910,2.68,"$1Mto$10M",0,0,0,0,0,1,0,0
"911",0,911,0.45,"Lessthan$1M",0,0,0,0,0,0,1,0
"912",0,912,1.5,"$1Mto$10M",0,0,0,0,0,1,0,0
"913",0,913,13.5,"$10Mto$50M",0,0,1,0,0,0,0,0
"914",0,914,6,"$1Mto$10M",0,0,0,0,0,1,0,0
"915",0,915,4.35,"$1Mto$10M",0,0,0,0,0,1,0,0
"916",0,916,6,"$1Mto$10M",0,0,0,0,0,1,0,0
"917",0,917,0.999996,"Lessthan$1M",0,0,0,0,0,0,1,0
"918",0,918,22.45,"$10Mto$50M",0,0,1,0,0,0,0,0
"919",0,919,4.7,"$1Mto$10M",0,0,0,0,0,1,0,0
"920",0,920,2.725,"$1Mto$10M",0,0,0,0,0,1,0,0
"921",0,921,12,"$10Mto$50M",0,0,1,0,0,0,0,0
"922",0,922,13.198631,"$10Mto$50M",0,0,1,0,0,0,0,0
"923",0,923,10,"$1Mto$10M",0,0,0,0,0,1,0,0
"924",0,924,0.22,"Lessthan$1M",0,0,0,0,0,0,1,0
"925",0,925,12,"$10Mto$50M",0,0,1,0,0,0,0,0
"926",0,926,8.188947,"$1Mto$10M",0,0,0,0,0,1,0,0
"927",0,927,0.5,"Lessthan$1M",0,0,0,0,0,0,1,0
"928",0,928,2.7,"$1Mto$10M",0,0,0,0,0,1,0,0
"929",0,929,3.766,"$1Mto$10M",0,0,0,0,0,1,0,0
"930",0,930,2.5,"$1Mto$10M",0,0,0,0,0,1,0,0
"931",0,931,6,"$1Mto$10M",0,0,0,0,0,1,0,0
"932",0,932,1.75,"$1Mto$10M",0,0,0,0,0,1,0,0
"933",0,933,3,"$1Mto$10M",0,0,0,0,0,1,0,0
"934",0,934,0.113,"Lessthan$1M",0,0,0,0,0,0,1,0
"935",0,935,5.85371,"$1Mto$10M",0,0,0,0,0,1,0,0
"936",0,936,11.647195,"$10Mto$50M",0,0,1,0,0,0,0,0
"937",0,937,1.9,"$1Mto$10M",0,0,0,0,0,1,0,0
"938",0,938,220,"$100Mto$500M",0,1,0,0,0,0,0,0
"939",0,939,20,"$10Mto$50M",0,0,1,0,0,0,0,0
"940",0,940,2.21,"$1Mto$10M",0,0,0,0,0,1,0,0
"941",0,941,1,"Lessthan$1M",0,0,0,0,0,0,1,0
"942",0,942,6,"$1Mto$10M",0,0,0,0,0,1,0,0
"943",0,943,3,"$1Mto$10M",0,0,0,0,0,1,0,0
"944",0,944,21,"$10Mto$50M",0,0,1,0,0,0,0,0
"945",0,945,6.5,"$1Mto$10M",0,0,0,0,0,1,0,0
"946",0,946,43.05546,"$10Mto$50M",0,0,1,0,0,0,0,0
"947",0,947,95.114142,"$50Mto$100M",0,0,0,0,1,0,0,0
"948",0,948,0.9925,"Lessthan$1M",0,0,0,0,0,0,1,0
"949",0,949,3.5,"$1Mto$10M",0,0,0,0,0,1,0,0
"950",0,950,56,"$50Mto$100M",0,0,0,0,1,0,0,0
"951",0,951,6,"$1Mto$10M",0,0,0,0,0,1,0,0
"952",0,952,1,"Lessthan$1M",0,0,0,0,0,0,1,0
"953",0,953,1.5,"$1Mto$10M",0,0,0,0,0,1,0,0
"954",0,954,130.868275,"$100Mto$500M",0,1,0,0,0,0,0,0
"955",0,955,NA,NA,NA,NA,NA,NA,NA,NA,NA,1
"956",0,956,9.1,"$1Mto$10M",0,0,0,0,0,1,0,0
"957",0,957,2.42964,"$1Mto$10M",0,0,0,0,0,1,0,0
"958",0,958,11,"$10Mto$50M",0,0,1,0,0,0,0,0
"959",0,959,7,"$1Mto$10M",0,0,0,0,0,1,0,0
"960",0,960,5.5,"$1Mto$10M",0,0,0,0,0,1,0,0
"961",0,961,2,"$1Mto$10M",0,0,0,0,0,1,0,0
"962",0,962,23,"$10Mto$50M",0,0,1,0,0,0,0,0
"963",0,963,11.289,"$10Mto$50M",0,0,1,0,0,0,0,0
"964",0,964,1.285,"$1Mto$10M",0,0,0,0,0,1,0,0
"965",0,965,24.299999,"$10Mto$50M",0,0,1,0,0,0,0,0
"966",0,966,38.869715,"$10Mto$50M",0,0,1,0,0,0,0,0
"967",0,967,22.800479,"$10Mto$50M",0,0,1,0,0,0,0,0
"968",0,968,1,"Lessthan$1M",0,0,0,0,0,0,1,0
"969",0,969,2.1,"$1Mto$10M",0,0,0,0,0,1,0,0
"970",0,970,229,"$100Mto$500M",0,1,0,0,0,0,0,0
"971",0,971,38,"$10Mto$50M",0,0,1,0,0,0,0,0
"972",0,972,2.35,"$1Mto$10M",0,0,0,0,0,1,0,0
"973",0,973,43.951965,"$10Mto$50M",0,0,1,0,0,0,0,0
"974",0,974,2.735,"$1Mto$10M",0,0,0,0,0,1,0,0
"975",0,975,3,"$1Mto$10M",0,0,0,0,0,1,0,0
"976",0,976,3,"$1Mto$10M",0,0,0,0,0,1,0,0
"977",0,977,2.36,"$1Mto$10M",0,0,0,0,0,1,0,0
"978",0,978,1.9,"$1Mto$10M",0,0,0,0,0,1,0,0
"979",0,979,66.24897,"$50Mto$100M",0,0,0,0,1,0,0,0
"980",0,980,19.925,"$10Mto$50M",0,0,1,0,0,0,0,0
"981",0,981,7.5,"$1Mto$10M",0,0,0,0,0,1,0,0
"982",0,982,15.852,"$10Mto$50M",0,0,1,0,0,0,0,0
"983",0,983,1.1,"$1Mto$10M",0,0,0,0,0,1,0,0
"984",0,984,16.9,"$10Mto$50M",0,0,1,0,0,0,0,0
"985",0,985,4.5,"$1Mto$10M",0,0,0,0,0,1,0,0
"986",0,986,19.5,"$10Mto$50M",0,0,1,0,0,0,0,0
"987",0,987,1.6,"$1Mto$10M",0,0,0,0,0,1,0,0
"988",0,988,4.5,"$1Mto$10M",0,0,0,0,0,1,0,0
"989",0,989,2.2,"$1Mto$10M",0,0,0,0,0,1,0,0
"990",0,990,4.4,"$1Mto$10M",0,0,0,0,0,1,0,0
"991",0,991,5,"$1Mto$10M",0,0,0,0,0,1,0,0
"992",0,992,5.615,"$1Mto$10M",0,0,0,0,0,1,0,0
"993",0,993,33.204871,"$10Mto$50M",0,0,1,0,0,0,0,0
"994",0,994,21.5,"$10Mto$50M",0,0,1,0,0,0,0,0
"995",0,995,2.165656,"$1Mto$10M",0,0,0,0,0,1,0,0
"996",0,996,1.37,"$1Mto$10M",0,0,0,0,0,1,0,0
"997",0,997,101.499,"$100Mto$500M",0,1,0,0,0,0,0,0
"998",0,998,31.1,"$10Mto$50M",0,0,1,0,0,0,0,0
"999",0,999,75,"$50Mto$100M",0,0,0,0,1,0,0,0
"1000",0,1000,9,"$1Mto$10M",0,0,0,0,0,1,0,0
"1001",0,1001,6.6,"$1Mto$10M",0,0,0,0,0,1,0,0
"1002",0,1002,24.980307,"$10Mto$50M",0,0,1,0,0,0,0,0
"1003",0,1003,10.5,"$10Mto$50M",0,0,1,0,0,0,0,0
"1004",0,1004,25,"$10Mto$50M",0,0,1,0,0,0,0,0
"1005",0,1005,3.5,"$1Mto$10M",0,0,0,0,0,1,0,0
"1006",0,1006,8.774,"$1Mto$10M",0,0,0,0,0,1,0,0
"1007",0,1007,1.925,"$1Mto$10M",0,0,0,0,0,1,0,0
"1008",0,1008,1.555,"$1Mto$10M",0,0,0,0,0,1,0,0
"1009",0,1009,108.397653,"$100Mto$500M",0,1,0,0,0,0,0,0
"1010",0,1010,0.1,"Lessthan$1M",0,0,0,0,0,0,1,0
"1011",0,1011,5.472118,"$1Mto$10M",0,0,0,0,0,1,0,0
"1012",0,1012,1.67,"$1Mto$10M",0,0,0,0,0,1,0,0
"1013",0,1013,4.690775,"$1Mto$10M",0,0,0,0,0,1,0,0
"1014",0,1014,1.25,"$1Mto$10M",0,0,0,0,0,1,0,0
"1015",0,1015,0.620814,"Lessthan$1M",0,0,0,0,0,0,1,0
"1016",0,1016,3.07684,"$1Mto$10M",0,0,0,0,0,1,0,0
"1017",0,1017,0.465,"Lessthan$1M",0,0,0,0,0,0,1,0
"1018",0,1018,9,"$1Mto$10M",0,0,0,0,0,1,0,0
"1019",0,1019,106.241437,"$100Mto$500M",0,1,0,0,0,0,0,0
"1020",0,1020,10.6,"$10Mto$50M",0,0,1,0,0,0,0,0
"1021",0,1021,4,"$1Mto$10M",0,0,0,0,0,1,0,0
"1022",0,1022,8,"$1Mto$10M",0,0,0,0,0,1,0,0
"1023",0,1023,3.395,"$1Mto$10M",0,0,0,0,0,1,0,0
"1024",0,1024,7.65,"$1Mto$10M",0,0,0,0,0,1,0,0
"1025",0,1025,2.795,"$1Mto$10M",0,0,0,0,0,1,0,0
"1026",0,1026,1.2,"$1Mto$10M",0,0,0,0,0,1,0,0
"1027",0,1027,8,"$1Mto$10M",0,0,0,0,0,1,0,0
"1028",0,1028,1,"Lessthan$1M",0,0,0,0,0,0,1,0
"1029",0,1029,19,"$10Mto$50M",0,0,1,0,0,0,0,0
"1030",0,1030,9,"$1Mto$10M",0,0,0,0,0,1,0,0
"1031",0,1031,0.82,"Lessthan$1M",0,0,0,0,0,0,1,0
"1032",0,1032,0.1,"Lessthan$1M",0,0,0,0,0,0,1,0
"1033",0,1033,2.275,"$1Mto$10M",0,0,0,0,0,1,0,0
"1034",0,1034,3.5,"$1Mto$10M",0,0,0,0,0,1,0,0
"1035",0,1035,1.5,"$1Mto$10M",0,0,0,0,0,1,0,0
"1036",0,1036,2,"$1Mto$10M",0,0,0,0,0,1,0,0
"1037",0,1037,8.5,"$1Mto$10M",0,0,0,0,0,1,0,0
"1038",0,1038,2.046295,"$1Mto$10M",0,0,0,0,0,1,0,0
"1039",0,1039,200,"$100Mto$500M",0,1,0,0,0,0,0,0
"1040",0,1040,1.2,"$1Mto$10M",0,0,0,0,0,1,0,0
"1041",0,1041,2.1,"$1Mto$10M",0,0,0,0,0,1,0,0
"1042",0,1042,2.5,"$1Mto$10M",0,0,0,0,0,1,0,0
"1043",0,1043,4.3,"$1Mto$10M",0,0,0,0,0,1,0,0
"1044",0,1044,53.498195,"$50Mto$100M",0,0,0,0,1,0,0,0
"1045",0,1045,59.624999,"$50Mto$100M",0,0,0,0,1,0,0,0
"1046",0,1046,18.9,"$10Mto$50M",0,0,1,0,0,0,0,0
"1047",0,1047,133,"$100Mto$500M",0,1,0,0,0,0,0,0
"1048",0,1048,1.1,"$1Mto$10M",0,0,0,0,0,1,0,0
"1049",0,1049,45.825885,"$10Mto$50M",0,0,1,0,0,0,0,0
"1050",0,1050,1,"Lessthan$1M",0,0,0,0,0,0,1,0
"1051",0,1051,2.160862,"$1Mto$10M",0,0,0,0,0,1,0,0
"1052",0,1052,2,"$1Mto$10M",0,0,0,0,0,1,0,0
"1053",0,1053,33.6,"$10Mto$50M",0,0,1,0,0,0,0,0
"1054",0,1054,124.764,"$100Mto$500M",0,1,0,0,0,0,0,0
"1055",0,1055,1,"Lessthan$1M",0,0,0,0,0,0,1,0
"1056",0,1056,250,"$100Mto$500M",0,1,0,0,0,0,0,0
"1057",0,1057,65.1,"$50Mto$100M",0,0,0,0,1,0,0,0
"1058",0,1058,2.5,"$1Mto$10M",0,0,0,0,0,1,0,0
"1059",0,1059,6.45,"$1Mto$10M",0,0,0,0,0,1,0,0
"1060",0,1060,2.5,"$1Mto$10M",0,0,0,0,0,1,0,0
"1061",0,1061,3.55,"$1Mto$10M",0,0,0,0,0,1,0,0
"1062",0,1062,0.15,"Lessthan$1M",0,0,0,0,0,0,1,0
"1063",0,1063,NA,NA,NA,NA,NA,NA,NA,NA,NA,1
"1064",0,1064,10,"$1Mto$10M",0,0,0,0,0,1,0,0
"1065",0,1065,8.25,"$1Mto$10M",0,0,0,0,0,1,0,0
"1066",0,1066,2.5,"$1Mto$10M",0,0,0,0,0,1,0,0
"1067",0,1067,4.7,"$1Mto$10M",0,0,0,0,0,1,0,0
"1068",0,1068,126,"$100Mto$500M",0,1,0,0,0,0,0,0
"1069",0,1069,0.55,"Lessthan$1M",0,0,0,0,0,0,1,0
"1070",0,1070,11,"$10Mto$50M",0,0,1,0,0,0,0,0
"1071",0,1071,460,"$100Mto$500M",0,1,0,0,0,0,0,0
"1072",0,1072,95.5,"$50Mto$100M",0,0,0,0,1,0,0,0
"1073",0,1073,3.05,"$1Mto$10M",0,0,0,0,0,1,0,0
"1074",0,1074,15.711,"$10Mto$50M",0,0,1,0,0,0,0,0
"1075",0,1075,2.2,"$1Mto$10M",0,0,0,0,0,1,0,0
"1076",0,1076,33.6,"$10Mto$50M",0,0,1,0,0,0,0,0
"1077",0,1077,2.27487,"$1Mto$10M",0,0,0,0,0,1,0,0
"1078",0,1078,3.9,"$1Mto$10M",0,0,0,0,0,1,0,0
"1079",0,1079,5.999367,"$1Mto$10M",0,0,0,0,0,1,0,0
"1080",0,1080,30,"$10Mto$50M",0,0,1,0,0,0,0,0
"1081",0,1081,NA,NA,NA,NA,NA,NA,NA,NA,NA,1
"1082",0,1082,6.31071,"$1Mto$10M",0,0,0,0,0,1,0,0
"1083",0,1083,13.363514,"$10Mto$50M",0,0,1,0,0,0,0,0
"1084",0,1084,0.83,"Lessthan$1M",0,0,0,0,0,0,1,0
"1085",0,1085,0.1,"Lessthan$1M",0,0,0,0,0,0,1,0
"1086",0,1086,40,"$10Mto$50M",0,0,1,0,0,0,0,0
"1087",0,1087,120.223562,"$100Mto$500M",0,1,0,0,0,0,0,0
"1088",0,1088,5.2,"$1Mto$10M",0,0,0,0,0,1,0,0
"1089",0,1089,12.870807,"$10Mto$50M",0,0,1,0,0,0,0,0
"1090",0,1090,0.32,"Lessthan$1M",0,0,0,0,0,0,1,0
"1091",0,1091,7.5,"$1Mto$10M",0,0,0,0,0,1,0,0
"1092",0,1092,18.5,"$10Mto$50M",0,0,1,0,0,0,0,0
"1093",0,1093,2.75,"$1Mto$10M",0,0,0,0,0,1,0,0
"1094",0,1094,0.44,"Lessthan$1M",0,0,0,0,0,0,1,0
"1095",0,1095,0.92,"Lessthan$1M",0,0,0,0,0,0,1,0
"1096",0,1096,7.3,"$1Mto$10M",0,0,0,0,0,1,0,0
"1097",0,1097,1.075,"$1Mto$10M",0,0,0,0,0,1,0,0
"1098",0,1098,16.5,"$10Mto$50M",0,0,1,0,0,0,0,0
"1099",0,1099,5.8,"$1Mto$10M",0,0,0,0,0,1,0,0
"1100",0,1100,5,"$1Mto$10M",0,0,0,0,0,1,0,0
"1101",0,1101,1,"Lessthan$1M",0,0,0,0,0,0,1,0
"1102",0,1102,13.775,"$10Mto$50M",0,0,1,0,0,0,0,0
"1103",0,1103,16.872025,"$10Mto$50M",0,0,1,0,0,0,0,0
"1104",0,1104,40,"$10Mto$50M",0,0,1,0,0,0,0,0
"1105",0,1105,0.9,"Lessthan$1M",0,0,0,0,0,0,1,0
"1106",0,1106,150,"$100Mto$500M",0,1,0,0,0,0,0,0
"1107",0,1107,NA,NA,NA,NA,NA,NA,NA,NA,NA,1
"1108",0,1108,75,"$50Mto$100M",0,0,0,0,1,0,0,0
"1109",0,1109,0.618,"Lessthan$1M",0,0,0,0,0,0,1,0
"1110",0,1110,25.1,"$10Mto$50M",0,0,1,0,0,0,0,0
"1111",0,1111,42.038839,"$10Mto$50M",0,0,1,0,0,0,0,0
"1112",0,1112,38.345,"$10Mto$50M",0,0,1,0,0,0,0,0
"1113",0,1113,1.285,"$1Mto$10M",0,0,0,0,0,1,0,0
"1114",0,1114,1.1,"$1Mto$10M",0,0,0,0,0,1,0,0
"1115",0,1115,2,"$1Mto$10M",0,0,0,0,0,1,0,0
"1116",0,1116,5,"$1Mto$10M",0,0,0,0,0,1,0,0
"1117",0,1117,6,"$1Mto$10M",0,0,0,0,0,1,0,0
"1118",0,1118,0.13,"Lessthan$1M",0,0,0,0,0,0,1,0
"1119",0,1119,0.15,"Lessthan$1M",0,0,0,0,0,0,1,0
"1120",0,1120,41.6,"$10Mto$50M",0,0,1,0,0,0,0,0
"1121",0,1121,8.7875,"$1Mto$10M",0,0,0,0,0,1,0,0
"1122",0,1122,9.26,"$1Mto$10M",0,0,0,0,0,1,0,0
"1123",0,1123,1.5,"$1Mto$10M",0,0,0,0,0,1,0,0
"1124",0,1124,98.4,"$50Mto$100M",0,0,0,0,1,0,0,0
"1125",0,1125,63.013,"$50Mto$100M",0,0,0,0,1,0,0,0
"1126",0,1126,31.395,"$10Mto$50M",0,0,1,0,0,0,0,0
"1127",0,1127,0.5,"Lessthan$1M",0,0,0,0,0,0,1,0
"1128",0,1128,5.15275,"$1Mto$10M",0,0,0,0,0,1,0,0
"1129",0,1129,10,"$1Mto$10M",0,0,0,0,0,1,0,0
"1130",0,1130,3.35,"$1Mto$10M",0,0,0,0,0,1,0,0
"1131",0,1131,4,"$1Mto$10M",0,0,0,0,0,1,0,0
"1132",0,1132,2.7,"$1Mto$10M",0,0,0,0,0,1,0,0
"1133",0,1133,7.89414,"$1Mto$10M",0,0,0,0,0,1,0,0
"1134",0,1134,15,"$10Mto$50M",0,0,1,0,0,0,0,0
"1135",0,1135,0.8,"Lessthan$1M",0,0,0,0,0,0,1,0
"1136",0,1136,1.84,"$1Mto$10M",0,0,0,0,0,1,0,0
"1137",0,1137,17.2,"$10Mto$50M",0,0,1,0,0,0,0,0
"1138",0,1138,459.436,"$100Mto$500M",0,1,0,0,0,0,0,0
"1139",0,1139,45.527817,"$10Mto$50M",0,0,1,0,0,0,0,0
"1140",0,1140,3.55,"$1Mto$10M",0,0,0,0,0,1,0,0
"1141",0,1141,1,"Lessthan$1M",0,0,0,0,0,0,1,0
"1142",0,1142,0.822124,"Lessthan$1M",0,0,0,0,0,0,1,0
"1143",0,1143,0.393,"Lessthan$1M",0,0,0,0,0,0,1,0
"1144",0,1144,1.756348,"$1Mto$10M",0,0,0,0,0,1,0,0
"1145",0,1145,36.825,"$10Mto$50M",0,0,1,0,0,0,0,0
"1146",0,1146,13.599205,"$10Mto$50M",0,0,1,0,0,0,0,0
"1147",0,1147,27.5,"$10Mto$50M",0,0,1,0,0,0,0,0
"1148",0,1148,2.6,"$1Mto$10M",0,0,0,0,0,1,0,0
"1149",0,1149,1.5,"$1Mto$10M",0,0,0,0,0,1,0,0
"1150",0,1150,5.99201,"$1Mto$10M",0,0,0,0,0,1,0,0
"1151",0,1151,10,"$1Mto$10M",0,0,0,0,0,1,0,0
"1152",0,1152,12.563,"$10Mto$50M",0,0,1,0,0,0,0,0
"1153",0,1153,19.7,"$10Mto$50M",0,0,1,0,0,0,0,0
"1154",0,1154,2,"$1Mto$10M",0,0,0,0,0,1,0,0
"1155",0,1155,36.14,"$10Mto$50M",0,0,1,0,0,0,0,0
"1156",0,1156,13.198854,"$10Mto$50M",0,0,1,0,0,0,0,0
"1157",0,1157,13.999898,"$10Mto$50M",0,0,1,0,0,0,0,0
"1158",0,1158,1,"Lessthan$1M",0,0,0,0,0,0,1,0
"1159",0,1159,0.5,"Lessthan$1M",0,0,0,0,0,0,1,0
"1160",0,1160,2.42,"$1Mto$10M",0,0,0,0,0,1,0,0
"1161",0,1161,10.8,"$10Mto$50M",0,0,1,0,0,0,0,0
"1162",0,1162,20.075,"$10Mto$50M",0,0,1,0,0,0,0,0
"1163",0,1163,12,"$10Mto$50M",0,0,1,0,0,0,0,0
"1164",0,1164,13.320423,"$10Mto$50M",0,0,1,0,0,0,0,0
"1165",0,1165,NA,NA,NA,NA,NA,NA,NA,NA,NA,1
"1166",0,1166,NA,NA,NA,NA,NA,NA,NA,NA,NA,1
"1167",0,1167,9.25,"$1Mto$10M",0,0,0,0,0,1,0,0
"1168",0,1168,0.87,"Lessthan$1M",0,0,0,0,0,0,1,0
"1169",0,1169,5.214285,"$1Mto$10M",0,0,0,0,0,1,0,0
"1170",0,1170,13.499995,"$10Mto$50M",0,0,1,0,0,0,0,0
"1171",0,1171,5.75,"$1Mto$10M",0,0,0,0,0,1,0,0
"1172",0,1172,11,"$10Mto$50M",0,0,1,0,0,0,0,0
"1173",0,1173,7.35,"$1Mto$10M",0,0,0,0,0,1,0,0
"1174",0,1174,7,"$1Mto$10M",0,0,0,0,0,1,0,0
"1175",0,1175,2.475,"$1Mto$10M",0,0,0,0,0,1,0,0
"1176",0,1176,10,"$1Mto$10M",0,0,0,0,0,1,0,0
"1177",0,1177,3.9,"$1Mto$10M",0,0,0,0,0,1,0,0
"1178",0,1178,5.4,"$1Mto$10M",0,0,0,0,0,1,0,0
"1179",0,1179,9.521046,"$1Mto$10M",0,0,0,0,0,1,0,0
"1180",0,1180,1.98,"$1Mto$10M",0,0,0,0,0,1,0,0
"1181",0,1181,1.5,"$1Mto$10M",0,0,0,0,0,1,0,0
"1182",0,1182,5,"$1Mto$10M",0,0,0,0,0,1,0,0
"1183",0,1183,4,"$1Mto$10M",0,0,0,0,0,1,0,0
"1184",0,1184,23.07123,"$10Mto$50M",0,0,1,0,0,0,0,0
"1185",0,1185,15.890877,"$10Mto$50M",0,0,1,0,0,0,0,0
"1186",0,1186,39.942388,"$10Mto$50M",0,0,1,0,0,0,0,0
"1187",0,1187,12.0455,"$10Mto$50M",0,0,1,0,0,0,0,0
"1188",0,1188,1.953255,"$1Mto$10M",0,0,0,0,0,1,0,0
"1189",0,1189,1,"Lessthan$1M",0,0,0,0,0,0,1,0
"1190",0,1190,5,"$1Mto$10M",0,0,0,0,0,1,0,0
"1191",0,1191,23.680864,"$10Mto$50M",0,0,1,0,0,0,0,0
"1192",0,1192,7.29,"$1Mto$10M",0,0,0,0,0,1,0,0
"1193",0,1193,4,"$1Mto$10M",0,0,0,0,0,1,0,0
"1194",0,1194,17,"$10Mto$50M",0,0,1,0,0,0,0,0
"1195",0,1195,24.65,"$10Mto$50M",0,0,1,0,0,0,0,0
"1196",0,1196,2,"$1Mto$10M",0,0,0,0,0,1,0,0
"1197",0,1197,0.97,"Lessthan$1M",0,0,0,0,0,0,1,0
"1198",0,1198,3,"$1Mto$10M",0,0,0,0,0,1,0,0
"1199",0,1199,2,"$1Mto$10M",0,0,0,0,0,1,0,0
"1200",0,1200,3.15,"$1Mto$10M",0,0,0,0,0,1,0,0
"1201",0,1201,1.118,"$1Mto$10M",0,0,0,0,0,1,0,0
"1202",0,1202,10,"$1Mto$10M",0,0,0,0,0,1,0,0
"1203",0,1203,2.5,"$1Mto$10M",0,0,0,0,0,1,0,0
"1204",0,1204,2283.75,"$1Bto$10B",0,0,0,1,0,0,0,0
"1205",0,1205,103,"$100Mto$500M",0,1,0,0,0,0,0,0
"1206",0,1206,1.3,"$1Mto$10M",0,0,0,0,0,1,0,0
"1207",0,1207,70,"$50Mto$100M",0,0,0,0,1,0,0,0
"1208",0,1208,4.532548,"$1Mto$10M",0,0,0,0,0,1,0,0
"1209",0,1209,0.12,"Lessthan$1M",0,0,0,0,0,0,1,0
"1210",0,1210,9.107082,"$1Mto$10M",0,0,0,0,0,1,0,0
"1211",0,1211,355.9,"$100Mto$500M",0,1,0,0,0,0,0,0
"1212",0,1212,0.585,"Lessthan$1M",0,0,0,0,0,0,1,0
"1213",0,1213,1.4,"$1Mto$10M",0,0,0,0,0,1,0,0
"1214",0,1214,1.275,"$1Mto$10M",0,0,0,0,0,1,0,0
"1215",0,1215,3.449999,"$1Mto$10M",0,0,0,0,0,1,0,0
"1216",0,1216,NA,NA,NA,NA,NA,NA,NA,NA,NA,1
"1217",0,1217,1.45,"$1Mto$10M",0,0,0,0,0,1,0,0
"1218",0,1218,5,"$1Mto$10M",0,0,0,0,0,1,0,0
"1219",0,1219,1.5,"$1Mto$10M",0,0,0,0,0,1,0,0
"1220",0,1220,5,"$1Mto$10M",0,0,0,0,0,1,0,0
"1221",0,1221,1.85,"$1Mto$10M",0,0,0,0,0,1,0,0
"1222",0,1222,100,"$50Mto$100M",0,0,0,0,1,0,0,0
"1223",0,1223,0.1,"Lessthan$1M",0,0,0,0,0,0,1,0
"1224",0,1224,1.9,"$1Mto$10M",0,0,0,0,0,1,0,0
"1225",0,1225,1.748,"$1Mto$10M",0,0,0,0,0,1,0,0
"1226",0,1226,2.172242,"$1Mto$10M",0,0,0,0,0,1,0,0
"1227",0,1227,2,"$1Mto$10M",0,0,0,0,0,1,0,0
"1228",0,1228,7.343,"$1Mto$10M",0,0,0,0,0,1,0,0
"1229",0,1229,2,"$1Mto$10M",0,0,0,0,0,1,0,0
"1230",0,1230,4.5,"$1Mto$10M",0,0,0,0,0,1,0,0
"1231",0,1231,8,"$1Mto$10M",0,0,0,0,0,1,0,0
"1232",0,1232,3.3,"$1Mto$10M",0,0,0,0,0,1,0,0
"1233",0,1233,1.625,"$1Mto$10M",0,0,0,0,0,1,0,0
"1234",0,1234,4,"$1Mto$10M",0,0,0,0,0,1,0,0
"1235",0,1235,7.2,"$1Mto$10M",0,0,0,0,0,1,0,0
"1236",0,1236,6.85,"$1Mto$10M",0,0,0,0,0,1,0,0
"1237",0,1237,1.1,"$1Mto$10M",0,0,0,0,0,1,0,0
"1238",0,1238,4.801086,"$1Mto$10M",0,0,0,0,0,1,0,0
"1239",0,1239,110,"$100Mto$500M",0,1,0,0,0,0,0,0
"1240",0,1240,7.29,"$1Mto$10M",0,0,0,0,0,1,0,0
"1241",0,1241,4.375,"$1Mto$10M",0,0,0,0,0,1,0,0
"1242",0,1242,12.5,"$10Mto$50M",0,0,1,0,0,0,0,0
"1243",0,1243,2,"$1Mto$10M",0,0,0,0,0,1,0,0
"1244",0,1244,74.452124,"$50Mto$100M",0,0,0,0,1,0,0,0
"1245",0,1245,25,"$10Mto$50M",0,0,1,0,0,0,0,0
"1246",0,1246,1.5,"$1Mto$10M",0,0,0,0,0,1,0,0
"1247",0,1247,24.531693,"$10Mto$50M",0,0,1,0,0,0,0,0
"1248",0,1248,1,"Lessthan$1M",0,0,0,0,0,0,1,0
"1249",0,1249,2.5,"$1Mto$10M",0,0,0,0,0,1,0,0
"1250",0,1250,16.7,"$10Mto$50M",0,0,1,0,0,0,0,0
"1251",0,1251,5.145702,"$1Mto$10M",0,0,0,0,0,1,0,0
"1252",0,1252,0.275,"Lessthan$1M",0,0,0,0,0,0,1,0
"1253",0,1253,0.15,"Lessthan$1M",0,0,0,0,0,0,1,0
"1254",0,1254,8.1,"$1Mto$10M",0,0,0,0,0,1,0,0
"1255",0,1255,1,"Lessthan$1M",0,0,0,0,0,0,1,0
"1256",0,1256,2.3,"$1Mto$10M",0,0,0,0,0,1,0,0
"1257",0,1257,15.483,"$10Mto$50M",0,0,1,0,0,0,0,0
"1258",0,1258,0.5,"Lessthan$1M",0,0,0,0,0,0,1,0
"1259",0,1259,30,"$10Mto$50M",0,0,1,0,0,0,0,0
"1260",0,1260,3.757998,"$1Mto$10M",0,0,0,0,0,1,0,0
"1261",0,1261,6.331724,"$1Mto$10M",0,0,0,0,0,1,0,0
"1262",0,1262,9.7,"$1Mto$10M",0,0,0,0,0,1,0,0
"1263",0,1263,3,"$1Mto$10M",0,0,0,0,0,1,0,0
"1264",0,1264,19.5,"$10Mto$50M",0,0,1,0,0,0,0,0
"1265",0,1265,3.6,"$1Mto$10M",0,0,0,0,0,1,0,0
"1266",0,1266,1.5,"$1Mto$10M",0,0,0,0,0,1,0,0
"1267",0,1267,43.3,"$10Mto$50M",0,0,1,0,0,0,0,0
"1268",0,1268,110,"$100Mto$500M",0,1,0,0,0,0,0,0
"1269",0,1269,0.5,"Lessthan$1M",0,0,0,0,0,0,1,0
"1270",0,1270,23.61194,"$10Mto$50M",0,0,1,0,0,0,0,0
"1271",0,1271,3.425,"$1Mto$10M",0,0,0,0,0,1,0,0
"1272",0,1272,2.1,"$1Mto$10M",0,0,0,0,0,1,0,0
"1273",0,1273,1,"Lessthan$1M",0,0,0,0,0,0,1,0
"1274",0,1274,1.32,"$1Mto$10M",0,0,0,0,0,1,0,0
"1275",0,1275,2.70848,"$1Mto$10M",0,0,0,0,0,1,0,0
"1276",0,1276,194.889998,"$100Mto$500M",0,1,0,0,0,0,0,0
"1277",0,1277,1.5,"$1Mto$10M",0,0,0,0,0,1,0,0
"1278",0,1278,19,"$10Mto$50M",0,0,1,0,0,0,0,0
"1279",0,1279,0.5,"Lessthan$1M",0,0,0,0,0,0,1,0
"1280",0,1280,8,"$1Mto$10M",0,0,0,0,0,1,0,0
"1281",0,1281,41,"$10Mto$50M",0,0,1,0,0,0,0,0
"1282",0,1282,1,"Lessthan$1M",0,0,0,0,0,0,1,0
"1283",0,1283,24.9,"$10Mto$50M",0,0,1,0,0,0,0,0
"1284",0,1284,3.5,"$1Mto$10M",0,0,0,0,0,1,0,0
"1285",0,1285,1.5,"$1Mto$10M",0,0,0,0,0,1,0,0
"1286",0,1286,3.822,"$1Mto$10M",0,0,0,0,0,1,0,0
"1287",0,1287,5.2,"$1Mto$10M",0,0,0,0,0,1,0,0
"1288",0,1288,35.6,"$10Mto$50M",0,0,1,0,0,0,0,0
"1289",0,1289,16.5,"$10Mto$50M",0,0,1,0,0,0,0,0
"1290",0,1290,23.12,"$10Mto$50M",0,0,1,0,0,0,0,0
"1291",0,1291,40,"$10Mto$50M",0,0,1,0,0,0,0,0
"1292",0,1292,0.308009,"Lessthan$1M",0,0,0,0,0,0,1,0
"1293",0,1293,0.709996,"Lessthan$1M",0,0,0,0,0,0,1,0
"1294",0,1294,0.27,"Lessthan$1M",0,0,0,0,0,0,1,0
"1295",0,1295,7.542,"$1Mto$10M",0,0,0,0,0,1,0,0
"1296",0,1296,5,"$1Mto$10M",0,0,0,0,0,1,0,0
"1297",0,1297,4.777,"$1Mto$10M",0,0,0,0,0,1,0,0
"1298",0,1298,0.898,"Lessthan$1M",0,0,0,0,0,0,1,0
"1299",0,1299,0.0805,"Lessthan$1M",0,0,0,0,0,0,1,0
"1300",0,1300,3.7,"$1Mto$10M",0,0,0,0,0,1,0,0
"1301",0,1301,1,"Lessthan$1M",0,0,0,0,0,0,1,0
"1302",0,1302,2,"$1Mto$10M",0,0,0,0,0,1,0,0
"1303",0,1303,4,"$1Mto$10M",0,0,0,0,0,1,0,0
"1304",0,1304,4.999999,"$1Mto$10M",0,0,0,0,0,1,0,0
"1305",0,1305,19.5,"$10Mto$50M",0,0,1,0,0,0,0,0
"1306",0,1306,28.9524,"$10Mto$50M",0,0,1,0,0,0,0,0
"1307",0,1307,299.9,"$100Mto$500M",0,1,0,0,0,0,0,0
"1308",0,1308,0.875,"Lessthan$1M",0,0,0,0,0,0,1,0
"1309",0,1309,18.50555,"$10Mto$50M",0,0,1,0,0,0,0,0
"1310",0,1310,1.6,"$1Mto$10M",0,0,0,0,0,1,0,0
"1311",0,1311,0.45,"Lessthan$1M",0,0,0,0,0,0,1,0
"1312",0,1312,32.394,"$10Mto$50M",0,0,1,0,0,0,0,0
"1313",0,1313,81.548169,"$50Mto$100M",0,0,0,0,1,0,0,0
"1314",0,1314,21.2234,"$10Mto$50M",0,0,1,0,0,0,0,0
"1315",0,1315,0.15,"Lessthan$1M",0,0,0,0,0,0,1,0
"1316",0,1316,9.76,"$1Mto$10M",0,0,0,0,0,1,0,0
"1317",0,1317,1.65,"$1Mto$10M",0,0,0,0,0,1,0,0
"1318",0,1318,3.5,"$1Mto$10M",0,0,0,0,0,1,0,0
"1319",0,1319,0.625,"Lessthan$1M",0,0,0,0,0,0,1,0
"1320",0,1320,5.829035,"$1Mto$10M",0,0,0,0,0,1,0,0
"1321",0,1321,1.3,"$1Mto$10M",0,0,0,0,0,1,0,0
"1322",0,1322,1.85,"$1Mto$10M",0,0,0,0,0,1,0,0
"1323",0,1323,0.5,"Lessthan$1M",0,0,0,0,0,0,1,0
"1324",0,1324,NA,NA,NA,NA,NA,NA,NA,NA,NA,1
"1325",0,1325,0.425,"Lessthan$1M",0,0,0,0,0,0,1,0
"1326",0,1326,5.833208,"$1Mto$10M",0,0,0,0,0,1,0,0
"1327",0,1327,1.965,"$1Mto$10M",0,0,0,0,0,1,0,0
"1328",0,1328,9.832568,"$1Mto$10M",0,0,0,0,0,1,0,0
"1329",0,1329,5,"$1Mto$10M",0,0,0,0,0,1,0,0
"1330",0,1330,3,"$1Mto$10M",0,0,0,0,0,1,0,0
"1331",0,1331,45.725285,"$10Mto$50M",0,0,1,0,0,0,0,0
"1332",0,1332,0.25,"Lessthan$1M",0,0,0,0,0,0,1,0
"1333",0,1333,1.25,"$1Mto$10M",0,0,0,0,0,1,0,0
"1334",0,1334,233.5,"$100Mto$500M",0,1,0,0,0,0,0,0
"1335",0,1335,0.5,"Lessthan$1M",0,0,0,0,0,0,1,0
"1336",0,1336,9,"$1Mto$10M",0,0,0,0,0,1,0,0
"1337",0,1337,3.525,"$1Mto$10M",0,0,0,0,0,1,0,0
"1338",0,1338,0.5,"Lessthan$1M",0,0,0,0,0,0,1,0
"1339",0,1339,6,"$1Mto$10M",0,0,0,0,0,1,0,0
"1340",0,1340,22.308237,"$10Mto$50M",0,0,1,0,0,0,0,0
"1341",0,1341,31.129878,"$10Mto$50M",0,0,1,0,0,0,0,0
"1342",0,1342,2,"$1Mto$10M",0,0,0,0,0,1,0,0
"1343",0,1343,2.15,"$1Mto$10M",0,0,0,0,0,1,0,0
"1344",0,1344,9,"$1Mto$10M",0,0,0,0,0,1,0,0
"1345",0,1345,4,"$1Mto$10M",0,0,0,0,0,1,0,0
"1346",0,1346,1.93,"$1Mto$10M",0,0,0,0,0,1,0,0
"1347",0,1347,61,"$50Mto$100M",0,0,0,0,1,0,0,0
"1348",0,1348,100,"$50Mto$100M",0,0,0,0,1,0,0,0
"1349",0,1349,1.669691,"$1Mto$10M",0,0,0,0,0,1,0,0
"1350",0,1350,2.5,"$1Mto$10M",0,0,0,0,0,1,0,0
"1351",0,1351,1.281,"$1Mto$10M",0,0,0,0,0,1,0,0
"1352",0,1352,0.15,"Lessthan$1M",0,0,0,0,0,0,1,0
"1353",0,1353,1.990568,"$1Mto$10M",0,0,0,0,0,1,0,0
"1354",0,1354,60,"$50Mto$100M",0,0,0,0,1,0,0,0
"1355",0,1355,63.299998,"$50Mto$100M",0,0,0,0,1,0,0,0
"1356",0,1356,14,"$10Mto$50M",0,0,1,0,0,0,0,0
"1357",0,1357,24,"$10Mto$50M",0,0,1,0,0,0,0,0
"1358",0,1358,3.25,"$1Mto$10M",0,0,0,0,0,1,0,0
"1359",0,1359,1.731706,"$1Mto$10M",0,0,0,0,0,1,0,0
"1360",0,1360,0.258361,"Lessthan$1M",0,0,0,0,0,0,1,0
"1361",0,1361,0.1,"Lessthan$1M",0,0,0,0,0,0,1,0
"1362",0,1362,1.1,"$1Mto$10M",0,0,0,0,0,1,0,0
"1363",0,1363,14,"$10Mto$50M",0,0,1,0,0,0,0,0
"1364",0,1364,0.5,"Lessthan$1M",0,0,0,0,0,0,1,0
"1365",0,1365,3,"$1Mto$10M",0,0,0,0,0,1,0,0
"1366",0,1366,55.3,"$50Mto$100M",0,0,0,0,1,0,0,0
"1367",0,1367,1.21,"$1Mto$10M",0,0,0,0,0,1,0,0
"1368",0,1368,8.9,"$1Mto$10M",0,0,0,0,0,1,0,0
"1369",0,1369,1,"Lessthan$1M",0,0,0,0,0,0,1,0
"1370",0,1370,3,"$1Mto$10M",0,0,0,0,0,1,0,0
"1371",0,1371,3,"$1Mto$10M",0,0,0,0,0,1,0,0
"1372",0,1372,9.499999,"$1Mto$10M",0,0,0,0,0,1,0,0
"1373",0,1373,15,"$10Mto$50M",0,0,1,0,0,0,0,0
"1374",0,1374,2.334934,"$1Mto$10M",0,0,0,0,0,1,0,0
"1375",0,1375,2.33,"$1Mto$10M",0,0,0,0,0,1,0,0
"1376",0,1376,4.32,"$1Mto$10M",0,0,0,0,0,1,0,0
"1377",0,1377,1.255,"$1Mto$10M",0,0,0,0,0,1,0,0
"1378",0,1378,65.187875,"$50Mto$100M",0,0,0,0,1,0,0,0
"1379",0,1379,12.349709,"$10Mto$50M",0,0,1,0,0,0,0,0
"1380",0,1380,2.15,"$1Mto$10M",0,0,0,0,0,1,0,0
"1381",0,1381,4.57,"$1Mto$10M",0,0,0,0,0,1,0,0
"1382",0,1382,2.7,"$1Mto$10M",0,0,0,0,0,1,0,0
"1383",0,1383,0.1,"Lessthan$1M",0,0,0,0,0,0,1,0
"1384",0,1384,8.5,"$1Mto$10M",0,0,0,0,0,1,0,0
"1385",0,1385,22.1,"$10Mto$50M",0,0,1,0,0,0,0,0
"1386",0,1386,30,"$10Mto$50M",0,0,1,0,0,0,0,0
"1387",0,1387,0.55,"Lessthan$1M",0,0,0,0,0,0,1,0
"1388",0,1388,1.5,"$1Mto$10M",0,0,0,0,0,1,0,0
"1389",0,1389,0.064,"Lessthan$1M",0,0,0,0,0,0,1,0
"1390",0,1390,4.6,"$1Mto$10M",0,0,0,0,0,1,0,0
"1391",0,1391,5.948793,"$1Mto$10M",0,0,0,0,0,1,0,0
"1392",0,1392,5.2,"$1Mto$10M",0,0,0,0,0,1,0,0
"1393",0,1393,0.199999,"Lessthan$1M",0,0,0,0,0,0,1,0
"1394",0,1394,12.184266,"$10Mto$50M",0,0,1,0,0,0,0,0
"1395",0,1395,0.17,"Lessthan$1M",0,0,0,0,0,0,1,0
"1396",0,1396,9.45,"$1Mto$10M",0,0,0,0,0,1,0,0
"1397",0,1397,13.5,"$10Mto$50M",0,0,1,0,0,0,0,0
"1398",0,1398,100,"$50Mto$100M",0,0,0,0,1,0,0,0
"1399",0,1399,1,"Lessthan$1M",0,0,0,0,0,0,1,0
"1400",0,1400,9.2,"$1Mto$10M",0,0,0,0,0,1,0,0
"1401",0,1401,0.355,"Lessthan$1M",0,0,0,0,0,0,1,0
"1402",0,1402,1.9,"$1Mto$10M",0,0,0,0,0,1,0,0
"1403",0,1403,1.875,"$1Mto$10M",0,0,0,0,0,1,0,0
"1404",0,1404,42.7,"$10Mto$50M",0,0,1,0,0,0,0,0
"1405",0,1405,6,"$1Mto$10M",0,0,0,0,0,1,0,0
"1406",0,1406,NA,NA,NA,NA,NA,NA,NA,NA,NA,1
"1407",0,1407,1,"Lessthan$1M",0,0,0,0,0,0,1,0
"1408",0,1408,7.3,"$1Mto$10M",0,0,0,0,0,1,0,0
"1409",0,1409,10,"$1Mto$10M",0,0,0,0,0,1,0,0
"1410",0,1410,0.9,"Lessthan$1M",0,0,0,0,0,0,1,0
"1411",0,1411,1.15,"$1Mto$10M",0,0,0,0,0,1,0,0
"1412",0,1412,2.1,"$1Mto$10M",0,0,0,0,0,1,0,0
"1413",0,1413,0.8705,"Lessthan$1M",0,0,0,0,0,0,1,0
"1414",0,1414,0.95,"Lessthan$1M",0,0,0,0,0,0,1,0
"1415",0,1415,0.22093,"Lessthan$1M",0,0,0,0,0,0,1,0
"1416",0,1416,14.9,"$10Mto$50M",0,0,1,0,0,0,0,0
"1417",0,1417,4,"$1Mto$10M",0,0,0,0,0,1,0,0
"1418",0,1418,NA,NA,NA,NA,NA,NA,NA,NA,NA,1
"1419",0,1419,1,"Lessthan$1M",0,0,0,0,0,0,1,0
"1420",0,1420,0.5,"Lessthan$1M",0,0,0,0,0,0,1,0
"1421",0,1421,0.2,"Lessthan$1M",0,0,0,0,0,0,1,0
"1422",0,1422,0.15,"Lessthan$1M",0,0,0,0,0,0,1,0
"1423",0,1423,NA,NA,NA,NA,NA,NA,NA,NA,NA,1
"1424",0,1424,110,"$100Mto$500M",0,1,0,0,0,0,0,0
"1425",0,1425,NA,NA,NA,NA,NA,NA,NA,NA,NA,1
"1426",0,1426,31.86,"$10Mto$50M",0,0,1,0,0,0,0,0
"1427",0,1427,NA,NA,NA,NA,NA,NA,NA,NA,NA,1
"1428",0,1428,0.5,"Lessthan$1M",0,0,0,0,0,0,1,0
"1429",0,1429,0.75,"Lessthan$1M",0,0,0,0,0,0,1,0
"1430",0,1430,21,"$10Mto$50M",0,0,1,0,0,0,0,0
"1431",0,1431,80,"$50Mto$100M",0,0,0,0,1,0,0,0
"1432",0,1432,1,"Lessthan$1M",0,0,0,0,0,0,1,0
"1433",0,1433,15.5,"$10Mto$50M",0,0,1,0,0,0,0,0
"1434",0,1434,3.5,"$1Mto$10M",0,0,0,0,0,1,0,0
"1435",0,1435,2,"$1Mto$10M",0,0,0,0,0,1,0,0
"1436",0,1436,0.45,"Lessthan$1M",0,0,0,0,0,0,1,0
"1437",0,1437,1.97,"$1Mto$10M",0,0,0,0,0,1,0,0
"1438",0,1438,29.835989,"$10Mto$50M",0,0,1,0,0,0,0,0
"1439",0,1439,13.7,"$10Mto$50M",0,0,1,0,0,0,0,0
"1440",0,1440,0.43,"Lessthan$1M",0,0,0,0,0,0,1,0
"1441",0,1441,23,"$10Mto$50M",0,0,1,0,0,0,0,0
"1442",0,1442,10.5,"$10Mto$50M",0,0,1,0,0,0,0,0
"1443",0,1443,3,"$1Mto$10M",0,0,0,0,0,1,0,0
"1444",0,1444,1.182,"$1Mto$10M",0,0,0,0,0,1,0,0
"1445",0,1445,0.4,"Lessthan$1M",0,0,0,0,0,0,1,0
"1446",0,1446,9.458,"$1Mto$10M",0,0,0,0,0,1,0,0
"1447",0,1447,4.327595,"$1Mto$10M",0,0,0,0,0,1,0,0
"1448",0,1448,2,"$1Mto$10M",0,0,0,0,0,1,0,0
"1449",0,1449,1.1,"$1Mto$10M",0,0,0,0,0,1,0,0
"1450",0,1450,3,"$1Mto$10M",0,0,0,0,0,1,0,0
"1451",0,1451,NA,NA,NA,NA,NA,NA,NA,NA,NA,1
"1452",0,1452,5.8,"$1Mto$10M",0,0,0,0,0,1,0,0
"1453",0,1453,NA,NA,NA,NA,NA,NA,NA,NA,NA,1
"1454",0,1454,3.038005,"$1Mto$10M",0,0,0,0,0,1,0,0
"1455",0,1455,15,"$10Mto$50M",0,0,1,0,0,0,0,0
"1456",0,1456,2.25,"$1Mto$10M",0,0,0,0,0,1,0,0
"1457",0,1457,1.1,"$1Mto$10M",0,0,0,0,0,1,0,0
"1458",0,1458,3.54125,"$1Mto$10M",0,0,0,0,0,1,0,0
"1459",0,1459,9,"$1Mto$10M",0,0,0,0,0,1,0,0
"1460",0,1460,68.176045,"$50Mto$100M",0,0,0,0,1,0,0,0
"1461",0,1461,4,"$1Mto$10M",0,0,0,0,0,1,0,0
"1462",0,1462,2.405,"$1Mto$10M",0,0,0,0,0,1,0,0
"1463",0,1463,6.662461,"$1Mto$10M",0,0,0,0,0,1,0,0
"1464",0,1464,95,"$50Mto$100M",0,0,0,0,1,0,0,0
"1465",0,1465,1,"Lessthan$1M",0,0,0,0,0,0,1,0
"1466",0,1466,1.5,"$1Mto$10M",0,0,0,0,0,1,0,0
"1467",0,1467,0.4,"Lessthan$1M",0,0,0,0,0,0,1,0
"1468",0,1468,2.85,"$1Mto$10M",0,0,0,0,0,1,0,0
"1469",0,1469,5,"$1Mto$10M",0,0,0,0,0,1,0,0
"1470",0,1470,1.1,"$1Mto$10M",0,0,0,0,0,1,0,0
"1471",0,1471,4.8,"$1Mto$10M",0,0,0,0,0,1,0,0
"1472",0,1472,0.14,"Lessthan$1M",0,0,0,0,0,0,1,0
"1473",0,1473,7.57,"$1Mto$10M",0,0,0,0,0,1,0,0
"1474",0,1474,7.964187,"$1Mto$10M",0,0,0,0,0,1,0,0
"1475",0,1475,1.759797,"$1Mto$10M",0,0,0,0,0,1,0,0
"1476",0,1476,55,"$50Mto$100M",0,0,0,0,1,0,0,0
"1477",0,1477,1.84,"$1Mto$10M",0,0,0,0,0,1,0,0
"1478",0,1478,NA,NA,NA,NA,NA,NA,NA,NA,NA,1
"1479",0,1479,10.8012,"$10Mto$50M",0,0,1,0,0,0,0,0
"1480",0,1480,5.84,"$1Mto$10M",0,0,0,0,0,1,0,0
"1481",0,1481,18,"$10Mto$50M",0,0,1,0,0,0,0,0
"1482",0,1482,96,"$50Mto$100M",0,0,0,0,1,0,0,0
"1483",0,1483,6,"$1Mto$10M",0,0,0,0,0,1,0,0
"1484",0,1484,NA,NA,NA,NA,NA,NA,NA,NA,NA,1
"1485",0,1485,5.47347,"$1Mto$10M",0,0,0,0,0,1,0,0
"1486",0,1486,3,"$1Mto$10M",0,0,0,0,0,1,0,0
"1487",0,1487,1.5,"$1Mto$10M",0,0,0,0,0,1,0,0
"1488",0,1488,1.55,"$1Mto$10M",0,0,0,0,0,1,0,0
"1489",0,1489,2.2,"$1Mto$10M",0,0,0,0,0,1,0,0
"1490",0,1490,2.5,"$1Mto$10M",0,0,0,0,0,1,0,0
"1491",0,1491,1.85,"$1Mto$10M",0,0,0,0,0,1,0,0
"1492",0,1492,3.42649,"$1Mto$10M",0,0,0,0,0,1,0,0
"1493",0,1493,0.6,"Lessthan$1M",0,0,0,0,0,0,1,0
"1494",0,1494,0.155,"Lessthan$1M",0,0,0,0,0,0,1,0
"1495",0,1495,3.687948,"$1Mto$10M",0,0,0,0,0,1,0,0
"1496",0,1496,2.233,"$1Mto$10M",0,0,0,0,0,1,0,0
"1497",0,1497,0.12,"Lessthan$1M",0,0,0,0,0,0,1,0
"1498",0,1498,3,"$1Mto$10M",0,0,0,0,0,1,0,0
"1499",0,1499,0.85,"Lessthan$1M",0,0,0,0,0,0,1,0
"1500",0,1500,0.55,"Lessthan$1M",0,0,0,0,0,0,1,0
"1501",0,1501,33,"$10Mto$50M",0,0,1,0,0,0,0,0
"1502",0,1502,222,"$100Mto$500M",0,1,0,0,0,0,0,0
"1503",0,1503,0.12,"Lessthan$1M",0,0,0,0,0,0,1,0
"1504",0,1504,0.1,"Lessthan$1M",0,0,0,0,0,0,1,0
"1505",0,1505,1.385,"$1Mto$10M",0,0,0,0,0,1,0,0
"1506",0,1506,14.635066,"$10Mto$50M",0,0,1,0,0,0,0,0
"1507",0,1507,NA,NA,NA,NA,NA,NA,NA,NA,NA,1
"1508",0,1508,3,"$1Mto$10M",0,0,0,0,0,1,0,0
"1509",0,1509,2.5,"$1Mto$10M",0,0,0,0,0,1,0,0
"1510",0,1510,2,"$1Mto$10M",0,0,0,0,0,1,0,0
"1511",0,1511,47.118258,"$10Mto$50M",0,0,1,0,0,0,0,0
"1512",0,1512,0.15,"Lessthan$1M",0,0,0,0,0,0,1,0
"1513",0,1513,5.364741,"$1Mto$10M",0,0,0,0,0,1,0,0
"1514",0,1514,8.3,"$1Mto$10M",0,0,0,0,0,1,0,0
"1515",0,1515,6.297035,"$1Mto$10M",0,0,0,0,0,1,0,0
"1516",0,1516,22.8,"$10Mto$50M",0,0,1,0,0,0,0,0
"1517",0,1517,0.01,"Lessthan$1M",0,0,0,0,0,0,1,0
"1518",0,1518,1.025,"$1Mto$10M",0,0,0,0,0,1,0,0
"1519",0,1519,5,"$1Mto$10M",0,0,0,0,0,1,0,0
"1520",0,1520,3.2545,"$1Mto$10M",0,0,0,0,0,1,0,0
"1521",0,1521,6.05,"$1Mto$10M",0,0,0,0,0,1,0,0
"1522",0,1522,0.2,"Lessthan$1M",0,0,0,0,0,0,1,0
"1523",0,1523,25.125716,"$10Mto$50M",0,0,1,0,0,0,0,0
"1524",0,1524,NA,NA,NA,NA,NA,NA,NA,NA,NA,1
"1525",0,1525,9.52,"$1Mto$10M",0,0,0,0,0,1,0,0
"1526",0,1526,16.086016,"$10Mto$50M",0,0,1,0,0,0,0,0
"1527",0,1527,1.12,"$1Mto$10M",0,0,0,0,0,1,0,0
"1528",0,1528,32.470645,"$10Mto$50M",0,0,1,0,0,0,0,0
"1529",0,1529,20,"$10Mto$50M",0,0,1,0,0,0,0,0
"1530",0,1530,1.2,"$1Mto$10M",0,0,0,0,0,1,0,0
"1531",0,1531,NA,NA,NA,NA,NA,NA,NA,NA,NA,1
"1532",0,1532,2,"$1Mto$10M",0,0,0,0,0,1,0,0
"1533",0,1533,NA,NA,NA,NA,NA,NA,NA,NA,NA,1
"1534",0,1534,8,"$1Mto$10M",0,0,0,0,0,1,0,0
"1535",0,1535,12.6,"$10Mto$50M",0,0,1,0,0,0,0,0
"1536",0,1536,4.611427,"$1Mto$10M",0,0,0,0,0,1,0,0
"1537",0,1537,1.135762,"$1Mto$10M",0,0,0,0,0,1,0,0
"1538",0,1538,6.637111,"$1Mto$10M",0,0,0,0,0,1,0,0
"1539",0,1539,0.25,"Lessthan$1M",0,0,0,0,0,0,1,0
"1540",0,1540,0.48,"Lessthan$1M",0,0,0,0,0,0,1,0
"1541",0,1541,2.136,"$1Mto$10M",0,0,0,0,0,1,0,0
"1542",0,1542,0.775,"Lessthan$1M",0,0,0,0,0,0,1,0
"1543",0,1543,42,"$10Mto$50M",0,0,1,0,0,0,0,0
"1544",0,1544,5.3,"$1Mto$10M",0,0,0,0,0,1,0,0
"1545",0,1545,61.215079,"$50Mto$100M",0,0,0,0,1,0,0,0
"1546",0,1546,22.75,"$10Mto$50M",0,0,1,0,0,0,0,0
"1547",0,1547,NA,NA,NA,NA,NA,NA,NA,NA,NA,1
"1548",0,1548,1.1,"$1Mto$10M",0,0,0,0,0,1,0,0
"1549",0,1549,2.511538,"$1Mto$10M",0,0,0,0,0,1,0,0
"1550",0,1550,NA,NA,NA,NA,NA,NA,NA,NA,NA,1
"1551",0,1551,0.395,"Lessthan$1M",0,0,0,0,0,0,1,0
"1552",0,1552,67.2,"$50Mto$100M",0,0,0,0,1,0,0,0
"1553",0,1553,1,"Lessthan$1M",0,0,0,0,0,0,1,0
"1554",0,1554,1,"Lessthan$1M",0,0,0,0,0,0,1,0
"1555",0,1555,2.1,"$1Mto$10M",0,0,0,0,0,1,0,0
"1556",0,1556,4.876506,"$1Mto$10M",0,0,0,0,0,1,0,0
"1557",0,1557,10.731643,"$10Mto$50M",0,0,1,0,0,0,0,0
"1558",0,1558,63.979,"$50Mto$100M",0,0,0,0,1,0,0,0
"1559",0,1559,3,"$1Mto$10M",0,0,0,0,0,1,0,0
"1560",0,1560,1.465,"$1Mto$10M",0,0,0,0,0,1,0,0
"1561",0,1561,2.6,"$1Mto$10M",0,0,0,0,0,1,0,0
"1562",0,1562,1.25,"$1Mto$10M",0,0,0,0,0,1,0,0
"1563",0,1563,0.02,"Lessthan$1M",0,0,0,0,0,0,1,0
"1564",0,1564,60,"$50Mto$100M",0,0,0,0,1,0,0,0
"1565",0,1565,3.414453,"$1Mto$10M",0,0,0,0,0,1,0,0
"1566",0,1566,6,"$1Mto$10M",0,0,0,0,0,1,0,0
"1567",0,1567,1.85,"$1Mto$10M",0,0,0,0,0,1,0,0
"1568",0,1568,5,"$1Mto$10M",0,0,0,0,0,1,0,0
"1569",0,1569,1.724498,"$1Mto$10M",0,0,0,0,0,1,0,0
"1570",0,1570,10,"$1Mto$10M",0,0,0,0,0,1,0,0
"1571",0,1571,0.12,"Lessthan$1M",0,0,0,0,0,0,1,0
"1572",0,1572,7.3,"$1Mto$10M",0,0,0,0,0,1,0,0
"1573",0,1573,2,"$1Mto$10M",0,0,0,0,0,1,0,0
"1574",0,1574,4.238332,"$1Mto$10M",0,0,0,0,0,1,0,0
"1575",0,1575,13.3,"$10Mto$50M",0,0,1,0,0,0,0,0
"1576",0,1576,2.07,"$1Mto$10M",0,0,0,0,0,1,0,0
"1577",0,1577,0.2,"Lessthan$1M",0,0,0,0,0,0,1,0
"1578",0,1578,3.470248,"$1Mto$10M",0,0,0,0,0,1,0,0
"1579",0,1579,5.225,"$1Mto$10M",0,0,0,0,0,1,0,0
"1580",0,1580,7,"$1Mto$10M",0,0,0,0,0,1,0,0
"1581",0,1581,8.00002,"$1Mto$10M",0,0,0,0,0,1,0,0
"1582",0,1582,10.717686,"$10Mto$50M",0,0,1,0,0,0,0,0
"1583",0,1583,21,"$10Mto$50M",0,0,1,0,0,0,0,0
"1584",0,1584,65.199999,"$50Mto$100M",0,0,0,0,1,0,0,0
"1585",0,1585,1.5,"$1Mto$10M",0,0,0,0,0,1,0,0
"1586",0,1586,0.511,"Lessthan$1M",0,0,0,0,0,0,1,0
"1587",0,1587,0.15,"Lessthan$1M",0,0,0,0,0,0,1,0
"1588",0,1588,8,"$1Mto$10M",0,0,0,0,0,1,0,0
"1589",0,1589,1,"Lessthan$1M",0,0,0,0,0,0,1,0
"1590",0,1590,NA,NA,NA,NA,NA,NA,NA,NA,NA,1
"1591",0,1591,6.22,"$1Mto$10M",0,0,0,0,0,1,0,0
"1592",0,1592,12,"$10Mto$50M",0,0,1,0,0,0,0,0
"1593",0,1593,43.52501,"$10Mto$50M",0,0,1,0,0,0,0,0
"1594",0,1594,1.0105,"$1Mto$10M",0,0,0,0,0,1,0,0
"1595",0,1595,0.5,"Lessthan$1M",0,0,0,0,0,0,1,0
"1596",0,1596,9.378646,"$1Mto$10M",0,0,0,0,0,1,0,0
"1597",0,1597,1,"Lessthan$1M",0,0,0,0,0,0,1,0
"1598",0,1598,0.445,"Lessthan$1M",0,0,0,0,0,0,1,0
"1599",0,1599,16.648351,"$10Mto$50M",0,0,1,0,0,0,0,0
"1600",0,1600,NA,NA,NA,NA,NA,NA,NA,NA,NA,1
"1601",0,1601,0.165,"Lessthan$1M",0,0,0,0,0,0,1,0
"1602",0,1602,20,"$10Mto$50M",0,0,1,0,0,0,0,0
"1603",0,1603,6.35,"$1Mto$10M",0,0,0,0,0,1,0,0
"1604",0,1604,3.5,"$1Mto$10M",0,0,0,0,0,1,0,0
"1605",0,1605,0.844,"Lessthan$1M",0,0,0,0,0,0,1,0
"1606",0,1606,14,"$10Mto$50M",0,0,1,0,0,0,0,0
"1607",0,1607,2.5,"$1Mto$10M",0,0,0,0,0,1,0,0
"1608",0,1608,0.715,"Lessthan$1M",0,0,0,0,0,0,1,0
"1609",0,1609,2.985,"$1Mto$10M",0,0,0,0,0,1,0,0
"1610",0,1610,2.395,"$1Mto$10M",0,0,0,0,0,1,0,0
"1611",0,1611,0.3,"Lessthan$1M",0,0,0,0,0,0,1,0
"1612",0,1612,0.25,"Lessthan$1M",0,0,0,0,0,0,1,0
"1613",0,1613,1,"Lessthan$1M",0,0,0,0,0,0,1,0
"1614",0,1614,3,"$1Mto$10M",0,0,0,0,0,1,0,0
"1615",0,1615,NA,NA,NA,NA,NA,NA,NA,NA,NA,1
"1616",0,1616,1,"Lessthan$1M",0,0,0,0,0,0,1,0
"1617",0,1617,95.375917,"$50Mto$100M",0,0,0,0,1,0,0,0
"1618",0,1618,NA,NA,NA,NA,NA,NA,NA,NA,NA,1
"1619",0,1619,48.7,"$10Mto$50M",0,0,1,0,0,0,0,0
"1620",0,1620,15.816642,"$10Mto$50M",0,0,1,0,0,0,0,0
"1621",0,1621,58.5,"$50Mto$100M",0,0,0,0,1,0,0,0
"1622",0,1622,0.27,"Lessthan$1M",0,0,0,0,0,0,1,0
"1623",0,1623,2.075,"$1Mto$10M",0,0,0,0,0,1,0,0
"1624",0,1624,30.059996,"$10Mto$50M",0,0,1,0,0,0,0,0
"1625",0,1625,2,"$1Mto$10M",0,0,0,0,0,1,0,0
"1626",0,1626,NA,NA,NA,NA,NA,NA,NA,NA,NA,1
"1627",0,1627,13.595,"$10Mto$50M",0,0,1,0,0,0,0,0
"1628",0,1628,12.2,"$10Mto$50M",0,0,1,0,0,0,0,0
"1629",0,1629,75,"$50Mto$100M",0,0,0,0,1,0,0,0
"1630",0,1630,1.25,"$1Mto$10M",0,0,0,0,0,1,0,0
"1631",0,1631,NA,NA,NA,NA,NA,NA,NA,NA,NA,1
"1632",0,1632,NA,NA,NA,NA,NA,NA,NA,NA,NA,1
"1633",0,1633,1.205,"$1Mto$10M",0,0,0,0,0,1,0,0
"1634",0,1634,0.125,"Lessthan$1M",0,0,0,0,0,0,1,0
"1635",0,1635,0.75,"Lessthan$1M",0,0,0,0,0,0,1,0
"1636",0,1636,15.282497,"$10Mto$50M",0,0,1,0,0,0,0,0
"1637",0,1637,5,"$1Mto$10M",0,0,0,0,0,1,0,0
"1638",0,1638,8,"$1Mto$10M",0,0,0,0,0,1,0,0
"1639",0,1639,6.249997,"$1Mto$10M",0,0,0,0,0,1,0,0
"1640",0,1640,20.8,"$10Mto$50M",0,0,1,0,0,0,0,0
"1641",0,1641,8.721562,"$1Mto$10M",0,0,0,0,0,1,0,0
"1642",0,1642,0.125,"Lessthan$1M",0,0,0,0,0,0,1,0
"1643",0,1643,38.099999,"$10Mto$50M",0,0,1,0,0,0,0,0
"1644",0,1644,12.5,"$10Mto$50M",0,0,1,0,0,0,0,0
"1645",0,1645,0.245,"Lessthan$1M",0,0,0,0,0,0,1,0
"1646",0,1646,2.0055,"$1Mto$10M",0,0,0,0,0,1,0,0
"1647",0,1647,1,"Lessthan$1M",0,0,0,0,0,0,1,0
"1648",0,1648,10,"$1Mto$10M",0,0,0,0,0,1,0,0
"1649",0,1649,0.6,"Lessthan$1M",0,0,0,0,0,0,1,0
"1650",0,1650,28.92694,"$10Mto$50M",0,0,1,0,0,0,0,0
"1651",0,1651,4.5,"$1Mto$10M",0,0,0,0,0,1,0,0
"1652",0,1652,4.139003,"$1Mto$10M",0,0,0,0,0,1,0,0
"1653",0,1653,1.61,"$1Mto$10M",0,0,0,0,0,1,0,0
"1654",0,1654,2.5,"$1Mto$10M",0,0,0,0,0,1,0,0
"1655",0,1655,9.64,"$1Mto$10M",0,0,0,0,0,1,0,0
"1656",0,1656,1.495,"$1Mto$10M",0,0,0,0,0,1,0,0
"1657",0,1657,9.02346,"$1Mto$10M",0,0,0,0,0,1,0,0
"1658",0,1658,1.2,"$1Mto$10M",0,0,0,0,0,1,0,0
"1659",0,1659,1.865,"$1Mto$10M",0,0,0,0,0,1,0,0
"1660",0,1660,3,"$1Mto$10M",0,0,0,0,0,1,0,0
"1661",0,1661,2,"$1Mto$10M",0,0,0,0,0,1,0,0
"1662",0,1662,92.91087,"$50Mto$100M",0,0,0,0,1,0,0,0
"1663",0,1663,NA,NA,NA,NA,NA,NA,NA,NA,NA,1
"1664",0,1664,1.3988,"$1Mto$10M",0,0,0,0,0,1,0,0
"1665",0,1665,5,"$1Mto$10M",0,0,0,0,0,1,0,0
"1666",0,1666,9.506102,"$1Mto$10M",0,0,0,0,0,1,0,0
"1667",0,1667,NA,NA,NA,NA,NA,NA,NA,NA,NA,1
"1668",0,1668,4.5,"$1Mto$10M",0,0,0,0,0,1,0,0
"1669",0,1669,1.5,"$1Mto$10M",0,0,0,0,0,1,0,0
"1670",0,1670,0.15,"Lessthan$1M",0,0,0,0,0,0,1,0
"1671",0,1671,17.50568,"$10Mto$50M",0,0,1,0,0,0,0,0
"1672",0,1672,6.47,"$1Mto$10M",0,0,0,0,0,1,0,0
"1673",0,1673,184,"$100Mto$500M",0,1,0,0,0,0,0,0
"1674",0,1674,3.325,"$1Mto$10M",0,0,0,0,0,1,0,0
"1675",0,1675,0.32,"Lessthan$1M",0,0,0,0,0,0,1,0
"1676",0,1676,29.73558,"$10Mto$50M",0,0,1,0,0,0,0,0
"1677",0,1677,4.5,"$1Mto$10M",0,0,0,0,0,1,0,0
"1678",0,1678,0.1,"Lessthan$1M",0,0,0,0,0,0,1,0
"1679",0,1679,0.95,"Lessthan$1M",0,0,0,0,0,0,1,0
"1680",0,1680,11,"$10Mto$50M",0,0,1,0,0,0,0,0
"1681",0,1681,44.500025,"$10Mto$50M",0,0,1,0,0,0,0,0
"1682",0,1682,50,"$10Mto$50M",0,0,1,0,0,0,0,0
"1683",0,1683,0.5,"Lessthan$1M",0,0,0,0,0,0,1,0
"1684",0,1684,0.65,"Lessthan$1M",0,0,0,0,0,0,1,0
"1685",0,1685,0.8,"Lessthan$1M",0,0,0,0,0,0,1,0
"1686",0,1686,24.35581,"$10Mto$50M",0,0,1,0,0,0,0,0
"1687",0,1687,5,"$1Mto$10M",0,0,0,0,0,1,0,0
"1688",0,1688,NA,NA,NA,NA,NA,NA,NA,NA,NA,1
"1689",0,1689,1.72,"$1Mto$10M",0,0,0,0,0,1,0,0
"1690",0,1690,12.1,"$10Mto$50M",0,0,1,0,0,0,0,0
"1691",0,1691,6,"$1Mto$10M",0,0,0,0,0,1,0,0
"1692",0,1692,10.75,"$10Mto$50M",0,0,1,0,0,0,0,0
"1693",0,1693,0.2,"Lessthan$1M",0,0,0,0,0,0,1,0
"1694",0,1694,30,"$10Mto$50M",0,0,1,0,0,0,0,0
"1695",0,1695,6.75,"$1Mto$10M",0,0,0,0,0,1,0,0
"1696",0,1696,4,"$1Mto$10M",0,0,0,0,0,1,0,0
"1697",0,1697,1.111026,"$1Mto$10M",0,0,0,0,0,1,0,0
"1698",0,1698,2.5,"$1Mto$10M",0,0,0,0,0,1,0,0
"1699",0,1699,0.11,"Lessthan$1M",0,0,0,0,0,0,1,0
"1700",0,1700,33,"$10Mto$50M",0,0,1,0,0,0,0,0
"1701",0,1701,15,"$10Mto$50M",0,0,1,0,0,0,0,0
"1702",0,1702,0.3,"Lessthan$1M",0,0,0,0,0,0,1,0
"1703",0,1703,1.65,"$1Mto$10M",0,0,0,0,0,1,0,0
"1704",0,1704,0.6,"Lessthan$1M",0,0,0,0,0,0,1,0
"1705",0,1705,2.1051,"$1Mto$10M",0,0,0,0,0,1,0,0
"1706",0,1706,34.9,"$10Mto$50M",0,0,1,0,0,0,0,0
"1707",0,1707,3.6,"$1Mto$10M",0,0,0,0,0,1,0,0
"1708",0,1708,5.515,"$1Mto$10M",0,0,0,0,0,1,0,0
"1709",0,1709,0.3,"Lessthan$1M",0,0,0,0,0,0,1,0
"1710",0,1710,0.2,"Lessthan$1M",0,0,0,0,0,0,1,0
"1711",0,1711,1,"Lessthan$1M",0,0,0,0,0,0,1,0
"1712",0,1712,0.75,"Lessthan$1M",0,0,0,0,0,0,1,0
"1713",0,1713,NA,NA,NA,NA,NA,NA,NA,NA,NA,1
"1714",0,1714,3.5,"$1Mto$10M",0,0,0,0,0,1,0,0
"1715",0,1715,1.6,"$1Mto$10M",0,0,0,0,0,1,0,0
"1716",0,1716,3.726119,"$1Mto$10M",0,0,0,0,0,1,0,0
"1717",0,1717,0.21,"Lessthan$1M",0,0,0,0,0,0,1,0
"1718",0,1718,0.615,"Lessthan$1M",0,0,0,0,0,0,1,0
"1719",0,1719,3.5,"$1Mto$10M",0,0,0,0,0,1,0,0
"1720",0,1720,22.059,"$10Mto$50M",0,0,1,0,0,0,0,0
"1721",0,1721,0.12,"Lessthan$1M",0,0,0,0,0,0,1,0
"1722",0,1722,0.8,"Lessthan$1M",0,0,0,0,0,0,1,0
"1723",0,1723,3.2,"$1Mto$10M",0,0,0,0,0,1,0,0
"1724",0,1724,15,"$10Mto$50M",0,0,1,0,0,0,0,0
"1725",0,1725,2.15,"$1Mto$10M",0,0,0,0,0,1,0,0
"1726",0,1726,1.6,"$1Mto$10M",0,0,0,0,0,1,0,0
"1727",0,1727,1.25,"$1Mto$10M",0,0,0,0,0,1,0,0
"1728",0,1728,0.15,"Lessthan$1M",0,0,0,0,0,0,1,0
"1729",0,1729,3,"$1Mto$10M",0,0,0,0,0,1,0,0
"1730",0,1730,1.3,"$1Mto$10M",0,0,0,0,0,1,0,0
"1731",0,1731,2.5,"$1Mto$10M",0,0,0,0,0,1,0,0
"1732",0,1732,4,"$1Mto$10M",0,0,0,0,0,1,0,0
"1733",0,1733,1.7,"$1Mto$10M",0,0,0,0,0,1,0,0
"1734",0,1734,0.7,"Lessthan$1M",0,0,0,0,0,0,1,0
"1735",0,1735,0.075,"Lessthan$1M",0,0,0,0,0,0,1,0
"1736",0,1736,1.062,"$1Mto$10M",0,0,0,0,0,1,0,0
"1737",0,1737,45,"$10Mto$50M",0,0,1,0,0,0,0,0
"1738",0,1738,11.7202,"$10Mto$50M",0,0,1,0,0,0,0,0
"1739",0,1739,3,"$1Mto$10M",0,0,0,0,0,1,0,0
"1740",0,1740,13.5,"$10Mto$50M",0,0,1,0,0,0,0,0
"1741",0,1741,3.39,"$1Mto$10M",0,0,0,0,0,1,0,0
"1742",0,1742,1.75,"$1Mto$10M",0,0,0,0,0,1,0,0
"1743",0,1743,42.6,"$10Mto$50M",0,0,1,0,0,0,0,0
"1744",0,1744,0.5,"Lessthan$1M",0,0,0,0,0,0,1,0
"1745",0,1745,NA,NA,NA,NA,NA,NA,NA,NA,NA,1
"1746",0,1746,NA,NA,NA,NA,NA,NA,NA,NA,NA,1
"1747",0,1747,5.2,"$1Mto$10M",0,0,0,0,0,1,0,0
"1748",0,1748,0.755,"Lessthan$1M",0,0,0,0,0,0,1,0
"1749",0,1749,8,"$1Mto$10M",0,0,0,0,0,1,0,0
"1750",0,1750,5.965026,"$1Mto$10M",0,0,0,0,0,1,0,0
"1751",0,1751,0.05,"Lessthan$1M",0,0,0,0,0,0,1,0
"1752",0,1752,0.1,"Lessthan$1M",0,0,0,0,0,0,1,0
"1753",0,1753,7.400453,"$1Mto$10M",0,0,0,0,0,1,0,0
"1754",0,1754,4,"$1Mto$10M",0,0,0,0,0,1,0,0
"1755",0,1755,26.45,"$10Mto$50M",0,0,1,0,0,0,0,0
"1756",0,1756,2,"$1Mto$10M",0,0,0,0,0,1,0,0
"1757",0,1757,0.485,"Lessthan$1M",0,0,0,0,0,0,1,0
"1758",0,1758,4.512999,"$1Mto$10M",0,0,0,0,0,1,0,0
"1759",0,1759,12.8,"$10Mto$50M",0,0,1,0,0,0,0,0
"1760",0,1760,1.3,"$1Mto$10M",0,0,0,0,0,1,0,0
"1761",0,1761,0.215,"Lessthan$1M",0,0,0,0,0,0,1,0
"1762",0,1762,45,"$10Mto$50M",0,0,1,0,0,0,0,0
"1763",0,1763,0.11,"Lessthan$1M",0,0,0,0,0,0,1,0
"1764",0,1764,1.175,"$1Mto$10M",0,0,0,0,0,1,0,0
"1765",0,1765,12,"$10Mto$50M",0,0,1,0,0,0,0,0
"1766",0,1766,1.86,"$1Mto$10M",0,0,0,0,0,1,0,0
"1767",0,1767,0.101,"Lessthan$1M",0,0,0,0,0,0,1,0
"1768",0,1768,1.9,"$1Mto$10M",0,0,0,0,0,1,0,0
"1769",0,1769,43,"$10Mto$50M",0,0,1,0,0,0,0,0
"1770",0,1770,1.3,"$1Mto$10M",0,0,0,0,0,1,0,0
"1771",0,1771,0.5,"Lessthan$1M",0,0,0,0,0,0,1,0
"1772",0,1772,6.192,"$1Mto$10M",0,0,0,0,0,1,0,0
"1773",0,1773,1.918089,"$1Mto$10M",0,0,0,0,0,1,0,0
"1774",0,1774,2.31,"$1Mto$10M",0,0,0,0,0,1,0,0
"1775",0,1775,34.392076,"$10Mto$50M",0,0,1,0,0,0,0,0
"1776",0,1776,0.675,"Lessthan$1M",0,0,0,0,0,0,1,0
"1777",0,1777,2.47,"$1Mto$10M",0,0,0,0,0,1,0,0
"1778",0,1778,2.00018,"$1Mto$10M",0,0,0,0,0,1,0,0
"1779",0,1779,3.179015,"$1Mto$10M",0,0,0,0,0,1,0,0
"1780",0,1780,11,"$10Mto$50M",0,0,1,0,0,0,0,0
"1781",0,1781,5.33,"$1Mto$10M",0,0,0,0,0,1,0,0
"1782",0,1782,10,"$1Mto$10M",0,0,0,0,0,1,0,0
"1783",0,1783,10,"$1Mto$10M",0,0,0,0,0,1,0,0
"1784",0,1784,NA,NA,NA,NA,NA,NA,NA,NA,NA,1
"1785",0,1785,8.5,"$1Mto$10M",0,0,0,0,0,1,0,0
"1786",0,1786,6.52,"$1Mto$10M",0,0,0,0,0,1,0,0
"1787",0,1787,16.014456,"$10Mto$50M",0,0,1,0,0,0,0,0
"1788",0,1788,0.5,"Lessthan$1M",0,0,0,0,0,0,1,0
"1789",0,1789,8.5,"$1Mto$10M",0,0,0,0,0,1,0,0
"1790",0,1790,8.548578,"$1Mto$10M",0,0,0,0,0,1,0,0
"1791",0,1791,0.6,"Lessthan$1M",0,0,0,0,0,0,1,0
"1792",0,1792,0.3,"Lessthan$1M",0,0,0,0,0,0,1,0
"1793",0,1793,2.142329,"$1Mto$10M",0,0,0,0,0,1,0,0
"1794",0,1794,2,"$1Mto$10M",0,0,0,0,0,1,0,0
"1795",0,1795,NA,NA,NA,NA,NA,NA,NA,NA,NA,1
"1796",0,1796,1.395,"$1Mto$10M",0,0,0,0,0,1,0,0
"1797",0,1797,27.7,"$10Mto$50M",0,0,1,0,0,0,0,0
"1798",0,1798,1.38,"$1Mto$10M",0,0,0,0,0,1,0,0
"1799",0,1799,0.82,"Lessthan$1M",0,0,0,0,0,0,1,0
"1800",0,1800,0.7,"Lessthan$1M",0,0,0,0,0,0,1,0
"1801",0,1801,30.6,"$10Mto$50M",0,0,1,0,0,0,0,0
"1802",0,1802,0.75,"Lessthan$1M",0,0,0,0,0,0,1,0
"1803",0,1803,0.6,"Lessthan$1M",0,0,0,0,0,0,1,0
"1804",0,1804,6.594387,"$1Mto$10M",0,0,0,0,0,1,0,0
"1805",0,1805,0.46,"Lessthan$1M",0,0,0,0,0,0,1,0
"1806",0,1806,2,"$1Mto$10M",0,0,0,0,0,1,0,0
"1807",0,1807,1,"Lessthan$1M",0,0,0,0,0,0,1,0
"1808",0,1808,0.4,"Lessthan$1M",0,0,0,0,0,0,1,0
"1809",0,1809,0.1,"Lessthan$1M",0,0,0,0,0,0,1,0
"1810",0,1810,150,"$100Mto$500M",0,1,0,0,0,0,0,0
"1811",0,1811,1.5,"$1Mto$10M",0,0,0,0,0,1,0,0
"1812",0,1812,1.5,"$1Mto$10M",0,0,0,0,0,1,0,0
"1813",0,1813,1.5,"$1Mto$10M",0,0,0,0,0,1,0,0
"1814",0,1814,0.4275,"Lessthan$1M",0,0,0,0,0,0,1,0
"1815",0,1815,1.55,"$1Mto$10M",0,0,0,0,0,1,0,0
"1816",0,1816,12.53395,"$10Mto$50M",0,0,1,0,0,0,0,0
"1817",0,1817,80,"$50Mto$100M",0,0,0,0,1,0,0,0
"1818",0,1818,0.65,"Lessthan$1M",0,0,0,0,0,0,1,0
"1819",0,1819,0.1,"Lessthan$1M",0,0,0,0,0,0,1,0
"1820",0,1820,4,"$1Mto$10M",0,0,0,0,0,1,0,0
"1821",0,1821,2.246627,"$1Mto$10M",0,0,0,0,0,1,0,0
"1822",0,1822,1,"Lessthan$1M",0,0,0,0,0,0,1,0
"1823",0,1823,5.5,"$1Mto$10M",0,0,0,0,0,1,0,0
"1824",0,1824,2.5,"$1Mto$10M",0,0,0,0,0,1,0,0
"1825",0,1825,8,"$1Mto$10M",0,0,0,0,0,1,0,0
"1826",0,1826,1,"Lessthan$1M",0,0,0,0,0,0,1,0
"1827",0,1827,0.281617,"Lessthan$1M",0,0,0,0,0,0,1,0
"1828",0,1828,0.445,"Lessthan$1M",0,0,0,0,0,0,1,0
"1829",0,1829,5,"$1Mto$10M",0,0,0,0,0,1,0,0
"1830",0,1830,6.9625,"$1Mto$10M",0,0,0,0,0,1,0,0
"1831",0,1831,1.19,"$1Mto$10M",0,0,0,0,0,1,0,0
"1832",0,1832,0.145,"Lessthan$1M",0,0,0,0,0,0,1,0
"1833",0,1833,3.05,"$1Mto$10M",0,0,0,0,0,1,0,0
"1834",0,1834,NA,NA,NA,NA,NA,NA,NA,NA,NA,1
"1835",0,1835,1,"Lessthan$1M",0,0,0,0,0,0,1,0
"1836",0,1836,2.9,"$1Mto$10M",0,0,0,0,0,1,0,0
"1837",0,1837,0.297614,"Lessthan$1M",0,0,0,0,0,0,1,0
"1838",0,1838,5,"$1Mto$10M",0,0,0,0,0,1,0,0
"1839",0,1839,1.5,"$1Mto$10M",0,0,0,0,0,1,0,0
"1840",0,1840,10.820373,"$10Mto$50M",0,0,1,0,0,0,0,0
"1841",0,1841,1.168448,"$1Mto$10M",0,0,0,0,0,1,0,0
"1842",0,1842,0.285,"Lessthan$1M",0,0,0,0,0,0,1,0
"1843",0,1843,NA,NA,NA,NA,NA,NA,NA,NA,NA,1
"1844",0,1844,NA,NA,NA,NA,NA,NA,NA,NA,NA,1
"1845",0,1845,5,"$1Mto$10M",0,0,0,0,0,1,0,0
"1846",0,1846,18.518224,"$10Mto$50M",0,0,1,0,0,0,0,0
"1847",0,1847,37.79,"$10Mto$50M",0,0,1,0,0,0,0,0
"1848",0,1848,0.18,"Lessthan$1M",0,0,0,0,0,0,1,0
"1849",0,1849,4.3,"$1Mto$10M",0,0,0,0,0,1,0,0
"1850",0,1850,NA,NA,NA,NA,NA,NA,NA,NA,NA,1
"1851",0,1851,6.1,"$1Mto$10M",0,0,0,0,0,1,0,0
"1852",0,1852,0.475,"Lessthan$1M",0,0,0,0,0,0,1,0
"1853",0,1853,1.5,"$1Mto$10M",0,0,0,0,0,1,0,0
"1854",0,1854,0.165,"Lessthan$1M",0,0,0,0,0,0,1,0
"1855",0,1855,2.4065,"$1Mto$10M",0,0,0,0,0,1,0,0
"1856",0,1856,7,"$1Mto$10M",0,0,0,0,0,1,0,0
"1857",0,1857,0.5,"Lessthan$1M",0,0,0,0,0,0,1,0
"1858",0,1858,258.625546,"$100Mto$500M",0,1,0,0,0,0,0,0
"1859",0,1859,11,"$10Mto$50M",0,0,1,0,0,0,0,0
"1860",0,1860,5.238521,"$1Mto$10M",0,0,0,0,0,1,0,0
"1861",0,1861,1.1,"$1Mto$10M",0,0,0,0,0,1,0,0
"1862",0,1862,3.013,"$1Mto$10M",0,0,0,0,0,1,0,0
"1863",0,1863,1.5,"$1Mto$10M",0,0,0,0,0,1,0,0
"1864",0,1864,4.5,"$1Mto$10M",0,0,0,0,0,1,0,0
"1865",0,1865,1,"Lessthan$1M",0,0,0,0,0,0,1,0
"1866",0,1866,1.172059,"$1Mto$10M",0,0,0,0,0,1,0,0
"1867",0,1867,6.5,"$1Mto$10M",0,0,0,0,0,1,0,0
"1868",0,1868,5,"$1Mto$10M",0,0,0,0,0,1,0,0
"1869",0,1869,4,"$1Mto$10M",0,0,0,0,0,1,0,0
"1870",0,1870,3.6,"$1Mto$10M",0,0,0,0,0,1,0,0
"1871",0,1871,25,"$10Mto$50M",0,0,1,0,0,0,0,0
"1872",0,1872,1.97,"$1Mto$10M",0,0,0,0,0,1,0,0
"1873",0,1873,0.15,"Lessthan$1M",0,0,0,0,0,0,1,0
"1874",0,1874,1,"Lessthan$1M",0,0,0,0,0,0,1,0
"1875",0,1875,4.5,"$1Mto$10M",0,0,0,0,0,1,0,0
"1876",0,1876,0.5,"Lessthan$1M",0,0,0,0,0,0,1,0
"1877",0,1877,NA,NA,NA,NA,NA,NA,NA,NA,NA,1
"1878",0,1878,13,"$10Mto$50M",0,0,1,0,0,0,0,0
"1879",0,1879,0.25,"Lessthan$1M",0,0,0,0,0,0,1,0
"1880",0,1880,0.45,"Lessthan$1M",0,0,0,0,0,0,1,0
"1881",0,1881,NA,NA,NA,NA,NA,NA,NA,NA,NA,1
"1882",0,1882,3.5,"$1Mto$10M",0,0,0,0,0,1,0,0
"1883",0,1883,41.068056,"$10Mto$50M",0,0,1,0,0,0,0,0
"1884",0,1884,3,"$1Mto$10M",0,0,0,0,0,1,0,0
"1885",0,1885,8.5,"$1Mto$10M",0,0,0,0,0,1,0,0
"1886",0,1886,3.233004,"$1Mto$10M",0,0,0,0,0,1,0,0
"1887",0,1887,NA,NA,NA,NA,NA,NA,NA,NA,NA,1
"1888",0,1888,NA,NA,NA,NA,NA,NA,NA,NA,NA,1
"1889",0,1889,0.25,"Lessthan$1M",0,0,0,0,0,0,1,0
"1890",0,1890,0.25,"Lessthan$1M",0,0,0,0,0,0,1,0
"1891",0,1891,3.2,"$1Mto$10M",0,0,0,0,0,1,0,0
"1892",0,1892,0.12,"Lessthan$1M",0,0,0,0,0,0,1,0
"1893",0,1893,0.87,"Lessthan$1M",0,0,0,0,0,0,1,0
"1894",0,1894,6,"$1Mto$10M",0,0,0,0,0,1,0,0
"1895",0,1895,0.26,"Lessthan$1M",0,0,0,0,0,0,1,0
"1896",0,1896,1.85639,"$1Mto$10M",0,0,0,0,0,1,0,0
"1897",0,1897,1.75,"$1Mto$10M",0,0,0,0,0,1,0,0
"1898",0,1898,12.107056,"$10Mto$50M",0,0,1,0,0,0,0,0
"1899",0,1899,8.018885,"$1Mto$10M",0,0,0,0,0,1,0,0
"1900",0,1900,70.94,"$50Mto$100M",0,0,0,0,1,0,0,0
"1901",0,1901,6.05,"$1Mto$10M",0,0,0,0,0,1,0,0
"1902",0,1902,2.5,"$1Mto$10M",0,0,0,0,0,1,0,0
"1903",0,1903,6.2869,"$1Mto$10M",0,0,0,0,0,1,0,0
"1904",0,1904,0.75,"Lessthan$1M",0,0,0,0,0,0,1,0
"1905",0,1905,7.975241,"$1Mto$10M",0,0,0,0,0,1,0,0
"1906",0,1906,0.8,"Lessthan$1M",0,0,0,0,0,0,1,0
"1907",0,1907,0.55,"Lessthan$1M",0,0,0,0,0,0,1,0
"1908",0,1908,1.25,"$1Mto$10M",0,0,0,0,0,1,0,0
"1909",0,1909,0.2,"Lessthan$1M",0,0,0,0,0,0,1,0
"1910",0,1910,2.499967,"$1Mto$10M",0,0,0,0,0,1,0,0
"1911",0,1911,2.2,"$1Mto$10M",0,0,0,0,0,1,0,0
"1912",0,1912,23,"$10Mto$50M",0,0,1,0,0,0,0,0
"1913",0,1913,0.1026,"Lessthan$1M",0,0,0,0,0,0,1,0
"1914",0,1914,0.15,"Lessthan$1M",0,0,0,0,0,0,1,0
"1915",0,1915,0.25,"Lessthan$1M",0,0,0,0,0,0,1,0
"1916",0,1916,0.118,"Lessthan$1M",0,0,0,0,0,0,1,0
"1917",0,1917,0.145,"Lessthan$1M",0,0,0,0,0,0,1,0
"1918",0,1918,5.23044,"$1Mto$10M",0,0,0,0,0,1,0,0
"1919",0,1919,1,"Lessthan$1M",0,0,0,0,0,0,1,0
"1920",0,1920,1.953798,"$1Mto$10M",0,0,0,0,0,1,0,0
"1921",0,1921,0.875,"Lessthan$1M",0,0,0,0,0,0,1,0
"1922",0,1922,0.5,"Lessthan$1M",0,0,0,0,0,0,1,0
"1923",0,1923,1.907543,"$1Mto$10M",0,0,0,0,0,1,0,0
"1924",0,1924,NA,NA,NA,NA,NA,NA,NA,NA,NA,1
"1925",0,1925,0.5,"Lessthan$1M",0,0,0,0,0,0,1,0
"1926",0,1926,20,"$10Mto$50M",0,0,1,0,0,0,0,0
"1927",0,1927,0.04,"Lessthan$1M",0,0,0,0,0,0,1,0
"1928",0,1928,0.12,"Lessthan$1M",0,0,0,0,0,0,1,0
"1929",0,1929,0.64,"Lessthan$1M",0,0,0,0,0,0,1,0
"1930",0,1930,1.8,"$1Mto$10M",0,0,0,0,0,1,0,0
"1931",0,1931,7,"$1Mto$10M",0,0,0,0,0,1,0,0
"1932",0,1932,1.5,"$1Mto$10M",0,0,0,0,0,1,0,0
"1933",0,1933,1.78,"$1Mto$10M",0,0,0,0,0,1,0,0
"1934",0,1934,7.7188,"$1Mto$10M",0,0,0,0,0,1,0,0
"1935",0,1935,200,"$100Mto$500M",0,1,0,0,0,0,0,0
"1936",0,1936,NA,NA,NA,NA,NA,NA,NA,NA,NA,1
"1937",0,1937,6.4,"$1Mto$10M",0,0,0,0,0,1,0,0
"1938",0,1938,10,"$1Mto$10M",0,0,0,0,0,1,0,0
"1939",0,1939,2.3,"$1Mto$10M",0,0,0,0,0,1,0,0
"1940",0,1940,25,"$10Mto$50M",0,0,1,0,0,0,0,0
"1941",0,1941,6,"$1Mto$10M",0,0,0,0,0,1,0,0
"1942",0,1942,3.125007,"$1Mto$10M",0,0,0,0,0,1,0,0
"1943",0,1943,8,"$1Mto$10M",0,0,0,0,0,1,0,0
"1944",0,1944,NA,NA,NA,NA,NA,NA,NA,NA,NA,1
"1945",0,1945,1.5,"$1Mto$10M",0,0,0,0,0,1,0,0
"1946",0,1946,5.757014,"$1Mto$10M",0,0,0,0,0,1,0,0
"1947",0,1947,4,"$1Mto$10M",0,0,0,0,0,1,0,0
"1948",0,1948,2,"$1Mto$10M",0,0,0,0,0,1,0,0
"1949",0,1949,2.5,"$1Mto$10M",0,0,0,0,0,1,0,0
"1950",0,1950,1.275,"$1Mto$10M",0,0,0,0,0,1,0,0
"1951",0,1951,0.37,"Lessthan$1M",0,0,0,0,0,0,1,0
"1952",0,1952,0.12,"Lessthan$1M",0,0,0,0,0,0,1,0
"1953",0,1953,0.55,"Lessthan$1M",0,0,0,0,0,0,1,0
"1954",0,1954,5,"$1Mto$10M",0,0,0,0,0,1,0,0
"1955",0,1955,1.71,"$1Mto$10M",0,0,0,0,0,1,0,0
"1956",0,1956,0.32,"Lessthan$1M",0,0,0,0,0,0,1,0
"1957",0,1957,1.17,"$1Mto$10M",0,0,0,0,0,1,0,0
"1958",0,1958,6.792058,"$1Mto$10M",0,0,0,0,0,1,0,0
"1959",0,1959,NA,NA,NA,NA,NA,NA,NA,NA,NA,1
"1960",0,1960,0.992,"Lessthan$1M",0,0,0,0,0,0,1,0
"1961",0,1961,2.5,"$1Mto$10M",0,0,0,0,0,1,0,0
"1962",0,1962,1.5,"$1Mto$10M",0,0,0,0,0,1,0,0
"1963",0,1963,245.899993,"$100Mto$500M",0,1,0,0,0,0,0,0
"1964",0,1964,8.2,"$1Mto$10M",0,0,0,0,0,1,0,0
"1965",0,1965,21.5,"$10Mto$50M",0,0,1,0,0,0,0,0
"1966",0,1966,1,"Lessthan$1M",0,0,0,0,0,0,1,0
"1967",0,1967,0.1,"Lessthan$1M",0,0,0,0,0,0,1,0
"1968",0,1968,12,"$10Mto$50M",0,0,1,0,0,0,0,0
"1969",0,1969,5.240487,"$1Mto$10M",0,0,0,0,0,1,0,0
"1970",0,1970,0.1,"Lessthan$1M",0,0,0,0,0,0,1,0
"1971",0,1971,0.2,"Lessthan$1M",0,0,0,0,0,0,1,0
"1972",0,1972,0.27,"Lessthan$1M",0,0,0,0,0,0,1,0
"1973",0,1973,NA,NA,NA,NA,NA,NA,NA,NA,NA,1
"1974",0,1974,0.45,"Lessthan$1M",0,0,0,0,0,0,1,0
"1975",0,1975,1,"Lessthan$1M",0,0,0,0,0,0,1,0
"1976",0,1976,15.102417,"$10Mto$50M",0,0,1,0,0,0,0,0
"1977",0,1977,0.12,"Lessthan$1M",0,0,0,0,0,0,1,0
"1978",0,1978,0.75,"Lessthan$1M",0,0,0,0,0,0,1,0
"1979",0,1979,2,"$1Mto$10M",0,0,0,0,0,1,0,0
"1980",0,1980,19.9,"$10Mto$50M",0,0,1,0,0,0,0,0
"1981",0,1981,NA,NA,NA,NA,NA,NA,NA,NA,NA,1
"1982",0,1982,0.46,"Lessthan$1M",0,0,0,0,0,0,1,0
"1983",0,1983,1.9,"$1Mto$10M",0,0,0,0,0,1,0,0
"1984",0,1984,4.1,"$1Mto$10M",0,0,0,0,0,1,0,0
"1985",0,1985,0.2,"Lessthan$1M",0,0,0,0,0,0,1,0
"1986",0,1986,1.4,"$1Mto$10M",0,0,0,0,0,1,0,0
"1987",0,1987,5.04,"$1Mto$10M",0,0,0,0,0,1,0,0
"1988",0,1988,7.5,"$1Mto$10M",0,0,0,0,0,1,0,0
"1989",0,1989,NA,NA,NA,NA,NA,NA,NA,NA,NA,1
"1990",0,1990,91.143286,"$50Mto$100M",0,0,0,0,1,0,0,0
"1991",0,1991,3,"$1Mto$10M",0,0,0,0,0,1,0,0
"1992",0,1992,1,"Lessthan$1M",0,0,0,0,0,0,1,0
"1993",0,1993,0.96,"Lessthan$1M",0,0,0,0,0,0,1,0
"1994",0,1994,1.603,"$1Mto$10M",0,0,0,0,0,1,0,0
"1995",0,1995,NA,NA,NA,NA,NA,NA,NA,NA,NA,1
"1996",0,1996,0.75,"Lessthan$1M",0,0,0,0,0,0,1,0
"1997",0,1997,1.399997,"$1Mto$10M",0,0,0,0,0,1,0,0
"1998",0,1998,1.2,"$1Mto$10M",0,0,0,0,0,1,0,0
"1999",0,1999,1.225,"$1Mto$10M",0,0,0,0,0,1,0,0
"2000",0,2000,1.9,"$1Mto$10M",0,0,0,0,0,1,0,0
